sps 100000
0.0000000 0.0000000 0
-0.0000096 -0.0000097 0
-0.0000378 -0.0000378 0
-0.0000844 -0.0000845 0
-0.0001496 -0.0001496 0
-0.0002333 -0.0002333 0
-0.0003354 -0.0003355 0
-0.0004560 -0.0004561 0
-0.0005952 -0.0005952 0
-0.0007529 -0.0007529 0
-0.0009291 -0.0009291 0
-0.0011237 -0.0011237 0
-0.0013369 -0.0013369 0
-0.0015685 -0.0015685 0
-0.0018187 -0.0018187 0
-0.0020873 -0.0020873 0
-0.0023745 -0.0023744 0
-0.0026801 -0.0026801 0
-0.0030043 -0.0030042 0
-0.0033470 -0.0033469 0
-0.0037081 -0.0037081 0
-0.0040878 -0.0040878 0
-0.0044859 -0.0044859 0
-0.0049026 -0.0049026 0
-0.0053377 -0.0053377 0
-0.0057914 -0.0057914 0
-0.0062644 -0.0062644 0
-0.0067558 -0.0067558 0
-0.0072658 -0.0072658 0
-0.0077942 -0.0077942 0
-0.0083412 -0.0083412 0
-0.0089067 -0.0089067 0
-0.0094906 -0.0094907 0
-0.0100931 -0.0100931 0
-0.0107140 -0.0107141 0
-0.0113535 -0.0113536 0
-0.0120115 -0.0120115 0
-0.0126880 -0.0126880 0
-0.0133829 -0.0133829 0
-0.0140964 -0.0140964 0
-0.0148284 -0.0148284 0
-0.0155788 -0.0155788 0
-0.0163478 -0.0163478 0
-0.0171353 -0.0171353 0
-0.0179412 -0.0179412 0
-0.0187657 -0.0187657 0
-0.0196087 -0.0196087 0
-0.0204701 -0.0204702 0
-0.0213501 -0.0213501 0
-0.0222486 -0.0222486 0
-0.0231655 -0.0231656 0
-0.0241018 -0.0241018 0
-0.0250566 -0.0250566 0
-0.0260298 -0.0260298 0
-0.0270216 -0.0270216 0
-0.0280319 -0.0280319 0
-0.0290607 -0.0290607 0
-0.0301080 -0.0301079 0
-0.0311738 -0.0311737 0
-0.0322580 -0.0322580 0
-0.0333608 -0.0333608 0
-0.0344821 -0.0344821 0
-0.0356219 -0.0356219 0
-0.0367802 -0.0367802 0
-0.0379569 -0.0379569 0
-0.0391522 -0.0391522 0
-0.0403660 -0.0403660 0
-0.0415982 -0.0415982 0
-0.0428490 -0.0428490 0
-0.0441183 -0.0441183 0
-0.0454061 -0.0454061 0
-0.0467123 -0.0467124 0
-0.0480371 -0.0480371 0
-0.0493804 -0.0493805 0
-0.0507423 -0.0507422 0
-0.0521225 -0.0521225 0
-0.0535222 -0.0535221 0
-0.0549402 -0.0549402 0
-0.0563767 -0.0563767 0
-0.0578319 -0.0578319 0
-0.0593055 -0.0593054 0
-0.0607976 -0.0607975 0
-0.0623081 -0.0623081 0
-0.0638372 -0.0638372 0
-0.0653848 -0.0653848 0
-0.0669509 -0.0669509 0
-0.0685354 -0.0685354 0
-0.0701385 -0.0701385 0
-0.0717601 -0.0717602 0
-0.0734002 -0.0734003 0
-0.0750589 -0.0750589 0
-0.0767359 -0.0767359 0
-0.0784315 -0.0784315 0
-0.0801455 -0.0801455 0
-0.0818782 -0.0818782 0
-0.0836293 -0.0836293 0
-0.0853989 -0.0853988 0
-0.0871869 -0.0871869 0
-0.0889935 -0.0889936 0
-0.0908186 -0.0908186 0
-0.0926622 -0.0926622 0
-0.0945252 -0.0945252 0
-0.0964065 -0.0964066 0
-0.0983064 -0.0983064 0
-0.1002248 -0.1002248 0
-0.1021617 -0.1021617 0
-0.1041171 -0.1041171 0
-0.1060911 -0.1060910 0
-0.1080834 -0.1080834 0
-0.1100943 -0.1100943 0
-0.1121238 -0.1121237 0
-0.1141716 -0.1141716 0
-0.1162380 -0.1162380 0
-0.1183229 -0.1183230 0
-0.1204263 -0.1204263 0
-0.1225483 -0.1225482 0
-0.1246886 -0.1246887 0
-0.1268475 -0.1268475 0
-0.1290249 -0.1290249 0
-0.1312209 -0.1312208 0
-0.1334353 -0.1334352 0
-0.1356681 -0.1356681 0
-0.1379195 -0.1379195 0
-0.1401893 -0.1401894 0
-0.1424778 -0.1424778 0
-0.1447847 -0.1447847 0
-0.1471110 -0.1471110 0
-0.1494556 -0.1494556 0
-0.1518189 -0.1518189 0
-0.1542006 -0.1542006 0
-0.1566008 -0.1566008 0
-0.1590195 -0.1590195 0
-0.1614567 -0.1614567 0
-0.1639124 -0.1639125 0
-0.1663867 -0.1663867 0
-0.1688794 -0.1688794 0
-0.1713906 -0.1713906 0
-0.1739202 -0.1739202 0
-0.1764684 -0.1764684 0
-0.1790351 -0.1790351 0
-0.1816204 -0.1816204 0
-0.1842242 -0.1842241 0
-0.1868463 -0.1868463 0
-0.1894870 -0.1894870 0
-0.1921462 -0.1921462 0
-0.1948239 -0.1948239 0
-0.1975201 -0.1975201 0
-0.2002349 -0.2002349 0
-0.2029680 -0.2029681 0
-0.2057198 -0.2057198 0
-0.2084901 -0.2084900 0
-0.2112795 -0.2112795 0
-0.2140875 -0.2140875 0
-0.2169141 -0.2169141 0
-0.2197591 -0.2197591 0
-0.2226227 -0.2226227 0
-0.2255047 -0.2255047 0
-0.2284051 -0.2284052 0
-0.2313241 -0.2313242 0
-0.2342617 -0.2342617 0
-0.2372177 -0.2372177 0
-0.2401923 -0.2401923 0
-0.2431852 -0.2431853 0
-0.2461968 -0.2461968 0
-0.2492268 -0.2492268 0
-0.2522753 -0.2522753 0
-0.2553423 -0.2553423 0
-0.2584279 -0.2584278 0
-0.2615319 -0.2615319 0
-0.2646544 -0.2646544 0
-0.2677954 -0.2677955 0
-0.2709550 -0.2709550 0
-0.2741330 -0.2741330 0
-0.2773295 -0.2773295 0
-0.2805445 -0.2805445 0
-0.2837781 -0.2837781 0
-0.2870309 -0.2870310 0
-0.2903021 -0.2903022 0
-0.2935921 -0.2935921 0
-0.2969004 -0.2969004 0
-0.3002272 -0.3002272 0
-0.3035726 -0.3035726 0
-0.3069365 -0.3069364 0
-0.3103188 -0.3103188 0
-0.3137196 -0.3137196 0
-0.3171389 -0.3171389 0
-0.3205767 -0.3205767 0
-0.3240330 -0.3240330 0
-0.3275079 -0.3275079 0
-0.3310013 -0.3310013 0
-0.3345131 -0.3345131 0
-0.3380434 -0.3380434 0
-0.3415922 -0.3415922 0
-0.3451596 -0.3451596 0
-0.3487454 -0.3487454 0
-0.3523497 -0.3523497 0
-0.3559726 -0.3559726 0
-0.3596139 -0.3596139 0
-0.3632738 -0.3632738 0
-0.3669520 -0.3669520 0
-0.3706489 -0.3706489 0
-0.3743651 -0.3743651 0
-0.3780997 -0.3780997 0
-0.3818529 -0.3818529 0
-0.3856245 -0.3856245 0
-0.3894146 -0.3894146 0
-0.3932232 -0.3932232 0
-0.3970504 -0.3970504 0
-0.4008961 -0.4008961 0
-0.4047602 -0.4047602 0
-0.4086428 -0.4086429 0
-0.4125440 -0.4125440 0
-0.4164636 -0.4164636 0
-0.4204018 -0.4204018 0
-0.4243584 -0.4243585 0
-0.4283335 -0.4283336 0
-0.4323272 -0.4323272 0
-0.4363394 -0.4363394 0
-0.4403700 -0.4403700 0
-0.4444191 -0.4444191 0
-0.4484868 -0.4484868 0
-0.4525729 -0.4525729 0
-0.4566776 -0.4566775 0
-0.4608008 -0.4608008 0
-0.4649424 -0.4649424 0
-0.4691026 -0.4691025 0
-0.4732820 -0.4732820 0
-0.4774799 -0.4774799 0
-0.4816963 -0.4816963 0
-0.4859314 -0.4859314 0
-0.4901848 -0.4901848 0
-0.4944568 -0.4944567 0
-0.4987472 -0.4987472 0
-0.5030425 -0.5030425 0
-0.5073249 -0.5073249 0
-0.5115888 -0.5115888 0
-0.5158342 -0.5158342 0
-0.5200612 -0.5200612 0
-0.5242696 -0.5242696 0
-0.5284595 -0.5284595 0
-0.5326309 -0.5326309 0
-0.5367838 -0.5367837 0
-0.5409182 -0.5409182 0
-0.5450342 -0.5450342 0
-0.5491315 -0.5491315 0
-0.5532104 -0.5532104 0
-0.5572708 -0.5572708 0
-0.5613127 -0.5613127 0
-0.5653361 -0.5653361 0
-0.5693410 -0.5693410 0
-0.5733274 -0.5733274 0
-0.5772945 -0.5772945 0
-0.5812432 -0.5812431 0
-0.5851732 -0.5851732 0
-0.5890848 -0.5890848 0
-0.5929779 -0.5929779 0
-0.5968525 -0.5968525 0
-0.6007086 -0.6007086 0
-0.6045463 -0.6045463 0
-0.6083654 -0.6083654 0
-0.6121659 -0.6121659 0
-0.6159480 -0.6159480 0
-0.6197117 -0.6197116 0
-0.6234568 -0.6234567 0
-0.6271833 -0.6271833 0
-0.6308915 -0.6308915 0
-0.6345811 -0.6345811 0
-0.6382521 -0.6382521 0
-0.6419047 -0.6419047 0
-0.6455388 -0.6455388 0
-0.6491545 -0.6491545 0
-0.6527515 -0.6527515 0
-0.6563301 -0.6563301 0
-0.6598902 -0.6598902 0
-0.6634318 -0.6634318 0
-0.6669549 -0.6669549 0
-0.6704586 -0.6704586 0
-0.6739440 -0.6739440 0
-0.6774108 -0.6774108 0
-0.6808591 -0.6808591 0
-0.6842888 -0.6842888 0
-0.6877001 -0.6877001 0
-0.6910929 -0.6910929 0
-0.6944672 -0.6944672 0
-0.6978230 -0.6978230 0
-0.7011603 -0.7011603 0
-0.7044791 -0.7044791 0
-0.7077794 -0.7077794 0
-0.7110611 -0.7110611 0
-0.7143244 -0.7143244 0
-0.7175692 -0.7175692 0
-0.7207955 -0.7207955 0
-0.7240033 -0.7240033 0
-0.7271926 -0.7271926 0
-0.7303634 -0.7303634 0
-0.7335156 -0.7335156 0
-0.7366494 -0.7366494 0
-0.7397647 -0.7397647 0
-0.7428616 -0.7428616 0
-0.7459398 -0.7459398 0
-0.7489996 -0.7489996 0
-0.7520400 -0.7520400 0
-0.7550620 -0.7550620 0
-0.7580655 -0.7580655 0
-0.7610505 -0.7610505 0
-0.7640170 -0.7640170 0
-0.7669650 -0.7669649 0
-0.7698945 -0.7698944 0
-0.7728054 -0.7728054 0
-0.7756978 -0.7756978 0
-0.7785718 -0.7785718 0
-0.7814273 -0.7814273 0
-0.7842643 -0.7842643 0
-0.7870828 -0.7870828 0
-0.7898828 -0.7898828 0
-0.7926642 -0.7926642 0
-0.7954272 -0.7954272 0
-0.7981717 -0.7981717 0
-0.8008977 -0.8008977 0
-0.8036051 -0.8036051 0
-0.8062941 -0.8062941 0
-0.8089646 -0.8089646 0
-0.8116166 -0.8116166 0
-0.8142500 -0.8142501 0
-0.8168650 -0.8168650 0
-0.8194615 -0.8194615 0
-0.8220387 -0.8220387 0
-0.8245973 -0.8245973 0
-0.8271375 -0.8271375 0
-0.8296591 -0.8296591 0
-0.8321623 -0.8321623 0
-0.8346469 -0.8346469 0
-0.8371131 -0.8371131 0
-0.8395608 -0.8395608 0
-0.8419900 -0.8419900 0
-0.8444007 -0.8444007 0
-0.8467928 -0.8467928 0
-0.8491665 -0.8491665 0
-0.8515216 -0.8515216 0
-0.8538583 -0.8538583 0
-0.8561765 -0.8561765 0
-0.8584761 -0.8584761 0
-0.8607573 -0.8607573 0
-0.8630200 -0.8630200 0
-0.8652641 -0.8652641 0
-0.8674898 -0.8674898 0
-0.8696970 -0.8696970 0
-0.8718857 -0.8718857 0
-0.8740558 -0.8740558 0
-0.8762074 -0.8762074 0
-0.8783406 -0.8783406 0
-0.8804544 -0.8804544 0
-0.8825498 -0.8825498 0
-0.8846267 -0.8846267 0
-0.8866850 -0.8866850 0
-0.8887249 -0.8887249 0
-0.8907463 -0.8907463 0
-0.8927491 -0.8927491 0
-0.8947334 -0.8947334 0
-0.8966993 -0.8966993 0
-0.8986467 -0.8986467 0
-0.9005755 -0.9005755 0
-0.9024859 -0.9024859 0
-0.9043777 -0.9043777 0
-0.9062511 -0.9062511 0
-0.9081060 -0.9081060 0
-0.9099423 -0.9099423 0
-0.9117601 -0.9117601 0
-0.9135595 -0.9135595 0
-0.9153404 -0.9153404 0
-0.9171027 -0.9171027 0
-0.9188466 -0.9188466 0
-0.9205720 -0.9205720 0
-0.9222788 -0.9222788 0
-0.9239671 -0.9239671 0
-0.9256369 -0.9256369 0
-0.9272874 -0.9272874 0
-0.9289196 -0.9289196 0
-0.9305331 -0.9305331 0
-0.9321282 -0.9321282 0
-0.9337046 -0.9337046 0
-0.9352627 -0.9352627 0
-0.9368023 -0.9368023 0
-0.9383233 -0.9383233 0
-0.9398259 -0.9398259 0
-0.9413099 -0.9413099 0
-0.9427754 -0.9427754 0
-0.9442225 -0.9442225 0
-0.9456510 -0.9456510 0
-0.9470611 -0.9470611 0
-0.9484526 -0.9484526 0
-0.9498256 -0.9498256 0
-0.9511802 -0.9511802 0
-0.9525163 -0.9525163 0
-0.9538338 -0.9538338 0
-0.9551328 -0.9551328 0
-0.9564134 -0.9564134 0
-0.9576754 -0.9576754 0
-0.9589190 -0.9589190 0
-0.9601440 -0.9601440 0
-0.9613506 -0.9613506 0
-0.9625377 -0.9625377 0
-0.9637065 -0.9637065 0
-0.9648567 -0.9648567 0
-0.9659885 -0.9659885 0
-0.9671017 -0.9671017 0
-0.9681964 -0.9681964 0
-0.9692727 -0.9692727 0
-0.9703304 -0.9703304 0
-0.9713696 -0.9713696 0
-0.9723904 -0.9723904 0
-0.9733926 -0.9733926 0
-0.9743763 -0.9743763 0
-0.9753416 -0.9753416 0
-0.9762883 -0.9762883 0
-0.9772165 -0.9772165 0
-0.9781262 -0.9781262 0
-0.9790175 -0.9790175 0
-0.9798902 -0.9798902 0
-0.9807445 -0.9807445 0
-0.9815802 -0.9815802 0
-0.9823974 -0.9823974 0
-0.9831961 -0.9831961 0
-0.9839763 -0.9839763 0
-0.9847381 -0.9847381 0
-0.9854813 -0.9854813 0
-0.9862052 -0.9862052 0
-0.9869107 -0.9869107 0
-0.9875975 -0.9875975 0
-0.9882660 -0.9882660 0
-0.9889159 -0.9889159 0
-0.9895473 -0.9895473 0
-0.9901602 -0.9901602 0
-0.9907546 -0.9907546 0
-0.9913305 -0.9913305 0
-0.9918880 -0.9918880 0
-0.9924270 -0.9924270 0
-0.9929474 -0.9929474 0
-0.9934493 -0.9934493 0
-0.9939327 -0.9939327 0
-0.9943976 -0.9943976 0
-0.9948441 -0.9948441 0
-0.9952720 -0.9952720 0
-0.9956814 -0.9956814 0
-0.9960723 -0.9960723 0
-0.9964447 -0.9964447 0
-0.9967987 -0.9967987 0
-0.9971341 -0.9971341 0
-0.9974509 -0.9974509 0
-0.9977495 -0.9977495 0
-0.9980294 -0.9980294 0
-0.9982899 -0.9982899 0
-0.9985320 -0.9985320 0
-0.9987556 -0.9987556 0
-0.9989608 -0.9989608 0
-0.9991474 -0.9991474 0
-0.9993155 -0.9993155 0
-0.9994651 -0.9994651 0
-0.9995962 -0.9995962 0
-0.9997088 -0.9997088 0
-0.9998029 -0.9998029 0
-0.9998785 -0.9998785 0
-0.9999357 -0.9999357 0
-0.9999743 -0.9999743 0
-0.9999944 -0.9999944 0
-1.0000000 -0.9999887 8
-1.0000000 -0.9999411 8
-1.0000000 -0.9998415 8
-1.0000000 -0.9996897 8
-1.0000000 -0.9994860 8
-1.0000000 -0.9992301 8
-1.0000000 -0.9989221 8
-1.0000000 -0.9985621 8
-1.0000000 -0.9981500 8
-1.0000000 -0.9976858 8
-1.0000000 -0.9971695 8
-1.0000000 -0.9965989 8
-1.0000000 -0.9959761 8
-1.0000000 -0.9953013 8
-1.0000000 -0.9945745 8
-1.0000000 -0.9937955 8
-1.0000000 -0.9929644 8
-1.0000000 -0.9920813 8
-1.0000000 -0.9911461 8
-1.0000000 -0.9901588 8
-1.0000000 -0.9891195 8
-1.0000000 -0.9880280 8
-1.0000000 -0.9868845 8
-1.0000000 -0.9856888 8
-1.0000000 -0.9844411 8
-1.0000000 -0.9831413 8
-1.0000000 -0.9817895 8
-1.0000000 -0.9803855 8
-1.0000000 -0.9789295 8
-1.0000000 -0.9774214 8
-1.0000000 -0.9758612 8
-1.0000000 -0.9742489 8
-1.0000000 -0.9725846 8
-1.0000000 -0.9708681 8
-1.0000000 -0.9690996 8
-1.0000000 -0.9672790 8
-1.0000000 -0.9654041 8
-1.0000000 -0.9634771 8
-1.0000000 -0.9614979 8
-1.0000000 -0.9594667 8
-1.0000000 -0.9573835 8
-1.0000000 -0.9552481 8
-1.0000000 -0.9530607 8
-1.0000000 -0.9508211 8
-1.0000000 -0.9485295 8
-1.0000000 -0.9461859 8
-1.0000000 -0.9437901 8
-1.0000000 -0.9413423 8
-1.0000000 -0.9388423 8
-1.0000000 -0.9362903 8
-1.0000000 -0.9336862 8
-1.0000000 -0.9310300 8
-1.0000000 -0.9283218 8
-1.0000000 -0.9255615 8
-1.0000000 -0.9227490 8
-1.0000000 -0.9198846 8
-1.0000000 -0.9169680 8
-1.0000000 -0.9139993 8
-1.0000000 -0.9109785 8
-1.0000000 -0.9079057 8
-1.0000000 -0.9047808 8
-1.0000000 -0.9016016 8
-1.0000000 -0.8983702 8
-1.0000000 -0.8950867 8
-1.0000000 -0.8917512 8
-1.0000000 -0.8883636 8
-1.0000000 -0.8849240 8
-1.0000000 -0.8814322 8
-1.0000000 -0.8778884 8
-1.0000000 -0.8742925 8
-1.0000000 -0.8706445 8
-1.0000000 -0.8669444 8
-1.0000000 -0.8631923 8
-1.0000000 -0.8593880 8
-1.0000000 -0.8555317 8
-1.0000000 -0.8516233 8
-1.0000000 -0.8476628 8
-1.0000000 -0.8436502 8
-1.0000000 -0.8395857 8
-1.0000000 -0.8354689 8
-1.0000000 -0.8313000 8
-1.0000000 -0.8270792 8
-1.0000000 -0.8228062 8
-1.0000000 -0.8184811 8
-1.0000000 -0.8141040 8
-1.0000000 -0.8096747 8
-1.0000000 -0.8051912 8
-1.0000000 -0.8006556 8
-1.0000000 -0.7960678 8
-1.0000000 -0.7914280 8
-1.0000000 -0.7867361 8
-1.0000000 -0.7819921 8
-1.0000000 -0.7771961 8
-1.0000000 -0.7723479 8
-1.0000000 -0.7674477 8
-1.0000000 -0.7624954 8
-1.0000000 -0.7574911 8
-1.0000000 -0.7524345 8
-1.0000000 -0.7473259 8
-1.0000000 -0.7421653 8
-1.0000000 -0.7369526 8
-1.0000000 -0.7316879 8
-1.0000000 -0.7263710 8
-1.0000000 -0.7210020 8
-1.0000000 -0.7155809 8
-1.0000000 -0.7101078 8
-1.0000000 -0.7045827 8
-1.0000000 -0.6990117 253
-1.0000000 -0.6934373 249
-1.0000000 -0.6878628 251
-1.0000000 -0.6822883 251
-1.0000000 -0.6767139 249
-1.0000000 -0.6711394 249
-1.0000000 -0.6655650 249
-1.0000000 -0.6599907 249
-1.0000000 -0.6544161 251
-1.0000000 -0.6488417 251
-1.0000000 -0.6432673 249
-1.0000000 -0.6376928 249
-1.0000000 -0.6321184 249
-1.0000000 -0.6265439 249
-1.0000000 -0.6209694 251
-1.0000000 -0.6153950 251
-1.0000000 -0.6098206 251
-1.0000000 -0.6042462 249
-1.0000000 -0.5986717 249
-1.0000000 -0.5930973 249
-1.0000000 -0.5875229 249
-1.0000000 -0.5819484 251
-1.0000000 -0.5763740 251
-1.0000000 -0.5707995 249
-1.0000000 -0.5652250 249
-1.0000000 -0.5596506 249
-1.0000000 -0.5540763 249
-1.0000000 -0.5485018 251
-1.0000000 -0.5429273 251
-1.0000000 -0.5373529 249
-1.0000000 -0.5317784 249
-1.0000000 -0.5262040 249
-1.0000000 -0.5206296 249
-1.0000000 -0.5150551 251
-1.0000000 -0.5094806 251
-1.0000000 -0.5039062 249
-1.0000000 -0.4983318 249
-1.0000000 -0.4927574 249
-1.0000000 -0.4871829 249
-1.0000000 -0.4816084 251
-1.0000000 -0.4760340 251
-1.0000000 -0.4704596 251
-1.0000000 -0.4648852 249
-1.0000000 -0.4593107 249
-1.0000000 -0.4537362 249
-1.0000000 -0.4481619 249
-1.0000000 -0.4425874 251
-1.0000000 -0.4370130 251
-1.0000000 -0.4314385 249
-1.0000000 -0.4258640 249
-1.0000000 -0.4202896 249
-1.0000000 -0.4147152 249
-1.0000000 -0.4091407 251
-1.0000000 -0.4035664 251
-1.0000000 -0.3979919 249
-1.0000000 -0.3924174 249
-1.0000000 -0.3868430 249
-1.0000000 -0.3812686 249
-1.0000000 -0.3756941 251
-1.0000000 -0.3701196 251
-1.0000000 -0.3645452 249
-1.0000000 -0.3589707 249
-1.0000000 -0.3533964 249
-1.0000000 -0.3478219 249
-1.0000000 -0.3422474 251
-1.0000000 -0.3366730 251
-1.0000000 -0.3310985 251
-1.0000000 -0.3255241 249
-1.0000000 -0.3199496 249
-1.0000000 -0.3143752 249
-1.0000000 -0.3088008 249
-1.0000000 -0.3032263 251
-1.0000000 -0.2976518 251
-1.0000000 -0.2920775 249
-1.0000000 -0.2865030 249
-1.0000000 -0.2809286 249
-1.0000000 -0.2753541 249
-1.0000000 -0.2697797 251
-1.0000000 -0.2642052 251
-1.0000000 -0.2586308 249
-1.0000000 -0.2530563 249
-1.0000000 -0.2474820 249
-1.0000000 -0.2419075 249
-1.0000000 -0.2363330 251
-1.0000000 -0.2307586 251
-1.0000000 -0.2251842 249
-1.0000000 -0.2196097 249
-1.0000000 -0.2140353 249
-1.0000000 -0.2084608 249
-1.0000000 -0.2028863 251
-1.0000000 -0.1973120 251
-1.0000000 -0.1917376 251
-1.0000000 -0.1861631 249
-1.0000000 -0.1805886 249
-1.0000000 -0.1750142 249
-1.0000000 -0.1694398 249
-1.0000000 -0.1638653 251
-1.0000000 -0.1582909 251
-1.0000000 -0.1527165 249
-1.0000000 -0.1471420 249
-1.0000000 -0.1415676 249
-1.0000000 -0.1359932 249
-1.0000000 -0.1304187 251
-1.0000000 -0.1248442 251
-1.0000000 -0.1192698 249
-1.0000000 -0.1136953 249
-1.0000000 -0.1081209 249
-1.0000000 -0.1025464 249
-1.0000000 -0.0969720 251
-1.0000000 -0.0913976 251
-1.0000000 -0.0858232 249
-1.0000000 -0.0802487 249
-1.0000000 -0.0746743 249
-1.0000000 -0.0690998 249
-1.0000000 -0.0635253 251
-1.0000000 -0.0579509 251
-1.0000000 -0.0523765 251
-1.0000000 -0.0468021 249
-1.0000000 -0.0412276 249
-1.0000000 -0.0356532 249
-1.0000000 -0.0300788 249
-1.0000000 -0.0245043 251
-1.0000000 -0.0189299 251
-1.0000000 -0.0133554 249
-1.0000000 -0.0077809 249
-1.0000000 -0.0022065 249
-1.0000000 0.0033680 249
-1.0000000 0.0089424 251
-1.0000000 0.0145168 251
-1.0000000 0.0200912 249
-1.0000000 0.0256657 249
-1.0000000 0.0312401 249
-1.0000000 0.0368145 249
-1.0000000 0.0423890 251
-1.0000000 0.0479635 251
-1.0000000 0.0535380 249
-1.0000000 0.0591124 249
-1.0000000 0.0646868 249
-1.0000000 0.0702612 249
-1.0000000 0.0758357 251
-1.0000000 0.0814101 251
-1.0000000 0.0869845 251
-1.0000000 0.0925589 249
-1.0000000 0.0981334 249
-1.0000000 0.1037079 249
-1.0000000 0.1092823 249
-1.0000000 0.1148568 251
-1.0000000 0.1204312 251
-1.0000000 0.1260056 249
-1.0000000 0.1315801 249
-1.0000000 0.1371545 249
-1.0000000 0.1427289 249
-1.0000000 0.1483034 251
-1.0000000 0.1538779 251
-1.0000000 0.1594522 249
-1.0000000 0.1650267 249
-1.0000000 0.1706012 249
-1.0000000 0.1761756 249
-1.0000000 0.1817501 251
-1.0000000 0.1873245 251
-1.0000000 0.1928989 249
-1.0000000 0.1984733 249
-1.0000000 0.2040477 249
-1.0000000 0.2096222 249
-1.0000000 0.2151967 251
-1.0000000 0.2207711 251
-1.0000000 0.2263456 251
-1.0000000 0.2319200 249
-1.0000000 0.2374945 249
-1.0000000 0.2430689 249
-1.0000000 0.2486433 249
-1.0000000 0.2542177 251
-1.0000000 0.2597921 251
-1.0000000 0.2653666 249
-1.0000000 0.2709411 249
-1.0000000 0.2765155 249
-1.0000000 0.2820900 249
-1.0000000 0.2876645 251
-1.0000000 0.2932389 251
-1.0000000 0.2988133 249
-1.0000000 0.3043877 249
-1.0000000 0.3099621 249
-1.0000000 0.3155365 249
-1.0000000 0.3211110 251
-1.0000000 0.3266855 251
-1.0000000 0.3322599 249
-1.0000000 0.3378344 249
-1.0000000 0.3434089 249
-1.0000000 0.3489833 249
-1.0000000 0.3545577 251
-1.0000000 0.3601321 251
-1.0000000 0.3657065 251
-1.0000000 0.3712810 249
-1.0000000 0.3768555 249
-1.0000000 0.3824299 249
-1.0000000 0.3880043 249
-1.0000000 0.3935788 251
-1.0000000 0.3991532 251
-1.0000000 0.4047277 249
-1.0000000 0.4103021 249
-1.0000000 0.4158765 249
-1.0000000 0.4214509 249
-1.0000000 0.4270254 251
-1.0000000 0.4325999 251
-1.0000000 0.4381743 249
-1.0000000 0.4437488 249
-1.0000000 0.4493232 249
-1.0000000 0.4548975 249
-1.0000000 0.4604720 251
-1.0000000 0.4660465 251
-1.0000000 0.4716209 249
-1.0000000 0.4771954 249
-1.0000000 0.4827698 249
-1.0000000 0.4883443 249
-1.0000000 0.4939188 251
-1.0000000 0.4994932 251
-1.0000000 0.5050676 251
-1.0000000 0.5106419 249
-1.0000000 0.5162164 249
-1.0000000 0.5217909 249
-1.0000000 0.5273653 249
-1.0000000 0.5329398 251
-1.0000000 0.5385142 251
-1.0000000 0.5440887 249
-1.0000000 0.5496632 249
-1.0000000 0.5552376 249
-1.0000000 0.5608119 249
-1.0000000 0.5663864 251
-1.0000000 0.5719608 251
-1.0000000 0.5775353 249
-1.0000000 0.5831098 249
-1.0000000 0.5886842 249
-1.0000000 0.5942586 249
-1.0000000 0.5998331 251
-1.0000000 0.6054076 251
-1.0000000 0.6109820 249
-1.0000000 0.6165564 249
-1.0000000 0.6221308 249
-1.0000000 0.6277053 249
-1.0000000 0.6332798 251
-1.0000000 0.6388542 251
-1.0000000 0.6444286 251
-1.0000000 0.6500030 249
-1.0000000 0.6555775 249
-1.0000000 0.6611520 249
-1.0000000 0.6667263 249
-1.0000000 0.6723008 251
-1.0000000 0.6778752 251
-1.0000000 0.6834497 249
-1.0000000 0.6890242 249
-0.9999515 0.6945986 8
-0.9995631 0.7001772 8
-0.9991747 0.7057997 8
-0.9987864 0.7113692 8
-0.9983981 0.7168832 8
-0.9980098 0.7223440 8
-0.9976214 0.7277518 8
-0.9972330 0.7331065 8
-0.9968447 0.7384081 8
-0.9964563 0.7436566 8
-0.9960680 0.7488519 8
-0.9956796 0.7539942 8
-0.9952913 0.7590834 8
-0.9949029 0.7641194 8
-0.9945145 0.7691022 8
-0.9941262 0.7740321 8
-0.9937378 0.7789088 8
-0.9933495 0.7837324 8
-0.9929612 0.7885028 8
-0.9925728 0.7932202 8
-0.9921845 0.7978845 8
-0.9917961 0.8024957 8
-0.9914077 0.8070538 8
-0.9910194 0.8115588 8
-0.9906311 0.8160106 8
-0.9902427 0.8204093 8
-0.9898544 0.8247549 8
-0.9894660 0.8290474 8
-0.9890777 0.8332868 8
-0.9886894 0.8374709 8
-0.9883010 0.8416018 8
-0.9879126 0.8456794 8
-0.9875242 0.8497041 8
-0.9871359 0.8536757 8
-0.9867476 0.8575941 8
-0.9863592 0.8614595 8
-0.9859708 0.8652718 8
-0.9855825 0.8690309 8
-0.9851942 0.8727368 8
-0.9848058 0.8763897 8
-0.9844175 0.8799896 8
-0.9840291 0.8835363 8
-0.9836408 0.8870299 8
-0.9832524 0.8904703 8
-0.9828641 0.8938578 8
-0.9824757 0.8971920 8
-0.9820873 0.9004731 8
-0.9816990 0.9037011 8
-0.9813107 0.9068761 8
-0.9809224 0.9099979 8
-0.9805340 0.9130667 8
-0.9801456 0.9160824 8
-0.9797573 0.9190448 8
-0.9793689 0.9219542 8
-0.9789806 0.9248082 8
-0.9785923 0.9276091 8
-0.9782039 0.9303568 8
-0.9778155 0.9330515 8
-0.9774272 0.9356930 8
-0.9770389 0.9382815 8
-0.9766505 0.9408169 8
-0.9762621 0.9432991 8
-0.9758738 0.9457281 8
-0.9754854 0.9481041 8
-0.9750971 0.9504270 8
-0.9747087 0.9526968 8
-0.9743203 0.9549135 8
-0.9739320 0.9570772 8
-0.9735437 0.9591876 8
-0.9731554 0.9612449 8
-0.9727670 0.9632492 8
-0.9723786 0.9652004 8
-0.9719903 0.9670984 8
-0.9716019 0.9689433 8
-0.9712136 0.9707351 8
-0.9708252 0.9724739 8
-0.9704368 0.9741594 8
-0.9700485 0.9757919 8
-0.9696602 0.9773713 8
-0.9692719 0.9788953 8
-0.9688835 0.9803661 8
-0.9684951 0.9817839 8
-0.9681068 0.9831485 8
-0.9677184 0.9844601 8
-0.9673301 0.9857186 8
-0.9669418 0.9869238 8
-0.9665534 0.9880761 8
-0.9661650 0.9891752 8
-0.9657767 0.9902211 8
-0.9653884 0.9912141 8
-0.9650000 0.9921539 8
-0.9646116 0.9930406 8
-0.9642233 0.9938741 8
-0.9638350 0.9946546 8
-0.9634466 0.9953819 8
-0.9630583 0.9960561 8
-0.9626699 0.9966773 8
-0.9622815 0.9972453 8
-0.9618932 0.9977602 8
-0.9615048 0.9982220 8
-0.9611165 0.9986307 8
-0.9607281 0.9989864 8
-0.9603398 0.9992888 8
-0.9599515 0.9995382 8
-0.9595631 0.9997321 8
-0.9591748 0.9998730 8
-0.9587864 0.9999608 8
-0.9583980 0.9999954 0
-0.9580097 0.9999774 0
-0.9576214 0.9999072 0
-0.9572331 0.9997848 0
-0.9568447 0.9996104 0
-0.9564563 0.9993841 0
-0.9560680 0.9991056 0
-0.9556796 0.9987750 0
-0.9552913 0.9983923 0
-0.9549029 0.9979576 0
-0.9545145 0.9974707 0
-0.9541262 0.9969317 0
-0.9537378 0.9963407 0
-0.9533495 0.9956976 0
-0.9529612 0.9950024 0
-0.9525728 0.9942552 0
-0.9521845 0.9934559 0
-0.9517961 0.9926043 0
-0.9514078 0.9917010 0
-0.9510194 0.9907452 0
-0.9506310 0.9897377 0
-0.9502427 0.9886779 0
-0.9498544 0.9875638 0
-0.9494661 0.9863976 0
-0.9490777 0.9851793 0
-0.9486893 0.9839090 0
-0.9483010 0.9825865 0
-0.9479126 0.9812120 0
-0.9475243 0.9797854 0
-0.9471359 0.9783067 0
-0.9467476 0.9767760 0
-0.9463592 0.9751932 0
-0.9459709 0.9735583 0
-0.9455825 0.9718712 0
-0.9451941 0.9701321 0
-0.9448058 0.9683410 0
-0.9444175 0.9664978 0
-0.9440291 0.9646025 0
-0.9436408 0.9626550 0
-0.9432524 0.9606555 0
-0.9428641 0.9586040 0
-0.9424757 0.9565004 0
-0.9420874 0.9543446 0
-0.9416990 0.9521368 0
-0.9413107 0.9498768 0
-0.9409223 0.9475648 0
-0.9405340 0.9452009 0
-0.9401457 0.9427825 0
-0.9397573 0.9403120 0
-0.9393689 0.9377894 0
-0.9389805 0.9352147 0
-0.9385922 0.9325879 0
-0.9382039 0.9299092 0
-0.9378155 0.9271783 0
-0.9374271 0.9243953 0
-0.9370388 0.9215603 0
-0.9366505 0.9186731 0
-0.9362622 0.9157338 0
-0.9358738 0.9127425 0
-0.9354854 0.9096991 0
-0.9350971 0.9066037 0
-0.9347087 0.9034562 0
-0.9343204 0.9002565 0
-0.9339320 0.8970047 0
-0.9335437 0.8937009 0
-0.9331554 0.8903450 0
-0.9327670 0.8869370 0
-0.9323787 0.8834770 0
-0.9319903 0.8799648 0
-0.9316019 0.8764006 0
-0.9312136 0.8727844 0
-0.9308252 0.8691161 0
-0.9304369 0.8653933 0
-0.9300486 0.8616185 0
-0.9296602 0.8577916 0
-0.9292718 0.8539126 0
-0.9288835 0.8499816 0
-0.9284952 0.8459984 0
-0.9281068 0.8419633 0
-0.9277184 0.8378760 0
-0.9273301 0.8337366 0
-0.9269417 0.8295452 0
-0.9265534 0.8253017 0
-0.9261651 0.8210060 0
-0.9257767 0.8166583 0
-0.9253883 0.8122585 0
-0.9250000 0.8078066 0
-0.9246117 0.8033027 0
-0.9242233 0.7987466 0
-0.9238349 0.7941385 0
-0.9234466 0.7894783 0
-0.9230583 0.7847660 0
-0.9226699 0.7800017 0
-0.9222815 0.7751853 0
-0.9218931 0.7703168 0
-0.9215049 0.7653961 0
-0.9211165 0.7604234 0
-0.9207282 0.7553965 0
-0.9203399 0.7503173 0
-0.9199515 0.7451861 0
-0.9195631 0.7400029 0
-0.9191747 0.7347675 0
-0.9187864 0.7294801 0
-0.9183981 0.7241405 0
-0.9180097 0.7187489 0
-0.9176213 0.7133052 0
-0.9172330 0.7078095 0
-0.9168447 0.7022616 241
-0.9166667 0.6966890 241
-0.9166667 0.6911146 241
-0.9166667 0.6855401 243
-0.9166667 0.6799656 243
-0.9166667 0.6743912 241
-0.9166667 0.6688168 241
-0.9166667 0.6632424 241
-0.9166667 0.6576679 241
-0.9166667 0.6520934 243
-0.9166667 0.6465190 243
-0.9166667 0.6409446 241
-0.9166667 0.6353702 241
-0.9166667 0.6297957 241
-0.9166667 0.6242212 241
-0.9166667 0.6186468 243
-0.9166667 0.6130723 243
-0.9166667 0.6074980 241
-0.9166667 0.6019234 241
-0.9166667 0.5963490 241
-0.9166667 0.5907746 241
-0.9166667 0.5852002 243
-0.9166667 0.5796257 243
-0.9166667 0.5740512 241
-0.9166667 0.5684768 241
-0.9166667 0.5629023 241
-0.9166667 0.5573280 241
-0.9166667 0.5517536 241
-0.9166667 0.5461791 243
-0.9166667 0.5406046 243
-0.9166667 0.5350302 241
-0.9166667 0.5294558 241
-0.9166667 0.5238813 241
-0.9166667 0.5183069 241
-0.9166667 0.5127324 243
-0.9166667 0.5071579 243
-0.9166667 0.5015836 241
-0.9166667 0.4960092 241
-0.9166667 0.4904347 241
-0.9166667 0.4848602 241
-0.9166667 0.4792858 243
-0.9166667 0.4737113 243
-0.9166667 0.4681369 241
-0.9166667 0.4625625 241
-0.9166667 0.4569880 241
-0.9166667 0.4514136 241
-0.9166667 0.4458392 243
-0.9166667 0.4402647 243
-0.9166667 0.4346903 241
-0.9166667 0.4291158 241
-0.9166667 0.4235413 241
-0.9166667 0.4179669 241
-0.9166667 0.4123925 241
-0.9166667 0.4068181 243
-0.9166667 0.4012437 243
-0.9166667 0.3956692 241
-0.9166667 0.3900948 241
-0.9166667 0.3845203 241
-0.9166667 0.3789459 241
-0.9166667 0.3733714 243
-0.9166667 0.3677969 243
-0.9166667 0.3622225 241
-0.9166667 0.3566481 241
-0.9166667 0.3510737 241
-0.9166667 0.3454992 241
-0.9166667 0.3399248 243
-0.9166667 0.3343502 243
-0.9166667 0.3287759 241
-0.9166667 0.3232014 241
-0.9166667 0.3176269 241
-0.9166667 0.3120525 241
-0.9166667 0.3064781 243
-0.9166667 0.3009036 243
-0.9166667 0.2953292 241
-0.9166667 0.2897548 241
-0.9166667 0.2841803 241
-0.9166667 0.2786059 241
-0.9166667 0.2730314 241
-0.9166667 0.2674570 243
-0.9166667 0.2618825 243
-0.9166667 0.2563081 241
-0.9166667 0.2507337 241
-0.9166667 0.2451593 241
-0.9166667 0.2395848 241
-0.9166667 0.2340104 243
-0.9166667 0.2284359 243
-0.9166667 0.2228615 241
-0.9166667 0.2172871 241
-0.9166667 0.2117126 241
-0.9166667 0.2061381 241
-0.9166667 0.2005637 243
-0.9166667 0.1949893 243
-0.9166667 0.1894149 241
-0.9166667 0.1838404 241
-0.9166667 0.1782659 241
-0.9166667 0.1726915 241
-0.9166667 0.1671171 243
-0.9166667 0.1615426 243
-0.9166667 0.1559682 241
-0.9166667 0.1503938 241
-0.9166667 0.1448193 241
-0.9166667 0.1392449 241
-0.9166667 0.1336705 241
-0.9166667 0.1280960 243
-0.9166667 0.1225215 243
-0.9166667 0.1169471 241
-0.9166667 0.1113727 241
-0.9166667 0.1057982 241
-0.9166667 0.1002237 241
-0.9166667 0.0946494 243
-0.9166667 0.0890749 243
-0.9166667 0.0835005 241
-0.9166667 0.0779261 241
-0.9166667 0.0723516 241
-0.9166667 0.0667771 241
-0.9166667 0.0612027 243
-0.9166667 0.0556282 243
-0.9166667 0.0500539 241
-0.9166667 0.0444794 241
-0.9166667 0.0389049 241
-0.9166667 0.0333305 241
-0.9166667 0.0277561 243
-0.9166667 0.0221816 243
-0.9166667 0.0166072 241
-0.9166667 0.0110327 241
-0.9166667 0.0054582 241
-0.9166667 -0.0001162 241
-0.9166667 -0.0056906 241
-0.9166667 -0.0112650 243
-0.9166667 -0.0168395 243
-0.9166667 -0.0224139 241
-0.9166667 -0.0279884 241
-0.9166667 -0.0335628 241
-0.9166667 -0.0391372 241
-0.9166667 -0.0447117 243
-0.9166667 -0.0502862 243
-0.9166667 -0.0558606 241
-0.9166667 -0.0614350 241
-0.9166667 -0.0670095 241
-0.9166667 -0.0725839 241
-0.9166667 -0.0781583 243
-0.9166667 -0.0837328 243
-0.9166667 -0.0893072 241
-0.9166667 -0.0948816 241
-0.9166667 -0.1004561 241
-0.9166667 -0.1060305 241
-0.9166667 -0.1116050 243
-0.9166667 -0.1171795 243
-0.9166667 -0.1227539 241
-0.9166667 -0.1283283 241
-0.9166667 -0.1339028 241
-0.9166667 -0.1394772 241
-0.9166667 -0.1450516 241
-0.9166667 -0.1506261 243
-0.9166667 -0.1562005 243
-0.9166667 -0.1617749 241
-0.9166667 -0.1673494 241
-0.9166667 -0.1729239 241
-0.9166667 -0.1784983 241
-0.9166667 -0.1840727 243
-0.9166667 -0.1896472 243
-0.9166667 -0.1952216 241
-0.9166667 -0.2007960 241
-0.9166667 -0.2063705 241
-0.9166667 -0.2119449 241
-0.9166667 -0.2175193 243
-0.9166667 -0.2230938 243
-0.9166667 -0.2286683 241
-0.9166667 -0.2342426 241
-0.9166667 -0.2398171 241
-0.9166667 -0.2453916 241
-0.9166667 -0.2509660 243
-0.9166667 -0.2565404 243
-0.9166667 -0.2621149 241
-0.9166667 -0.2676893 241
-0.9166667 -0.2732638 241
-0.9166667 -0.2788382 241
-0.9166667 -0.2844126 241
-0.9166667 -0.2899870 243
-0.9166667 -0.2955615 243
-0.9166667 -0.3011360 241
-0.9166667 -0.3067103 241
-0.9166667 -0.3122848 241
-0.9166667 -0.3178592 241
-0.9166667 -0.3234337 243
-0.9166667 -0.3290082 243
-0.9166667 -0.3345826 241
-0.9166667 -0.3401570 241
-0.9166667 -0.3457316 241
-0.9166667 -0.3513060 241
-0.9166667 -0.3568803 243
-0.9166667 -0.3624548 243
-0.9166667 -0.3680292 241
-0.9166667 -0.3736037 241
-0.9166667 -0.3791782 241
-0.9166667 -0.3847526 241
-0.9166667 -0.3903270 243
-0.9166667 -0.3959015 243
-0.9166667 -0.4014760 241
-0.9166667 -0.4070504 241
-0.9166667 -0.4126248 241
-0.9166667 -0.4181992 241
-0.9166667 -0.4237736 241
-0.9166667 -0.4293481 243
-0.9166667 -0.4349226 243
-0.9166667 -0.4404970 241
-0.9166667 -0.4460714 241
-0.9166667 -0.4516458 241
-0.9166667 -0.4572202 241
-0.9166667 -0.4627947 243
-0.9166667 -0.4683692 243
-0.9166667 -0.4739436 241
-0.9166667 -0.4795180 241
-0.9166667 -0.4850925 241
-0.9166667 -0.4906670 241
-0.9166667 -0.4962414 243
-0.9166667 -0.5018159 243
-0.9166667 -0.5073902 241
-0.9166667 -0.5129646 241
-0.9166667 -0.5185391 241
-0.9166667 -0.5241136 241
-0.9166667 -0.5296880 243
-0.9166667 -0.5352625 243
-0.9166667 -0.5408369 241
-0.9166667 -0.5464114 241
-0.9166667 -0.5519859 241
-0.9166667 -0.5575602 241
-0.9166667 -0.5631346 241
-0.9166667 -0.5687090 243
-0.9166667 -0.5742835 243
-0.9166667 -0.5798580 241
-0.9166667 -0.5854324 241
-0.9166667 -0.5910069 241
-0.9166667 -0.5965813 241
-0.9166667 -0.6021558 243
-0.9166667 -0.6077303 243
-0.9166667 -0.6133046 241
-0.9166667 -0.6188790 241
-0.9166667 -0.6244535 241
-0.9166667 -0.6300280 241
-0.9166667 -0.6356024 243
-0.9166667 -0.6411769 243
-0.9166667 -0.6467513 241
-0.9166667 -0.6523256 241
-0.9166667 -0.6579002 241
-0.9166667 -0.6634746 241
-0.9166667 -0.6690490 243
-0.9166667 -0.6746235 243
-0.9166667 -0.6801979 241
-0.9166667 -0.6857724 241
-0.9166667 -0.6913469 0
-0.9164563 -0.6969213 0
-0.9160679 -0.7025209 0
-0.9156796 -0.7081204 0
-0.9152913 -0.7136667 0
-0.9149029 -0.7191599 0
-0.9145146 -0.7246000 0
-0.9141262 -0.7299870 0
-0.9137378 -0.7353209 0
-0.9133496 -0.7406017 0
-0.9129612 -0.7458294 0
-0.9125728 -0.7510040 0
-0.9121844 -0.7561255 0
-0.9117961 -0.7611938 0
-0.9114078 -0.7662090 0
-0.9110194 -0.7711688 0
-0.9106311 -0.7760756 0
-0.9102427 -0.7809292 0
-0.9098543 -0.7857297 0
-0.9094660 -0.7904771 0
-0.9090777 -0.7951714 0
-0.9086894 -0.7998126 0
-0.9083010 -0.8044007 0
-0.9079126 -0.8089356 0
-0.9075243 -0.8134175 0
-0.9071359 -0.8178463 0
-0.9067476 -0.8222219 0
-0.9063592 -0.8265444 0
-0.9059709 -0.8308138 0
-0.9055825 -0.8350302 0
-0.9051942 -0.8391934 0
-0.9048059 -0.8433035 0
-0.9044175 -0.8473604 0
-0.9040291 -0.8513643 0
-0.9036408 -0.8553151 0
-0.9032525 -0.8592128 0
-0.9028641 -0.8630574 0
-0.9024757 -0.8668488 0
-0.9020873 -0.8705872 0
-0.9016990 -0.8742724 0
-0.9013107 -0.8779022 0
-0.9009224 -0.8814789 0
-0.9005340 -0.8850025 0
-0.9001456 -0.8884730 0
-0.8997573 -0.8918904 0
-0.8993689 -0.8952547 0
-0.8989806 -0.8985659 0
-0.8985922 -0.9018240 0
-0.8982039 -0.9050289 0
-0.8978155 -0.9081807 0
-0.8974272 -0.9112794 0
-0.8970389 -0.9143251 0
-0.8966505 -0.9173177 0
-0.8962621 -0.9202571 0
-0.8958738 -0.9231434 0
-0.8954854 -0.9259766 0
-0.8950971 -0.9287567 0
-0.8947087 -0.9314836 0
-0.8943204 -0.9341576 0
-0.8939320 -0.9367783 0
-0.8935437 -0.9393460 0
-0.8931554 -0.9418606 0
-0.8927670 -0.9443220 0
-0.8923786 -0.9467302 0
-0.8919903 -0.9490855 0
-0.8916020 -0.9513854 0
-0.8912136 -0.9536320 0
-0.8908252 -0.9558257 0
-0.8904369 -0.9579661 0
-0.8900485 -0.9600535 0
-0.8896602 -0.9620877 0
-0.8892719 -0.9640689 0
-0.8888835 -0.9659970 0
-0.8884952 -0.9678719 0
-0.8881068 -0.9696938 0
-0.8877185 -0.9714625 0
-0.8873301 -0.9731781 0
-0.8869417 -0.9748406 0
-0.8865534 -0.9764500 0
-0.8861650 -0.9780063 0
-0.8857767 -0.9795095 0
-0.8853883 -0.9809596 0
-0.8850000 -0.9823566 0
-0.8846117 -0.9837005 0
-0.8842233 -0.9849912 0
-0.8838350 -0.9862289 0
-0.8834466 -0.9874134 0
-0.8830582 -0.9885449 0
-0.8826699 -0.9896232 0
-0.8822815 -0.9906483 0
-0.8818932 -0.9916182 0
-0.8815049 -0.9925349 0
-0.8811165 -0.9933984 0
-0.8807282 -0.9942090 0
-0.8803398 -0.9949663 0
-0.8799515 -0.9956705 0
-0.8795631 -0.9963217 0
-0.8791747 -0.9969197 0
-0.8787864 -0.9974647 0
-0.8783980 -0.9979565 0
-0.8780097 -0.9983952 0
-0.8776214 -0.9987808 0
-0.8772330 -0.9991133 0
-0.8768446 -0.9993927 0
-0.8764563 -0.9996190 0
-0.8760680 -0.9997921 0
-0.8756796 -0.9999122 0
-0.8752912 -0.9999793 0
-0.8749029 -0.9999932 8
-0.8745146 -0.9999547 8
-0.8741262 -0.9998641 8
-0.8737379 -0.9997214 8
-0.8733495 -0.9995267 8
-0.8729611 -0.9992799 8
-0.8725728 -0.9989810 8
-0.8721845 -0.9986278 8
-0.8717962 -0.9982225 8
-0.8714078 -0.9977650 8
-0.8710194 -0.9972555 8
-0.8706311 -0.9966940 8
-0.8702427 -0.9960803 8
-0.8698544 -0.9954145 8
-0.8694660 -0.9946967 8
-0.8690777 -0.9939268 8
-0.8686893 -0.9931048 8
-0.8683010 -0.9922308 8
-0.8679127 -0.9913046 8
-0.8675243 -0.9903264 8
-0.8671359 -0.9892961 8
-0.8667476 -0.9882137 8
-0.8663592 -0.9870792 8
-0.8659709 -0.9858926 8
-0.8655825 -0.9846540 8
-0.8651941 -0.9833632 8
-0.8648058 -0.9820205 8
-0.8644175 -0.9806255 8
-0.8640292 -0.9791786 8
-0.8636408 -0.9776795 8
-0.8632524 -0.9761284 8
-0.8628641 -0.9745252 8
-0.8624757 -0.9728677 8
-0.8620874 -0.9711580 8
-0.8616990 -0.9693963 8
-0.8613106 -0.9675824 8
-0.8609224 -0.9657166 8
-0.8605340 -0.9637986 8
-0.8601457 -0.9618285 8
-0.8597573 -0.9598064 8
-0.8593689 -0.9577322 8
-0.8589806 -0.9556059 8
-0.8585922 -0.9534275 8
-0.8582039 -0.9511970 8
-0.8578155 -0.9489145 8
-0.8574272 -0.9465799 8
-0.8570388 -0.9441932 8
-0.8566505 -0.9417544 8
-0.8562622 -0.9392635 8
-0.8558738 -0.9367206 8
-0.8554854 -0.9341255 8
-0.8550971 -0.9314784 8
-0.8547088 -0.9287792 8
-0.8543204 -0.9260279 8
-0.8539320 -0.9232245 8
-0.8535437 -0.9203692 8
-0.8531553 -0.9174616 8
-0.8527670 -0.9144997 8
-0.8523787 -0.9114858 8
-0.8519903 -0.9084197 8
-0.8516019 -0.9053016 8
-0.8512136 -0.9021314 8
-0.8508253 -0.8989091 8
-0.8504369 -0.8956347 8
-0.8500485 -0.8923083 8
-0.8496602 -0.8889298 8
-0.8492718 -0.8854991 8
-0.8488835 -0.8820164 8
-0.8484952 -0.8784816 8
-0.8481068 -0.8748948 8
-0.8477185 -0.8712559 8
-0.8473301 -0.8675649 8
-0.8469417 -0.8638218 8
-0.8465534 -0.8600266 8
-0.8461650 -0.8561793 8
-0.8457767 -0.8522800 8
-0.8453883 -0.8483286 8
-0.8450000 -0.8443250 8
-0.8446117 -0.8402695 8
-0.8442233 -0.8361618 8
-0.8438349 -0.8320020 8
-0.8434466 -0.8277902 8
-0.8430583 -0.8235241 8
-0.8426699 -0.8192057 8
-0.8422815 -0.8148355 8
-0.8418932 -0.8104129 8
-0.8415048 -0.8059385 8
-0.8411165 -0.8014119 8
-0.8407282 -0.7968332 8
-0.8403398 -0.7922025 8
-0.8399515 -0.7875196 8
-0.8395631 -0.7827847 8
-0.8391748 -0.7779977 8
-0.8387864 -0.7731586 8
-0.8383980 -0.7682674 8
-0.8380097 -0.7633242 8
-0.8376214 -0.7583289 8
-0.8372330 -0.7532814 8
-0.8368447 -0.7481819 8
-0.8364563 -0.7430303 8
-0.8360680 -0.7378267 8
-0.8356796 -0.7325710 8
-0.8352913 -0.7272632 8
-0.8349029 -0.7219033 8
-0.8345145 -0.7164912 8
-0.8341262 -0.7110272 8
-0.8337379 -0.7055111 8
-0.8333495 -0.6999406 249
-0.8333333 -0.6943663 249
-0.8333333 -0.6887919 251
-0.8333333 -0.6832174 251
-0.8333333 -0.6776429 249
-0.8333333 -0.6720685 249
-0.8333333 -0.6664941 249
-0.8333333 -0.6609197 249
-0.8333333 -0.6553452 251
-0.8333333 -0.6497707 251
-0.8333333 -0.6441963 249
-0.8333333 -0.6386219 249
-0.8333333 -0.6330475 249
-0.8333333 -0.6274730 249
-0.8333333 -0.6218985 249
-0.8333333 -0.6163241 251
-0.8333333 -0.6107497 251
-0.8333333 -0.6051753 249
-0.8333333 -0.5996008 249
-0.8333333 -0.5940264 249
-0.8333333 -0.5884519 249
-0.8333333 -0.5828775 251
-0.8333333 -0.5773031 251
-0.8333333 -0.5717285 249
-0.8333333 -0.5661541 249
-0.8333333 -0.5605797 249
-0.8333333 -0.5550053 249
-0.8333333 -0.5494309 251
-0.8333333 -0.5438564 251
-0.8333333 -0.5382819 249
-0.8333333 -0.5327075 249
-0.8333333 -0.5271331 249
-0.8333333 -0.5215586 249
-0.8333333 -0.5159841 251
-0.8333333 -0.5104097 251
-0.8333333 -0.5048353 249
-0.8333333 -0.4992609 249
-0.8333333 -0.4936865 249
-0.8333333 -0.4881120 249
-0.8333333 -0.4825375 249
-0.8333333 -0.4769631 251
-0.8333333 -0.4713887 251
-0.8333333 -0.4658142 249
-0.8333333 -0.4602398 249
-0.8333333 -0.4546653 249
-0.8333333 -0.4490909 249
-0.8333333 -0.4435165 251
-0.8333333 -0.4379421 251
-0.8333333 -0.4323676 249
-0.8333333 -0.4267931 249
-0.8333333 -0.4212187 249
-0.8333333 -0.4156442 249
-0.8333333 -0.4100698 251
-0.8333333 -0.4044955 251
-0.8333333 -0.3989210 249
-0.8333333 -0.3933465 249
-0.8333333 -0.3877721 249
-0.8333333 -0.3821976 249
-0.8333333 -0.3766232 251
-0.8333333 -0.3710487 251
-0.8333333 -0.3654742 249
-0.8333333 -0.3598998 249
-0.8333333 -0.3543254 249
-0.8333333 -0.3487510 249
-0.8333333 -0.3431765 249
-0.8333333 -0.3376021 251
-0.8333333 -0.3320276 251
-0.8333333 -0.3264532 249
-0.8333333 -0.3208787 249
-0.8333333 -0.3153043 249
-0.8333333 -0.3097298 249
-0.8333333 -0.3041554 251
-0.8333333 -0.2985809 251
-0.8333333 -0.2930065 249
-0.8333333 -0.2874321 249
-0.8333333 -0.2818577 249
-0.8333333 -0.2762831 249
-0.8333333 -0.2707088 251
-0.8333333 -0.2651343 251
-0.8333333 -0.2595598 249
-0.8333333 -0.2539854 249
-0.8333333 -0.2484110 249
-0.8333333 -0.2428366 249
-0.8333333 -0.2372621 251
-0.8333333 -0.2316877 251
-0.8333333 -0.2261132 249
-0.8333333 -0.2205388 249
-0.8333333 -0.2149644 249
-0.8333333 -0.2093899 249
-0.8333333 -0.2038154 249
-0.8333333 -0.1982410 251
-0.8333333 -0.1926667 251
-0.8333333 -0.1870922 249
-0.8333333 -0.1815177 249
-0.8333333 -0.1759433 249
-0.8333333 -0.1703688 249
-0.8333333 -0.1647944 251
-0.8333333 -0.1592200 251
-0.8333333 -0.1536456 249
-0.8333333 -0.1480711 249
-0.8333333 -0.1424967 249
-0.8333333 -0.1369222 249
-0.8333333 -0.1313478 251
-0.8333333 -0.1257733 251
-0.8333333 -0.1201988 249
-0.8333333 -0.1146244 249
-0.8333333 -0.1090500 249
-0.8333333 -0.1034755 249
-0.8333333 -0.0979011 251
-0.8333333 -0.0923267 251
-0.8333333 -0.0867522 249
-0.8333333 -0.0811778 249
-0.8333333 -0.0756034 249
-0.8333333 -0.0700289 249
-0.8333333 -0.0644544 249
-0.8333333 -0.0588800 251
-0.8333333 -0.0533056 251
-0.8333333 -0.0477312 249
-0.8333333 -0.0421567 249
-0.8333333 -0.0365823 249
-0.8333333 -0.0310078 249
-0.8333333 -0.0254334 251
-0.8333333 -0.0198590 251
-0.8333333 -0.0142845 249
-0.8333333 -0.0087100 249
-0.8333333 -0.0031356 249
-0.8333333 0.0024390 249
-0.8333333 0.0080133 251
-0.8333333 0.0135877 251
-0.8333333 0.0191622 249
-0.8333333 0.0247366 249
-0.8333333 0.0303110 249
-0.8333333 0.0358855 249
-0.8333333 0.0414600 251
-0.8333333 0.0470344 251
-0.8333333 0.0526089 249
-0.8333333 0.0581833 249
-0.8333333 0.0637577 249
-0.8333333 0.0693321 249
-0.8333333 0.0749066 249
-0.8333333 0.0804810 251
-0.8333333 0.0860554 251
-0.8333333 0.0916299 249
-0.8333333 0.0972043 249
-0.8333333 0.1027788 249
-0.8333333 0.1083532 249
-0.8333333 0.1139277 251
-0.8333333 0.1195021 251
-0.8333333 0.1250766 249
-0.8333333 0.1306510 249
-0.8333333 0.1362254 249
-0.8333333 0.1417999 249
-0.8333333 0.1473743 251
-0.8333333 0.1529488 251
-0.8333333 0.1585232 249
-0.8333333 0.1640976 249
-0.8333333 0.1696721 249
-0.8333333 0.1752466 249
-0.8333333 0.1808210 251
-0.8333333 0.1863954 251
-0.8333333 0.1919699 249
-0.8333333 0.1975442 249
-0.8333333 0.2031186 249
-0.8333333 0.2086931 249
-0.8333333 0.2142676 249
-0.8333333 0.2198420 251
-0.8333333 0.2254165 251
-0.8333333 0.2309910 249
-0.8333333 0.2365654 249
-0.8333333 0.2421398 249
-0.8333333 0.2477143 249
-0.8333333 0.2532886 251
-0.8333333 0.2588630 251
-0.8333333 0.2644375 249
-0.8333333 0.2700120 249
-0.8333333 0.2755864 249
-0.8333333 0.2811610 249
-0.8333333 0.2867354 251
-0.8333333 0.2923098 251
-0.8333333 0.2978843 249
-0.8333333 0.3034586 249
-0.8333333 0.3090330 249
-0.8333333 0.3146075 249
-0.8333333 0.3201820 251
-0.8333333 0.3257564 251
-0.8333333 0.3313309 249
-0.8333333 0.3369053 249
-0.8333333 0.3424798 249
-0.8333333 0.3480542 249
-0.8333333 0.3536286 249
-0.8333333 0.3592030 251
-0.8333333 0.3647774 251
-0.8333333 0.3703519 249
-0.8333333 0.3759264 249
-0.8333333 0.3815008 249
-0.8333333 0.3870753 249
-0.8333333 0.3926497 251
-0.8333333 0.3982241 251
-0.8333333 0.4037987 249
-0.8333333 0.4093730 249
-0.8333333 0.4149474 249
-0.8333333 0.4205219 249
-0.8333333 0.4260963 251
-0.8333333 0.4316708 251
-0.8333333 0.4372453 249
-0.8333333 0.4428197 249
-0.8333333 0.4483941 249
-0.8333333 0.4539685 249
-0.8333333 0.4595430 251
-0.8333333 0.4651174 251
-0.8333333 0.4706919 249
-0.8333333 0.4762663 249
-0.8333333 0.4818407 249
-0.8333333 0.4874152 249
-0.8333333 0.4929897 249
-0.8333333 0.4985641 251
-0.8333333 0.5041385 251
-0.8333333 0.5097129 249
-0.8333333 0.5152873 249
-0.8333333 0.5208618 249
-0.8333333 0.5264363 249
-0.8333333 0.5320107 251
-0.8333333 0.5375851 251
-0.8333333 0.5431596 249
-0.8333333 0.5487341 249
-0.8333333 0.5543085 249
-0.8333333 0.5598829 249
-0.8333333 0.5654573 251
-0.8333333 0.5710317 251
-0.8333333 0.5766062 249
-0.8333333 0.5821807 249
-0.8333333 0.5877551 249
-0.8333333 0.5933296 249
-0.8333333 0.5989041 251
-0.8333333 0.6044785 251
-0.8333333 0.6100529 249
-0.8333333 0.6156273 249
-0.8333333 0.6212017 249
-0.8333333 0.6267762 249
-0.8333333 0.6323507 249
-0.8333333 0.6379251 251
-0.8333333 0.6434995 251
-0.8333333 0.6490739 249
-0.8333333 0.6546484 249
-0.8333333 0.6602229 249
-0.8333333 0.6657973 249
-0.8333333 0.6713717 251
-0.8333333 0.6769461 251
-0.8333333 0.6825206 249
-0.8333333 0.6880951 249
-0.8333333 0.6936695 8
-0.8329612 0.6992440 8
-0.8325728 0.7048645 8
-0.8321845 0.7104409 8
-0.8317961 0.7159642 8
-0.8314078 0.7214343 8
-0.8310195 0.7268513 8
-0.8306311 0.7322152 8
-0.8302427 0.7375261 8
-0.8298543 0.7427838 8
-0.8294660 0.7479883 8
-0.8290777 0.7531398 8
-0.8286893 0.7582383 8
-0.8283010 0.7632835 8
-0.8279127 0.7682756 8
-0.8275243 0.7732147 8
-0.8271359 0.7781007 8
-0.8267475 0.7829335 8
-0.8263592 0.7877131 8
-0.8259709 0.7924398 8
-0.8255825 0.7971133 8
-0.8251942 0.8017337 8
-0.8248058 0.8063011 8
-0.8244175 0.8108153 8
-0.8240291 0.8152763 8
-0.8236408 0.8196819 8
-0.8232525 0.8240345 8
-0.8228641 0.8283339 8
-0.8224757 0.8325802 8
-0.8220874 0.8367735 8
-0.8216990 0.8409137 8
-0.8213107 0.8450005 8
-0.8209223 0.8490344 8
-0.8205340 0.8530153 8
-0.8201456 0.8569430 8
-0.8197573 0.8608176 8
-0.8193690 0.8646391 8
-0.8189806 0.8684074 8
-0.8185922 0.8721226 8
-0.8182039 0.8757847 8
-0.8178155 0.8793938 8
-0.8174272 0.8829498 8
-0.8170388 0.8864527 8
-0.8166504 0.8899023 8
-0.8162622 0.8932990 8
-0.8158738 0.8966424 8
-0.8154855 0.8999327 8
-0.8150971 0.9031700 8
-0.8147087 0.9063543 8
-0.8143204 0.9094853 8
-0.8139320 0.9125610 8
-0.8135437 0.9155836 8
-0.8131553 0.9185530 8
-0.8127669 0.9214693 8
-0.8123787 0.9243325 8
-0.8119903 0.9271427 8
-0.8116020 0.9298996 8
-0.8112136 0.9326036 8
-0.8108253 0.9352543 8
-0.8104369 0.9378520 8
-0.8100485 0.9403966 8
-0.8096602 0.9428881 8
-0.8092718 0.9453264 8
-0.8088835 0.9477116 8
-0.8084951 0.9500437 8
-0.8081068 0.9523227 8
-0.8077185 0.9545487 8
-0.8073301 0.9567216 8
-0.8069417 0.9588412 8
-0.8065534 0.9609078 8
-0.8061651 0.9629213 8
-0.8057767 0.9648818 8
-0.8053883 0.9667890 8
-0.8050000 0.9686431 8
-0.8046116 0.9704442 8
-0.8042233 0.9721899 8
-0.8038350 0.9738824 8
-0.8034466 0.9755218 8
-0.8030582 0.9771081 8
-0.8026699 0.9786413 8
-0.8022816 0.9801214 8
-0.8018932 0.9815483 8
-0.8015048 0.9829222 8
-0.8011165 0.9842430 8
-0.8007281 0.9855107 8
-0.8003398 0.9867253 8
-0.7999515 0.9878867 8
-0.7995631 0.9889951 8
-0.7991748 0.9900503 8
-0.7987864 0.9910524 8
-0.7983981 0.9920015 8
-0.7980097 0.9928974 8
-0.7976213 0.9937402 8
-0.7972330 0.9945299 8
-0.7968446 0.9952665 8
-0.7964563 0.9959498 8
-0.7960680 0.9965803 8
-0.7956796 0.9971576 8
-0.7952913 0.9976817 8
-0.7949029 0.9981527 8
-0.7945146 0.9985684 8
-0.7941262 0.9989310 8
-0.7937378 0.9992403 8
-0.7933495 0.9994966 8
-0.7929611 0.9996998 8
-0.7925728 0.9998499 8
-0.7921845 0.9999470 8
-0.7917961 0.9999908 0
-0.7914078 0.9999819 0
-0.7910194 0.9999208 0
-0.7906311 0.9998075 0
-0.7902427 0.9996421 0
-0.7898543 0.9994248 0
-0.7894660 0.9991554 0
-0.7890777 0.9988338 0
-0.7886893 0.9984602 0
-0.7883010 0.9980345 0
-0.7879126 0.9975568 0
-0.7875243 0.9970268 0
-0.7871359 0.9964449 0
-0.7867476 0.9958108 0
-0.7863592 0.9951247 0
-0.7859708 0.9943865 0
-0.7855825 0.9935963 0
-0.7851942 0.9927537 0
-0.7848058 0.9918573 0
-0.7844175 0.9909083 0
-0.7840291 0.9899076 0
-0.7836408 0.9888545 0
-0.7832524 0.9877495 0
-0.7828641 0.9865923 0
-0.7824758 0.9853831 0
-0.7820874 0.9841218 0
-0.7816990 0.9828084 0
-0.7813107 0.9814429 0
-0.7809223 0.9800254 0
-0.7805340 0.9785558 0
-0.7801456 0.9770341 0
-0.7797573 0.9754603 0
-0.7793690 0.9738346 0
-0.7789806 0.9721566 0
-0.7785923 0.9704265 0
-0.7782039 0.9686445 0
-0.7778155 0.9668103 0
-0.7774272 0.9649240 0
-0.7770388 0.9629856 0
-0.7766505 0.9609952 0
-0.7762621 0.9589527 0
-0.7758738 0.9568582 0
-0.7754855 0.9547114 0
-0.7750971 0.9525104 0
-0.7747088 0.9502573 0
-0.7743204 0.9479520 0
-0.7739320 0.9455949 0
-0.7735437 0.9431855 0
-0.7731553 0.9407241 0
-0.7727670 0.9382106 0
-0.7723786 0.9356449 0
-0.7719903 0.9330272 0
-0.7716019 0.9303575 0
-0.7712136 0.9276357 0
-0.7708253 0.9248618 0
-0.7704369 0.9220358 0
-0.7700485 0.9191577 0
-0.7696602 0.9162275 0
-0.7692718 0.9132452 0
-0.7688835 0.9102109 0
-0.7684951 0.9071245 0
-0.7681068 0.9039861 0
-0.7677185 0.9007954 0
-0.7673301 0.8975527 0
-0.7669418 0.8942579 0
-0.7665534 0.8909111 0
-0.7661650 0.8875122 0
-0.7657767 0.8840612 0
-0.7653884 0.8805559 0
-0.7650000 0.8769984 0
-0.7646116 0.8733890 0
-0.7642232 0.8697275 0
-0.7638350 0.8660138 0
-0.7634466 0.8622480 0
-0.7630583 0.8584302 0
-0.7626699 0.8545603 0
-0.7622816 0.8506383 0
-0.7618932 0.8466642 0
-0.7615048 0.8426381 0
-0.7611165 0.8385599 0
-0.7607281 0.8344295 0
-0.7603398 0.8302471 0
-0.7599515 0.8260127 0
-0.7595631 0.8217261 0
-0.7591748 0.8173874 0
-0.7587864 0.8129967 0
-0.7583981 0.8085538 0
-0.7580097 0.8040590 0
-0.7576214 0.7995120 0
-0.7572330 0.7949130 0
-0.7568446 0.7902618 0
-0.7564563 0.7855586 0
-0.7560679 0.7808033 0
-0.7556797 0.7759937 0
-0.7552913 0.7711320 0
-0.7549029 0.7662181 0
-0.7545145 0.7612522 0
-0.7541262 0.7562343 0
-0.7537379 0.7511642 0
-0.7533495 0.7460420 0
-0.7529611 0.7408679 0
-0.7525728 0.7356416 0
-0.7521845 0.7303632 0
-0.7517961 0.7250327 0
-0.7514078 0.7196501 0
-0.7510194 0.7142155 0
-0.7506311 0.7087288 0
-0.7502427 0.7031901 0
-0.7500000 0.6976181 241
-0.7500000 0.6920437 241
-0.7500000 0.6864692 243
-0.7500000 0.6808947 243
-0.7500000 0.6753203 241
-0.7500000 0.6697458 241
-0.7500000 0.6641714 241
-0.7500000 0.6585970 241
-0.7500000 0.6530224 243
-0.7500000 0.6474481 243
-0.7500000 0.6418737 241
-0.7500000 0.6362992 241
-0.7500000 0.6307248 241
-0.7500000 0.6251503 241
-0.7500000 0.6195758 243
-0.7500000 0.6140014 243
-0.7500000 0.6084270 241
-0.7500000 0.6028525 241
-0.7500000 0.5972781 241
-0.7500000 0.5917037 241
-0.7500000 0.5861292 243
-0.7500000 0.5805548 243
-0.7500000 0.5749803 243
-0.7500000 0.5694059 241
-0.7500000 0.5638314 241
-0.7500000 0.5582570 241
-0.7500000 0.5526827 241
-0.7500000 0.5471082 243
-0.7500000 0.5415337 243
-0.7500000 0.5359593 241
-0.7500000 0.5303848 241
-0.7500000 0.5248104 241
-0.7500000 0.5192360 241
-0.7500000 0.5136614 243
-0.7500000 0.5080870 243
-0.7500000 0.5025127 241
-0.7500000 0.4969382 241
-0.7500000 0.4913638 241
-0.7500000 0.4857893 241
-0.7500000 0.4802148 243
-0.7500000 0.4746404 243
-0.7500000 0.4690660 241
-0.7500000 0.4634915 241
-0.7500000 0.4579170 241
-0.7500000 0.4523426 241
-0.7500000 0.4467682 243
-0.7500000 0.4411938 243
-0.7500000 0.4356194 243
-0.7500000 0.4300449 241
-0.7500000 0.4244704 241
-0.7500000 0.4188960 241
-0.7500000 0.4133216 241
-0.7500000 0.4077472 243
-0.7500000 0.4021728 243
-0.7500000 0.3965983 241
-0.7500000 0.3910238 241
-0.7500000 0.3854494 241
-0.7500000 0.3798750 241
-0.7500000 0.3743004 243
-0.7500000 0.3687260 243
-0.7500000 0.3631516 241
-0.7500000 0.3575771 241
-0.7500000 0.3520028 241
-0.7500000 0.3464283 241
-0.7500000 0.3408538 243
-0.7500000 0.3352793 243
-0.7500000 0.3297049 241
-0.7500000 0.3241305 241
-0.7500000 0.3185560 241
-0.7500000 0.3129816 241
-0.7500000 0.3074071 243
-0.7500000 0.3018327 243
-0.7500000 0.2962583 243
-0.7500000 0.2906839 241
-0.7500000 0.2851094 241
-0.7500000 0.2795350 241
-0.7500000 0.2739605 241
-0.7500000 0.2683861 243
-0.7500000 0.2628116 243
-0.7500000 0.2572372 241
-0.7500000 0.2516627 241
-0.7500000 0.2460884 241
-0.7500000 0.2405139 241
-0.7500000 0.2349394 243
-0.7500000 0.2293650 243
-0.7500000 0.2237906 241
-0.7500000 0.2182161 241
-0.7500000 0.2126417 241
-0.7500000 0.2070672 241
-0.7500000 0.2014927 243
-0.7500000 0.1959184 243
-0.7500000 0.1903440 241
-0.7500000 0.1847695 241
-0.7500000 0.1791950 241
-0.7500000 0.1736206 241
-0.7500000 0.1680461 243
-0.7500000 0.1624717 243
-0.7500000 0.1568973 243
-0.7500000 0.1513229 241
-0.7500000 0.1457484 241
-0.7500000 0.1401740 241
-0.7500000 0.1345996 241
-0.7500000 0.1290251 243
-0.7500000 0.1234506 243
-0.7500000 0.1178762 241
-0.7500000 0.1123017 241
-0.7500000 0.1067273 241
-0.7500000 0.1011528 241
-0.7500000 0.0955784 243
-0.7500000 0.0900040 243
-0.7500000 0.0844296 241
-0.7500000 0.0788551 241
-0.7500000 0.0732807 241
-0.7500000 0.0677062 241
-0.7500000 0.0621317 243
-0.7500000 0.0565573 243
-0.7500000 0.0509829 241
-0.7500000 0.0454085 241
-0.7500000 0.0398340 241
-0.7500000 0.0342596 241
-0.7500000 0.0286851 243
-0.7500000 0.0231107 243
-0.7500000 0.0175363 243
-0.7500000 0.0119618 241
-0.7500000 0.0063873 241
-0.7500000 0.0008129 241
-0.7500000 -0.0047615 241
-0.7500000 -0.0103360 243
-0.7500000 -0.0159104 243
-0.7500000 -0.0214849 241
-0.7500000 -0.0270594 241
-0.7500000 -0.0326337 241
-0.7500000 -0.0382081 241
-0.7500000 -0.0437827 243
-0.7500000 -0.0493571 243
-0.7500000 -0.0549315 241
-0.7500000 -0.0605060 241
-0.7500000 -0.0660804 241
-0.7500000 -0.0716548 241
-0.7500000 -0.0772293 243
-0.7500000 -0.0828037 243
-0.7500000 -0.0883781 241
-0.7500000 -0.0939526 241
-0.7500000 -0.0995271 241
-0.7500000 -0.1051015 241
-0.7500000 -0.1106759 243
-0.7500000 -0.1162504 243
-0.7500000 -0.1218248 243
-0.7500000 -0.1273992 241
-0.7500000 -0.1329737 241
-0.7500000 -0.1385481 241
-0.7500000 -0.1441225 241
-0.7500000 -0.1496970 243
-0.7500000 -0.1552715 243
-0.7500000 -0.1608458 241
-0.7500000 -0.1664203 241
-0.7500000 -0.1719948 241
-0.7500000 -0.1775692 241
-0.7500000 -0.1831437 243
-0.7500000 -0.1887181 243
-0.7500000 -0.1942925 241
-0.7500000 -0.1998670 241
-0.7500000 -0.2054414 241
-0.7500000 -0.2110158 241
-0.7500000 -0.2165903 243
-0.7500000 -0.2221647 243
-0.7500000 -0.2277392 241
-0.7500000 -0.2333136 241
-0.7500000 -0.2388881 241
-0.7500000 -0.2444625 241
-0.7500000 -0.2500369 243
-0.7500000 -0.2556113 243
-0.7500000 -0.2611858 243
-0.7500000 -0.2667602 241
-0.7500000 -0.2723347 241
-0.7500000 -0.2779091 241
-0.7500000 -0.2834835 241
-0.7500000 -0.2890580 243
-0.7500000 -0.2946324 243
-0.7500000 -0.3002069 241
-0.7500000 -0.3057813 241
-0.7500000 -0.3113557 241
-0.7500000 -0.3169301 241
-0.7500000 -0.3225047 243
-0.7500000 -0.3280791 243
-0.7500000 -0.3336535 241
-0.7500000 -0.3392280 241
-0.7500000 -0.3448025 241
-0.7500000 -0.3503769 241
-0.7500000 -0.3559513 243
-0.7500000 -0.3615257 243
-0.7500000 -0.3671001 241
-0.7500000 -0.3726746 241
-0.7500000 -0.3782491 241
-0.7500000 -0.3838235 241
-0.7500000 -0.3893980 243
-0.7500000 -0.3949724 243
-0.7500000 -0.4005469 243
-0.7500000 -0.4061213 241
-0.7500000 -0.4116957 241
-0.7500000 -0.4172701 241
-0.7500000 -0.4228445 241
-0.7500000 -0.4284190 243
-0.7500000 -0.4339935 243
-0.7500000 -0.4395679 241
-0.7500000 -0.4451424 241
-0.7500000 -0.4507168 241
-0.7500000 -0.4562911 241
-0.7500000 -0.4618657 243
-0.7500000 -0.4674401 243
-0.7500000 -0.4730145 241
-0.7500000 -0.4785890 241
-0.7500000 -0.4841634 241
-0.7500000 -0.4897379 241
-0.7500000 -0.4953124 243
-0.7500000 -0.5008868 243
-0.7500000 -0.5064612 241
-0.7500000 -0.5120356 241
-0.7500000 -0.5176101 241
-0.7500000 -0.5231845 241
-0.7500000 -0.5287590 243
-0.7500000 -0.5343334 243
-0.7500000 -0.5399078 243
-0.7500000 -0.5454823 241
-0.7500000 -0.5510568 241
-0.7500000 -0.5566312 241
-0.7500000 -0.5622055 241
-0.7500000 -0.5677800 243
-0.7500000 -0.5733544 243
-0.7500000 -0.5789289 241
-0.7500000 -0.5845034 241
-0.7500000 -0.5900778 241
-0.7500000 -0.5956522 241
-0.7500000 -0.6012268 243
-0.7500000 -0.6068012 243
-0.7500000 -0.6123755 241
-0.7500000 -0.6179500 241
-0.7500000 -0.6235244 241
-0.7500000 -0.6290989 241
-0.7500000 -0.6346734 243
-0.7500000 -0.6402478 243
-0.7500000 -0.6458222 241
-0.7500000 -0.6513966 241
-0.7500000 -0.6569711 241
-0.7500000 -0.6625456 241
-0.7500000 -0.6681200 243
-0.7500000 -0.6736944 243
-0.7500000 -0.6792688 243
-0.7500000 -0.6848433 241
-0.7500000 -0.6904178 241
-0.7498544 -0.6959922 0
-0.7494660 -0.7015834 0
-0.7490776 -0.7071921 0
-0.7486893 -0.7127477 0
-0.7483010 -0.7182501 0
-0.7479127 -0.7236994 0
-0.7475243 -0.7290957 0
-0.7471359 -0.7344388 0
-0.7467475 -0.7397289 0
-0.7463592 -0.7449658 0
-0.7459709 -0.7501473 0
-0.7455826 -0.7552757 0
-0.7451942 -0.7603510 0
-0.7448058 -0.7653731 0
-0.7444175 -0.7703422 0
-0.7440291 -0.7752582 0
-0.7436408 -0.7801210 0
-0.7432524 -0.7849307 0
-0.7428641 -0.7896874 0
-0.7424757 -0.7943909 0
-0.7420874 -0.7990414 0
-0.7416990 -0.8036387 0
-0.7413106 -0.8081829 0
-0.7409223 -0.8126740 0
-0.7405340 -0.8171120 0
-0.7401456 -0.8214968 0
-0.7397573 -0.8258286 0
-0.7393689 -0.8301073 0
-0.7389806 -0.8343328 0
-0.7385922 -0.8385053 0
-0.7382039 -0.8426246 0
-0.7378155 -0.8466908 0
-0.7374271 -0.8507039 0
-0.7370389 -0.8546640 0
-0.7366505 -0.8585709 0
-0.7362622 -0.8624224 0
-0.7358738 -0.8662208 0
-0.7354854 -0.8699660 0
-0.7350970 -0.8736582 0
-0.7347087 -0.8772972 0
-0.7343204 -0.8808832 0
-0.7339321 -0.8844160 0
-0.7335437 -0.8878957 0
-0.7331553 -0.8913224 0
-0.7327670 -0.8946959 0
-0.7323786 -0.8980163 0
-0.7319903 -0.9012836 0
-0.7316019 -0.9044978 0
-0.7312136 -0.9076589 0
-0.7308253 -0.9107668 0
-0.7304369 -0.9138217 0
-0.7300486 -0.9168236 0
-0.7296602 -0.9197722 0
-0.7292718 -0.9226677 0
-0.7288835 -0.9255101 0
-0.7284952 -0.9282995 0
-0.7281068 -0.9310357 0
-0.7277184 -0.9337189 0
-0.7273301 -0.9363488 0
-0.7269417 -0.9389257 0
-0.7265534 -0.9414472 0
-0.7261651 -0.9439156 0
-0.7257767 -0.9463308 0
-0.7253883 -0.9486930 0
-0.7250000 -0.9510021 0
-0.7246117 -0.9532579 0
-0.7242233 -0.9554608 0
-0.7238349 -0.9576105 0
-0.7234466 -0.9597071 0
-0.7230583 -0.9617506 0
-0.7226699 -0.9637410 0
-0.7222816 -0.9656783 0
-0.7218932 -0.9675625 0
-0.7215048 -0.9693936 0
-0.7211165 -0.9711716 0
-0.7207281 -0.9728964 0
-0.7203398 -0.9745681 0
-0.7199515 -0.9761868 0
-0.7195631 -0.9777523 0
-0.7191748 -0.9792647 0
-0.7187864 -0.9807240 0
-0.7183981 -0.9821303 0
-0.7180097 -0.9834834 0
-0.7176213 -0.9847834 0
-0.7172330 -0.9860303 0
-0.7168447 -0.9872218 0
-0.7164564 -0.9883601 0
-0.7160680 -0.9894454 0
-0.7156796 -0.9904775 0
-0.7152912 -0.9914565 0
-0.7149029 -0.9923825 0
-0.7145145 -0.9932553 0
-0.7141262 -0.9940750 0
-0.7137379 -0.9948416 0
-0.7133495 -0.9955551 0
-0.7129612 -0.9962155 0
-0.7125728 -0.9968228 0
-0.7121844 -0.9973769 0
-0.7117961 -0.9978780 0
-0.7114077 -0.9983259 0
-0.7110194 -0.9987208 0
-0.7106311 -0.9990625 0
-0.7102427 -0.9993511 0
-0.7098544 -0.9995867 0
-0.7094660 -0.9997691 0
-0.7090777 -0.9998984 0
-0.7086894 -0.9999747 0
-0.7083010 -0.9999977 8
-0.7079126 -0.9999683 8
-0.7075243 -0.9998868 8
-0.7071359 -0.9997509 8
-0.7067476 -0.9995629 8
-0.7063592 -0.9993230 8
-0.7059709 -0.9990308 8
-0.7055826 -0.9986867 8
-0.7051942 -0.9982904 8
-0.7048059 -0.9978420 8
-0.7044175 -0.9973416 8
-0.7040291 -0.9967891 8
-0.7036407 -0.9961844 8
-0.7032524 -0.9955277 8
-0.7028641 -0.9948190 8
-0.7024757 -0.9940582 8
-0.7020874 -0.9932452 8
-0.7016990 -0.9923802 8
-0.7013107 -0.9914631 8
-0.7009223 -0.9904940 8
-0.7005340 -0.9894727 8
-0.7001457 -0.9883994 8
-0.6997573 -0.9872740 8
-0.6993690 -0.9860964 8
-0.6989806 -0.9848669 8
-0.6985922 -0.9835851 8
-0.6982038 -0.9822515 8
-0.6978155 -0.9808655 8
-0.6974273 -0.9794254 8
-0.6970389 -0.9779331 8
-0.6966505 -0.9763888 8
-0.6962621 -0.9747924 8
-0.6958738 -0.9731439 8
-0.6954854 -0.9714433 8
-0.6950971 -0.9696906 8
-0.6947087 -0.9678859 8
-0.6943204 -0.9660291 8
-0.6939320 -0.9641202 8
-0.6935437 -0.9621591 8
-0.6931554 -0.9601460 8
-0.6927670 -0.9580809 8
-0.6923786 -0.9559637 8
-0.6919903 -0.9537943 8
-0.6916019 -0.9515729 8
-0.6912136 -0.9492994 8
-0.6908252 -0.9469739 8
-0.6904369 -0.9445963 8
-0.6900485 -0.9421665 8
-0.6896602 -0.9396847 8
-0.6892718 -0.9371508 8
-0.6888834 -0.9345648 8
-0.6884952 -0.9319267 8
-0.6881068 -0.9292366 8
-0.6877185 -0.9264922 8
-0.6873301 -0.9236955 8
-0.6869417 -0.9208469 8
-0.6865533 -0.9179462 8
-0.6861651 -0.9149934 8
-0.6857767 -0.9119885 8
-0.6853884 -0.9089315 8
-0.6850000 -0.9058224 8
-0.6846117 -0.9026613 8
-0.6842233 -0.8994481 8
-0.6838349 -0.8961827 8
-0.6834466 -0.8928653 8
-0.6830583 -0.8894959 8
-0.6826699 -0.8860743 8
-0.6822816 -0.8826006 8
-0.6818932 -0.8790749 8
-0.6815049 -0.8754971 8
-0.6811165 -0.8718673 8
-0.6807281 -0.8681853 8
-0.6803399 -0.8644513 8
-0.6799515 -0.8606651 8
-0.6795631 -0.8568270 8
-0.6791747 -0.8529367 8
-0.6787864 -0.8489944 8
-0.6783980 -0.8449998 8
-0.6780097 -0.8409511 8
-0.6776213 -0.8368502 8
-0.6772330 -0.8326972 8
-0.6768447 -0.8284922 8
-0.6764563 -0.8242351 8
-0.6760680 -0.8199258 8
-0.6756796 -0.8155646 8
-0.6752912 -0.8111511 8
-0.6749029 -0.8066857 8
-0.6745146 -0.8021682 8
-0.6741262 -0.7975986 8
-0.6737379 -0.7929769 8
-0.6733495 -0.7883031 8
-0.6729612 -0.7835772 8
-0.6725728 -0.7787993 8
-0.6721844 -0.7739693 8
-0.6717961 -0.7690871 8
-0.6714078 -0.7641530 8
-0.6710194 -0.7591667 8
-0.6706311 -0.7541284 8
-0.6702427 -0.7490378 8
-0.6698543 -0.7438953 8
-0.6694659 -0.7387008 8
-0.6690776 -0.7334541 8
-0.6686894 -0.7281554 8
-0.6683010 -0.7228022 8
-0.6679127 -0.7173970 8
-0.6675243 -0.7119397 8
-0.6671359 -0.7064304 8
-0.6667475 -0.7008690 249
-0.6666666 -0.6952954 249
-0.6666666 -0.6897210 251
-0.6666666 -0.6841465 251
-0.6666666 -0.6785720 249
-0.6666666 -0.6729976 249
-0.6666666 -0.6674231 249
-0.6666666 -0.6618488 249
-0.6666666 -0.6562743 249
-0.6666666 -0.6506998 251
-0.6666666 -0.6451254 251
-0.6666666 -0.6395510 249
-0.6666666 -0.6339766 249
-0.6666666 -0.6284021 249
-0.6666666 -0.6228276 249
-0.6666666 -0.6172532 251
-0.6666666 -0.6116787 251
-0.6666666 -0.6061044 249
-0.6666666 -0.6005299 249
-0.6666666 -0.5949554 249
-0.6666666 -0.5893810 249
-0.6666666 -0.5838066 251
-0.6666666 -0.5782321 251
-0.6666666 -0.5726576 249
-0.6666666 -0.5670832 249
-0.6666666 -0.5615087 249
-0.6666666 -0.5559344 249
-0.6666666 -0.5503600 251
-0.6666666 -0.5447855 251
-0.6666666 -0.5392110 249
-0.6666666 -0.5336366 249
-0.6666666 -0.5280621 249
-0.6666666 -0.5224877 249
-0.6666666 -0.5169132 249
-0.6666666 -0.5113388 251
-0.6666666 -0.5057644 251
-0.6666666 -0.5001900 249
-0.6666666 -0.4946156 249
-0.6666666 -0.4890411 249
-0.6666666 -0.4834666 249
-0.6666666 -0.4778922 251
-0.6666666 -0.4723177 251
-0.6666666 -0.4667433 249
-0.6666666 -0.4611689 249
-0.6666666 -0.4555943 249
-0.6666666 -0.4500200 249
-0.6666666 -0.4444456 251
-0.6666666 -0.4388711 251
-0.6666666 -0.4332967 249
-0.6666666 -0.4277222 249
-0.6666666 -0.4221477 249
-0.6666666 -0.4165733 249
-0.6666666 -0.4109989 251
-0.6666666 -0.4054245 251
-0.6666666 -0.3998500 249
-0.6666666 -0.3942756 249
-0.6666666 -0.3887011 249
-0.6666666 -0.3831267 249
-0.6666666 -0.3775523 249
-0.6666666 -0.3719778 251
-0.6666666 -0.3664033 251
-0.6666666 -0.3608289 249
-0.6666666 -0.3552545 249
-0.6666666 -0.3496801 249
-0.6666666 -0.3441056 249
-0.6666666 -0.3385311 251
-0.6666666 -0.3329566 251
-0.6666666 -0.3273823 249
-0.6666666 -0.3218078 249
-0.6666666 -0.3162333 249
-0.6666666 -0.3106589 249
-0.6666666 -0.3050845 251
-0.6666666 -0.2995099 251
-0.6666666 -0.2939356 249
-0.6666666 -0.2883612 249
-0.6666666 -0.2827867 249
-0.6666666 -0.2772122 249
-0.6666666 -0.2716378 251
-0.6666666 -0.2660634 251
-0.6666666 -0.2604889 249
-0.6666666 -0.2549145 249
-0.6666666 -0.2493401 249
-0.6666666 -0.2437657 249
-0.6666666 -0.2381912 249
-0.6666666 -0.2326168 251
-0.6666666 -0.2270423 251
-0.6666666 -0.2214679 249
-0.6666666 -0.2158935 249
-0.6666666 -0.2103190 249
-0.6666666 -0.2047445 249
-0.6666666 -0.1991701 251
-0.6666666 -0.1935957 251
-0.6666666 -0.1880213 249
-0.6666666 -0.1824468 249
-0.6666666 -0.1768723 249
-0.6666666 -0.1712979 249
-0.6666666 -0.1657235 251
-0.6666666 -0.1601490 251
-0.6666666 -0.1545747 249
-0.6666666 -0.1490002 249
-0.6666666 -0.1434257 249
-0.6666666 -0.1378513 249
-0.6666666 -0.1322769 251
-0.6666666 -0.1267024 251
-0.6666666 -0.1211279 249
-0.6666666 -0.1155535 249
-0.6666666 -0.1099790 249
-0.6666666 -0.1044046 249
-0.6666666 -0.0988301 249
-0.6666666 -0.0932558 251
-0.6666666 -0.0876813 251
-0.6666666 -0.0821069 249
-0.6666666 -0.0765325 249
-0.6666666 -0.0709580 249
-0.6666666 -0.0653835 249
-0.6666666 -0.0598091 251
-0.6666666 -0.0542346 251
-0.6666666 -0.0486603 249
-0.6666666 -0.0430858 249
-0.6666666 -0.0375113 249
-0.6666666 -0.0319369 249
-0.6666666 -0.0263625 251
-0.6666666 -0.0207880 251
-0.6666666 -0.0152136 249
-0.6666666 -0.0096391 249
-0.6666666 -0.0040646 249
-0.6666666 0.0015099 249
-0.6666666 0.0070843 251
-0.6666666 0.0126587 251
-0.6666666 0.0182331 249
-0.6666666 0.0238075 249
-0.6666666 0.0293820 249
-0.6666666 0.0349564 249
-0.6666666 0.0405309 249
-0.6666666 0.0461053 251
-0.6666666 0.0516798 251
-0.6666666 0.0572543 249
-0.6666666 0.0628286 249
-0.6666666 0.0684031 249
-0.6666666 0.0739775 249
-0.6666666 0.0795519 251
-0.6666666 0.0851264 251
-0.6666666 0.0907008 249
-0.6666666 0.0962752 249
-0.6666666 0.1018498 249
-0.6666666 0.1074241 249
-0.6666666 0.1129986 251
-0.6666666 0.1185731 251
-0.6666666 0.1241475 249
-0.6666666 0.1297219 249
-0.6666666 0.1352964 249
-0.6666666 0.1408708 249
-0.6666666 0.1464452 251
-0.6666666 0.1520197 251
-0.6666666 0.1575941 249
-0.6666666 0.1631685 249
-0.6666666 0.1687430 249
-0.6666666 0.1743175 249
-0.6666666 0.1798919 249
-0.6666666 0.1854663 251
-0.6666666 0.1910408 251
-0.6666666 0.1966152 249
-0.6666666 0.2021895 249
-0.6666666 0.2077640 249
-0.6666666 0.2133385 249
-0.6666666 0.2189129 251
-0.6666666 0.2244874 251
-0.6666666 0.2300619 249
-0.6666666 0.2356363 249
-0.6666666 0.2412108 249
-0.6666666 0.2467852 249
-0.6666666 0.2523595 251
-0.6666666 0.2579340 251
-0.6666666 0.2635084 249
-0.6666666 0.2690829 249
-0.6666666 0.2746574 249
-0.6666666 0.2802319 249
-0.6666666 0.2858063 251
-0.6666666 0.2913808 251
-0.6666666 0.2969552 249
-0.6666666 0.3025296 249
-0.6666666 0.3081040 249
-0.6666666 0.3136784 249
-0.6666666 0.3192529 249
-0.6666666 0.3248273 251
-0.6666666 0.3304018 251
-0.6666666 0.3359762 249
-0.6666666 0.3415507 249
-0.6666666 0.3471252 249
-0.6666666 0.3526996 249
-0.6666666 0.3582739 251
-0.6666666 0.3638484 251
-0.6666666 0.3694228 249
-0.6666666 0.3749973 249
-0.6666666 0.3805718 249
-0.6666666 0.3861462 249
-0.6666666 0.3917206 251
-0.6666666 0.3972951 251
-0.6666666 0.4028696 249
-0.6666666 0.4084439 249
-0.6666666 0.4140184 249
-0.6666666 0.4195928 249
-0.6666666 0.4251672 251
-0.6666666 0.4307417 251
-0.6666666 0.4363162 249
-0.6666666 0.4418906 249
-0.6666666 0.4474651 249
-0.6666666 0.4530394 249
-0.6666666 0.4586139 249
-0.6666666 0.4641883 251
-0.6666666 0.4697628 251
-0.6666666 0.4753372 249
-0.6666666 0.4809116 249
-0.6666666 0.4864861 249
-0.6666666 0.4920606 249
-0.6666666 0.4976350 251
-0.6666666 0.5032095 251
-0.6666666 0.5087838 249
-0.6666666 0.5143582 249
-0.6666666 0.5199328 249
-0.6666666 0.5255072 249
-0.6666666 0.5310816 251
-0.6666666 0.5366561 251
-0.6666666 0.5422305 249
-0.6666666 0.5478050 249
-0.6666666 0.5533795 249
-0.6666666 0.5589538 249
-0.6666666 0.5645282 251
-0.6666666 0.5701027 251
-0.6666666 0.5756772 249
-0.6666666 0.5812516 249
-0.6666666 0.5868261 249
-0.6666666 0.5924005 249
-0.6666666 0.5979750 249
-0.6666666 0.6035494 251
-0.6666666 0.6091238 251
-0.6666666 0.6146982 249
-0.6666666 0.6202726 249
-0.6666666 0.6258471 249
-0.6666666 0.6314216 249
-0.6666666 0.6369960 251
-0.6666666 0.6425705 251
-0.6666666 0.6481449 249
-0.6666666 0.6537193 249
-0.6666666 0.6592939 249
-0.6666666 0.6648682 249
-0.6666666 0.6704426 251
-0.6666666 0.6760171 251
-0.6666666 0.6815915 249
-0.6666666 0.6871660 249
-0.6666666 0.6927405 8
-0.6663592 0.6983149 8
-0.6659709 0.7039271 8
-0.6655825 0.7095127 8
-0.6651942 0.7150452 8
-0.6648058 0.7205245 8
-0.6644175 0.7259507 8
-0.6640291 0.7313239 8
-0.6636408 0.7366440 8
-0.6632525 0.7419109 8
-0.6628641 0.7471247 8
-0.6624757 0.7522854 8
-0.6620874 0.7573931 8
-0.6616990 0.7624476 8
-0.6613106 0.7674490 8
-0.6609223 0.7723973 8
-0.6605341 0.7772925 8
-0.6601457 0.7821346 8
-0.6597573 0.7869234 8
-0.6593689 0.7916593 8
-0.6589806 0.7963421 8
-0.6585922 0.8009694 8
-0.6582039 0.8055437 8
-0.6578155 0.8100648 8
-0.6574272 0.8145328 8
-0.6570389 0.8189477 8
-0.6566505 0.8233094 8
-0.6562622 0.8276181 8
-0.6558738 0.8318737 8
-0.6554854 0.8360762 8
-0.6550970 0.8402256 8
-0.6547087 0.8443217 8
-0.6543204 0.8483648 8
-0.6539320 0.8523549 8
-0.6535437 0.8562918 8
-0.6531553 0.8601756 8
-0.6527670 0.8640064 8
-0.6523786 0.8677840 8
-0.6519903 0.8715084 8
-0.6516020 0.8751798 8
-0.6512136 0.8787981 8
-0.6508253 0.8823633 8
-0.6504369 0.8858754 8
-0.6500485 0.8893342 8
-0.6496601 0.8927402 8
-0.6492718 0.8960929 8
-0.6488836 0.8993901 8
-0.6484952 0.9026343 8
-0.6481068 0.9058255 8
-0.6477184 0.9089635 8
-0.6473301 0.9120484 8
-0.6469417 0.9150802 8
-0.6465534 0.9180589 8
-0.6461650 0.9209844 8
-0.6457767 0.9238569 8
-0.6453884 0.9266762 8
-0.6450000 0.9294424 8
-0.6446117 0.9321556 8
-0.6442233 0.9348156 8
-0.6438350 0.9374225 8
-0.6434467 0.9399763 8
-0.6430583 0.9424771 8
-0.6426699 0.9449246 8
-0.6422815 0.9473191 8
-0.6418932 0.9496604 8
-0.6415048 0.9519487 8
-0.6411165 0.9541838 8
-0.6407282 0.9563660 8
-0.6403398 0.9584949 8
-0.6399515 0.9605707 8
-0.6395631 0.9625934 8
-0.6391748 0.9645608 8
-0.6387864 0.9664750 8
-0.6383980 0.9683360 8
-0.6380096 0.9701440 8
-0.6376214 0.9718989 8
-0.6372330 0.9736007 8
-0.6368447 0.9752493 8
-0.6364563 0.9768448 8
-0.6360680 0.9783873 8
-0.6356796 0.9798766 8
-0.6352912 0.9813128 8
-0.6349029 0.9826959 8
-0.6345146 0.9840260 8
-0.6341262 0.9853029 8
-0.6337379 0.9865267 8
-0.6333495 0.9876974 8
-0.6329612 0.9888150 8
-0.6325728 0.9898794 8
-0.6321844 0.9908908 8
-0.6317962 0.9918491 8
-0.6314078 0.9927543 8
-0.6310194 0.9936062 8
-0.6306310 0.9944052 8
-0.6302427 0.9951511 8
-0.6298543 0.9958436 8
-0.6294660 0.9964810 8
-0.6290778 0.9970652 8
-0.6286894 0.9975963 8
-0.6283010 0.9980742 8
-0.6279126 0.9984991 8
-0.6275243 0.9988709 8
-0.6271359 0.9991895 8
-0.6267475 0.9994551 8
-0.6263592 0.9996675 8
-0.6259709 0.9998268 8
-0.6255825 0.9999331 8
-0.6251942 0.9999862 0
-0.6248058 0.9999864 0
-0.6244175 0.9999343 0
-0.6240291 0.9998302 0
-0.6236408 0.9996738 0
-0.6232525 0.9994655 0
-0.6228641 0.9992052 0
-0.6224757 0.9988927 0
-0.6220874 0.9985282 0
-0.6216990 0.9981115 0
-0.6213106 0.9976429 0
-0.6209222 0.9971219 0
-0.6205340 0.9965491 0
-0.6201457 0.9959240 0
-0.6197573 0.9952447 0
-0.6193690 0.9945133 0
-0.6189806 0.9937299 0
-0.6185922 0.9928941 0
-0.6182038 0.9920067 0
-0.6178156 0.9910668 0
-0.6174272 0.9900751 0
-0.6170388 0.9890312 0
-0.6166505 0.9879352 0
-0.6162621 0.9867871 0
-0.6158738 0.9855869 0
-0.6154854 0.9843347 0
-0.6150971 0.9830303 0
-0.6147088 0.9816739 0
-0.6143204 0.9802654 0
-0.6139320 0.9788049 0
-0.6135437 0.9772923 0
-0.6131553 0.9757275 0
-0.6127670 0.9741108 0
-0.6123786 0.9724419 0
-0.6119904 0.9707208 0
-0.6116020 0.9689479 0
-0.6112136 0.9671228 0
-0.6108252 0.9652456 0
-0.6104369 0.9633162 0
-0.6100485 0.9613326 0
-0.6096602 0.9592969 0
-0.6092718 0.9572091 0
-0.6088835 0.9550692 0
-0.6084952 0.9528772 0
-0.6081068 0.9506332 0
-0.6077185 0.9483370 0
-0.6073301 0.9459889 0
-0.6069417 0.9435886 0
-0.6065533 0.9411362 0
-0.6061650 0.9386318 0
-0.6057767 0.9360752 0
-0.6053883 0.9334665 0
-0.6050000 0.9308059 0
-0.6046116 0.9280931 0
-0.6042233 0.9253283 0
-0.6038350 0.9225113 0
-0.6034466 0.9196423 0
-0.6030583 0.9167211 0
-0.6026699 0.9137479 0
-0.6022816 0.9107226 0
-0.6018932 0.9076453 0
-0.6015048 0.9045160 0
-0.6011164 0.9013344 0
-0.6007282 0.8981007 0
-0.6003399 0.8948127 0
-0.5999515 0.8914727 0
-0.5995631 0.8880806 0
-0.5991747 0.8846364 0
-0.5987864 0.8811401 0
-0.5983980 0.8775917 0
-0.5980097 0.8739913 0
-0.5976214 0.8703389 0
-0.5972330 0.8666342 0
-0.5968447 0.8628775 0
-0.5964563 0.8590687 0
-0.5960680 0.8552079 0
-0.5956796 0.8512950 0
-0.5952913 0.8473300 0
-0.5949030 0.8433128 0
-0.5945146 0.8392437 0
-0.5941262 0.8351224 0
-0.5937378 0.8309491 0
-0.5933495 0.8267237 0
-0.5929611 0.8224462 0
-0.5925728 0.8181166 0
-0.5921845 0.8137349 0
-0.5917961 0.8093011 0
-0.5914078 0.8048153 0
-0.5910194 0.8002774 0
-0.5906311 0.7956851 0
-0.5902427 0.7910408 0
-0.5898543 0.7863443 0
-0.5894659 0.7815958 0
-0.5890777 0.7767953 0
-0.5886894 0.7719427 0
-0.5883010 0.7670379 0
-0.5879126 0.7620810 0
-0.5875243 0.7570721 0
-0.5871359 0.7520111 0
-0.5867475 0.7468980 0
-0.5863592 0.7417329 0
-0.5859709 0.7365157 0
-0.5855825 0.7312463 0
-0.5851942 0.7259249 0
-0.5848058 0.7205514 0
-0.5844175 0.7151258 0
-0.5840291 0.7096481 0
-0.5836408 0.7041185 0
-0.5833334 0.6985472 241
-0.5833334 0.6929727 241
-0.5833334 0.6873983 243
-0.5833334 0.6818238 243
-0.5833334 0.6762493 241
-0.5833334 0.6706749 241
-0.5833334 0.6651005 241
-0.5833334 0.6595261 241
-0.5833334 0.6539515 243
-0.5833334 0.6483772 243
-0.5833334 0.6428027 241
-0.5833334 0.6372283 241
-0.5833334 0.6316539 241
-0.5833334 0.6260794 241
-0.5833334 0.6205049 243
-0.5833334 0.6149305 243
-0.5833334 0.6093561 241
-0.5833334 0.6037816 241
-0.5833334 0.5982071 241
-0.5833334 0.5926328 241
-0.5833334 0.5870583 241
-0.5833334 0.5814839 243
-0.5833334 0.5759094 243
-0.5833334 0.5703349 241
-0.5833334 0.5647605 241
-0.5833334 0.5591861 241
-0.5833334 0.5536117 241
-0.5833334 0.5480373 243
-0.5833334 0.5424628 243
-0.5833334 0.5368883 241
-0.5833334 0.5313139 241
-0.5833334 0.5257395 241
-0.5833334 0.5201650 241
-0.5833334 0.5145905 243
-0.5833334 0.5090161 243
-0.5833334 0.5034417 241
-0.5833334 0.4978673 241
-0.5833334 0.4922929 241
-0.5833334 0.4867184 241
-0.5833334 0.4811439 243
-0.5833334 0.4755695 243
-0.5833334 0.4699950 241
-0.5833334 0.4644206 241
-0.5833334 0.4588461 241
-0.5833334 0.4532717 241
-0.5833334 0.4476973 241
-0.5833334 0.4421229 243
-0.5833334 0.4365485 243
-0.5833334 0.4309740 241
-0.5833334 0.4253995 241
-0.5833334 0.4198251 241
-0.5833334 0.4142506 241
-0.5833334 0.4086762 243
-0.5833334 0.4031019 243
-0.5833334 0.3975273 241
-0.5833334 0.3919529 241
-0.5833334 0.3863785 241
-0.5833334 0.3808040 241
-0.5833334 0.3752295 243
-0.5833334 0.3696551 243
-0.5833334 0.3640806 241
-0.5833334 0.3585062 241
-0.5833334 0.3529318 241
-0.5833334 0.3473574 241
-0.5833334 0.3417829 243
-0.5833334 0.3362084 243
-0.5833334 0.3306340 241
-0.5833334 0.3250596 241
-0.5833334 0.3194851 241
-0.5833334 0.3139107 241
-0.5833334 0.3083362 241
-0.5833334 0.3027618 243
-0.5833334 0.2971873 243
-0.5833334 0.2916130 241
-0.5833334 0.2860385 241
-0.5833334 0.2804640 241
-0.5833334 0.2748895 241
-0.5833334 0.2693152 243
-0.5833334 0.2637407 243
-0.5833334 0.2581662 241
-0.5833334 0.2525918 241
-0.5833334 0.2470175 241
-0.5833334 0.2414429 241
-0.5833334 0.2358685 243
-0.5833334 0.2302941 243
-0.5833334 0.2247196 241
-0.5833334 0.2191452 241
-0.5833334 0.2135708 241
-0.5833334 0.2079963 241
-0.5833334 0.2024218 243
-0.5833334 0.1968474 243
-0.5833334 0.1912730 241
-0.5833334 0.1856986 241
-0.5833334 0.1801241 241
-0.5833334 0.1745497 241
-0.5833334 0.1689752 241
-0.5833334 0.1634008 243
-0.5833334 0.1578263 243
-0.5833334 0.1522520 241
-0.5833334 0.1466775 241
-0.5833334 0.1411031 241
-0.5833334 0.1355286 241
-0.5833334 0.1299542 243
-0.5833334 0.1243797 243
-0.5833334 0.1188052 241
-0.5833334 0.1132308 241
-0.5833334 0.1076564 241
-0.5833334 0.1020818 241
-0.5833334 0.0965075 243
-0.5833334 0.0909331 243
-0.5833334 0.0853586 241
-0.5833334 0.0797842 241
-0.5833334 0.0742098 241
-0.5833334 0.0686353 241
-0.5833334 0.0630608 243
-0.5833334 0.0574864 243
-0.5833334 0.0519120 241
-0.5833334 0.0463376 241
-0.5833334 0.0407631 241
-0.5833334 0.0351887 241
-0.5833334 0.0296142 241
-0.5833334 0.0240398 243
-0.5833334 0.0184654 243
-0.5833334 0.0128909 241
-0.5833334 0.0073164 241
-0.5833334 0.0017420 241
-0.5833334 -0.0038325 241
-0.5833334 -0.0094069 243
-0.5833334 -0.0149813 243
-0.5833334 -0.0205558 241
-0.5833334 -0.0261303 241
-0.5833334 -0.0317046 241
-0.5833334 -0.0372791 241
-0.5833334 -0.0428536 243
-0.5833334 -0.0484280 243
-0.5833334 -0.0540025 241
-0.5833334 -0.0595769 241
-0.5833334 -0.0651513 241
-0.5833334 -0.0707258 241
-0.5833334 -0.0763002 243
-0.5833334 -0.0818746 243
-0.5833334 -0.0874491 241
-0.5833334 -0.0930235 241
-0.5833334 -0.0985980 241
-0.5833334 -0.1041724 241
-0.5833334 -0.1097468 241
-0.5833334 -0.1153213 243
-0.5833334 -0.1208957 243
-0.5833334 -0.1264702 241
-0.5833334 -0.1320446 241
-0.5833334 -0.1376190 241
-0.5833334 -0.1431935 241
-0.5833334 -0.1487679 243
-0.5833334 -0.1543424 243
-0.5833334 -0.1599168 241
-0.5833334 -0.1654912 241
-0.5833334 -0.1710657 241
-0.5833334 -0.1766402 241
-0.5833334 -0.1822146 243
-0.5833334 -0.1877890 243
-0.5833334 -0.1933635 241
-0.5833334 -0.1989379 241
-0.5833334 -0.2045123 241
-0.5833334 -0.2100868 241
-0.5833334 -0.2156612 243
-0.5833334 -0.2212356 243
-0.5833334 -0.2268101 241
-0.5833334 -0.2323845 241
-0.5833334 -0.2379590 241
-0.5833334 -0.2435334 241
-0.5833334 -0.2491078 241
-0.5833334 -0.2546822 243
-0.5833334 -0.2602567 243
-0.5833334 -0.2658312 241
-0.5833334 -0.2714056 241
-0.5833334 -0.2769800 241
-0.5833334 -0.2825545 241
-0.5833334 -0.2881289 243
-0.5833334 -0.2937033 243
-0.5833334 -0.2992779 241
-0.5833334 -0.3048522 241
-0.5833334 -0.3104266 241
-0.5833334 -0.3160011 241
-0.5833334 -0.3215756 243
-0.5833334 -0.3271500 243
-0.5833334 -0.3327245 241
-0.5833334 -0.3382989 241
-0.5833334 -0.3438734 241
-0.5833334 -0.3494479 241
-0.5833334 -0.3550222 243
-0.5833334 -0.3605966 243
-0.5833334 -0.3661711 241
-0.5833334 -0.3717455 241
-0.5833334 -0.3773200 241
-0.5833334 -0.3828944 241
-0.5833334 -0.3884689 241
-0.5833334 -0.3940433 243
-0.5833334 -0.3996178 243
-0.5833334 -0.4051922 241
-0.5833334 -0.4107666 241
-0.5833334 -0.4163410 241
-0.5833334 -0.4219155 241
-0.5833334 -0.4274899 243
-0.5833334 -0.4330644 243
-0.5833334 -0.4386389 241
-0.5833334 -0.4442133 241
-0.5833334 -0.4497877 241
-0.5833334 -0.4553621 241
-0.5833334 -0.4609366 243
-0.5833334 -0.4665110 243
-0.5833334 -0.4720855 241
-0.5833334 -0.4776599 241
-0.5833334 -0.4832343 241
-0.5833334 -0.4888088 241
-0.5833334 -0.4943833 243
-0.5833334 -0.4999577 243
-0.5833334 -0.5055321 241
-0.5833334 -0.5111065 241
-0.5833334 -0.5166810 241
-0.5833334 -0.5222554 241
-0.5833334 -0.5278299 241
-0.5833334 -0.5334043 243
-0.5833334 -0.5389787 243
-0.5833334 -0.5445532 241
-0.5833334 -0.5501277 241
-0.5833334 -0.5557021 241
-0.5833334 -0.5612765 241
-0.5833334 -0.5668509 243
-0.5833334 -0.5724253 243
-0.5833334 -0.5779999 241
-0.5833334 -0.5835743 241
-0.5833334 -0.5891487 241
-0.5833334 -0.5947232 241
-0.5833334 -0.6002977 243
-0.5833334 -0.6058721 243
-0.5833334 -0.6114465 241
-0.5833334 -0.6170209 241
-0.5833334 -0.6225953 241
-0.5833334 -0.6281698 241
-0.5833334 -0.6337443 243
-0.5833334 -0.6393187 243
-0.5833334 -0.6448932 241
-0.5833334 -0.6504675 241
-0.5833334 -0.6560420 241
-0.5833334 -0.6616165 241
-0.5833334 -0.6671909 241
-0.5833334 -0.6727653 243
-0.5833334 -0.6783397 243
-0.5833334 -0.6839142 241
-0.5833334 -0.6894887 241
-0.5832525 -0.6950631 0
-0.5828641 -0.7006460 0
-0.5824757 -0.7062639 0
-0.5820873 -0.7118287 0
-0.5816990 -0.7173403 0
-0.5813106 -0.7227989 0
-0.5809224 -0.7282021 0
-0.5805341 -0.7335522 0
-0.5801457 -0.7388492 0
-0.5797573 -0.7440930 0
-0.5793689 -0.7492837 0
-0.5789806 -0.7544214 0
-0.5785922 -0.7595059 0
-0.5782039 -0.7645373 0
-0.5778156 -0.7695156 0
-0.5774272 -0.7744408 0
-0.5770388 -0.7793129 0
-0.5766505 -0.7841318 0
-0.5762621 -0.7888977 0
-0.5758738 -0.7936105 0
-0.5754854 -0.7982701 0
-0.5750971 -0.8028767 0
-0.5747088 -0.8074302 0
-0.5743204 -0.8119305 0
-0.5739320 -0.8163777 0
-0.5735437 -0.8207718 0
-0.5731553 -0.8251128 0
-0.5727670 -0.8294007 0
-0.5723787 -0.8336355 0
-0.5719903 -0.8378172 0
-0.5716020 -0.8419458 0
-0.5712136 -0.8460189 0
-0.5708253 -0.8500389 0
-0.5704369 -0.8540059 0
-0.5700485 -0.8579197 0
-0.5696601 -0.8617805 0
-0.5692719 -0.8655881 0
-0.5688835 -0.8693426 0
-0.5684951 -0.8730440 0
-0.5681068 -0.8766922 0
-0.5677184 -0.8802874 0
-0.5673301 -0.8838295 0
-0.5669417 -0.8873185 0
-0.5665534 -0.8907543 0
-0.5661651 -0.8941372 0
-0.5657767 -0.8974668 0
-0.5653883 -0.9007433 0
-0.5650000 -0.9039667 0
-0.5646116 -0.9071370 0
-0.5642233 -0.9102542 0
-0.5638349 -0.9133183 0
-0.5634467 -0.9163294 0
-0.5630583 -0.9192873 0
-0.5626699 -0.9221920 0
-0.5622815 -0.9250437 0
-0.5618932 -0.9278423 0
-0.5615048 -0.9305854 0
-0.5611166 -0.9332755 0
-0.5607282 -0.9359124 0
-0.5603398 -0.9384962 0
-0.5599515 -0.9410270 0
-0.5595631 -0.9435046 0
-0.5591748 -0.9459290 0
-0.5587864 -0.9483004 0
-0.5583981 -0.9506187 0
-0.5580097 -0.9528839 0
-0.5576214 -0.9550960 0
-0.5572330 -0.9572549 0
-0.5568446 -0.9593608 0
-0.5564563 -0.9614135 0
-0.5560680 -0.9634131 0
-0.5556796 -0.9653597 0
-0.5552913 -0.9672531 0
-0.5549029 -0.9690934 0
-0.5545146 -0.9708806 0
-0.5541262 -0.9726147 0
-0.5537379 -0.9742957 0
-0.5533495 -0.9759235 0
-0.5529611 -0.9774983 0
-0.5525727 -0.9790200 0
-0.5521845 -0.9804885 0
-0.5517962 -0.9819017 0
-0.5514078 -0.9832618 0
-0.5510194 -0.9845686 0
-0.5506310 -0.9858225 0
-0.5502427 -0.9870232 0
-0.5498543 -0.9881708 0
-0.5494660 -0.9892653 0
-0.5490777 -0.9903066 0
-0.5486893 -0.9912949 0
-0.5483010 -0.9922301 0
-0.5479126 -0.9931121 0
-0.5475243 -0.9939411 0
-0.5471359 -0.9947169 0
-0.5467476 -0.9954396 0
-0.5463593 -0.9961093 0
-0.5459709 -0.9967258 0
-0.5455825 -0.9972892 0
-0.5451941 -0.9977995 0
-0.5448058 -0.9982566 0
-0.5444174 -0.9986607 0
-0.5440291 -0.9990117 0
-0.5436408 -0.9993096 0
-0.5432524 -0.9995544 0
-0.5428641 -0.9997460 0
-0.5424757 -0.9998845 0
-0.5420874 -0.9999677 0
-0.5416990 -0.9999977 8
-0.5413106 -0.9999751 8
-0.5409223 -0.9999004 8
-0.5405340 -0.9997735 8
-0.5401457 -0.9995946 8
-0.5397573 -0.9993637 8
-0.5393689 -0.9990806 8
-0.5389806 -0.9987455 8
-0.5385923 -0.9983583 8
-0.5382039 -0.9979190 8
-0.5378156 -0.9974276 8
-0.5374272 -0.9968842 8
-0.5370388 -0.9962886 8
-0.5366505 -0.9956410 8
-0.5362621 -0.9949413 8
-0.5358738 -0.9941895 8
-0.5354855 -0.9933856 8
-0.5350971 -0.9925296 8
-0.5347088 -0.9916217 8
-0.5343204 -0.9906615 8
-0.5339320 -0.9896493 8
-0.5335436 -0.9885851 8
-0.5331553 -0.9874687 8
-0.5327669 -0.9863002 8
-0.5323787 -0.9850774 8
-0.5319904 -0.9838025 8
-0.5316020 -0.9824756 8
-0.5312136 -0.9810965 8
-0.5308252 -0.9796654 8
-0.5304369 -0.9781822 8
-0.5300485 -0.9766470 8
-0.5296602 -0.9750596 8
-0.5292719 -0.9734202 8
-0.5288835 -0.9717286 8
-0.5284951 -0.9699850 8
-0.5281068 -0.9681893 8
-0.5277184 -0.9663416 8
-0.5273301 -0.9644417 8
-0.5269417 -0.9624897 8
-0.5265534 -0.9604857 8
-0.5261651 -0.9584297 8
-0.5257767 -0.9563215 8
-0.5253883 -0.9541612 8
-0.5250000 -0.9519488 8
-0.5246116 -0.9496844 8
-0.5242233 -0.9473679 8
-0.5238350 -0.9449994 8
-0.5234466 -0.9425787 8
-0.5230583 -0.9401059 8
-0.5226699 -0.9375788 8
-0.5222816 -0.9349995 8
-0.5218932 -0.9323683 8
-0.5215048 -0.9296850 8
-0.5211165 -0.9269496 8
-0.5207282 -0.9241620 8
-0.5203399 -0.9213225 8
-0.5199515 -0.9184308 8
-0.5195631 -0.9154870 8
-0.5191747 -0.9124912 8
-0.5187864 -0.9094432 8
-0.5183981 -0.9063432 8
-0.5180097 -0.9031912 8
-0.5176214 -0.8999870 8
-0.5172330 -0.8967307 8
-0.5168446 -0.8934224 8
-0.5164563 -0.8900620 8
-0.5160680 -0.8866495 8
-0.5156797 -0.8831849 8
-0.5152913 -0.8796682 8
-0.5149030 -0.8760995 8
-0.5145146 -0.8724787 8
-0.5141262 -0.8688058 8
-0.5137378 -0.8650808 8
-0.5133495 -0.8613037 8
-0.5129611 -0.8574723 8
-0.5125729 -0.8535888 8
-0.5121845 -0.8496533 8
-0.5117961 -0.8456656 8
-0.5114078 -0.8416259 8
-0.5110194 -0.8375341 8
-0.5106311 -0.8333901 8
-0.5102427 -0.8291941 8
-0.5098544 -0.8249461 8
-0.5094660 -0.8206459 8
-0.5090777 -0.8162937 8
-0.5086893 -0.8118894 8
-0.5083009 -0.8074330 8
-0.5079126 -0.8029245 8
-0.5075243 -0.7983640 8
-0.5071359 -0.7937513 8
-0.5067476 -0.7890866 8
-0.5063592 -0.7843697 8
-0.5059709 -0.7796009 8
-0.5055825 -0.7747800 8
-0.5051942 -0.7699069 8
-0.5048058 -0.7649817 8
-0.5044174 -0.7600046 8
-0.5040292 -0.7549753 8
-0.5036408 -0.7498938 8
-0.5032525 -0.7447581 8
-0.5028641 -0.7395703 8
-0.5024757 -0.7343304 8
-0.5020873 -0.7290385 8
-0.5016990 -0.7236944 8
-0.5013107 -0.7182983 8
-0.5009224 -0.7128500 8
-0.5005340 -0.7073498 8
-0.5001456 -0.7017974 249
-0.5000000 -0.6962245 249
-0.5000000 -0.6906500 251
-0.5000000 -0.6850756 251
-0.5000000 -0.6795011 251
-0.5000000 -0.6739267 249
-0.5000000 -0.6683522 249
-0.5000000 -0.6627778 249
-0.5000000 -0.6572034 249
-0.5000000 -0.6516289 251
-0.5000000 -0.6460545 251
-0.5000000 -0.6404801 249
-0.5000000 -0.6349056 249
-0.5000000 -0.6293312 249
-0.5000000 -0.6237567 249
-0.5000000 -0.6181822 251
-0.5000000 -0.6126078 251
-0.5000000 -0.6070335 249
-0.5000000 -0.6014589 249
-0.5000000 -0.5958845 249
-0.5000000 -0.5903101 249
-0.5000000 -0.5847356 251
-0.5000000 -0.5791612 251
-0.5000000 -0.5735867 249
-0.5000000 -0.5680122 249
-0.5000000 -0.5624378 249
-0.5000000 -0.5568634 249
-0.5000000 -0.5512890 251
-0.5000000 -0.5457146 251
-0.5000000 -0.5401401 251
-0.5000000 -0.5345657 249
-0.5000000 -0.5289912 249
-0.5000000 -0.5234168 249
-0.5000000 -0.5178423 249
-0.5000000 -0.5122678 251
-0.5000000 -0.5066934 251
-0.5000000 -0.5011191 249
-0.5000000 -0.4955446 249
-0.5000000 -0.4899702 249
-0.5000000 -0.4843957 249
-0.5000000 -0.4788212 251
-0.5000000 -0.4732468 251
-0.5000000 -0.4676724 249
-0.5000000 -0.4620979 249
-0.5000000 -0.4565234 249
-0.5000000 -0.4509491 249
-0.5000000 -0.4453746 251
-0.5000000 -0.4398002 251
-0.5000000 -0.4342258 249
-0.5000000 -0.4286513 249
-0.5000000 -0.4230768 249
-0.5000000 -0.4175024 249
-0.5000000 -0.4119279 251
-0.5000000 -0.4063536 251
-0.5000000 -0.4007791 251
-0.5000000 -0.3952047 249
-0.5000000 -0.3896302 249
-0.5000000 -0.3840558 249
-0.5000000 -0.3784814 249
-0.5000000 -0.3729069 251
-0.5000000 -0.3673324 251
-0.5000000 -0.3617580 249
-0.5000000 -0.3561835 249
-0.5000000 -0.3506092 249
-0.5000000 -0.3450347 249
-0.5000000 -0.3394602 251
-0.5000000 -0.3338857 251
-0.5000000 -0.3283114 249
-0.5000000 -0.3227368 249
-0.5000000 -0.3171624 249
-0.5000000 -0.3115880 249
-0.5000000 -0.3060135 251
-0.5000000 -0.3004390 251
-0.5000000 -0.2948646 249
-0.5000000 -0.2892902 249
-0.5000000 -0.2837158 249
-0.5000000 -0.2781413 249
-0.5000000 -0.2725669 251
-0.5000000 -0.2669925 251
-0.5000000 -0.2614180 251
-0.5000000 -0.2558436 249
-0.5000000 -0.2502692 249
-0.5000000 -0.2446948 249
-0.5000000 -0.2391203 249
-0.5000000 -0.2335458 251
-0.5000000 -0.2279714 251
-0.5000000 -0.2223970 249
-0.5000000 -0.2168225 249
-0.5000000 -0.2112481 249
-0.5000000 -0.2056736 249
-0.5000000 -0.2000991 251
-0.5000000 -0.1945248 251
-0.5000000 -0.1889504 249
-0.5000000 -0.1833758 249
-0.5000000 -0.1778014 249
-0.5000000 -0.1722270 249
-0.5000000 -0.1666525 251
-0.5000000 -0.1610781 251
-0.5000000 -0.1555037 249
-0.5000000 -0.1499293 249
-0.5000000 -0.1443548 249
-0.5000000 -0.1387804 249
-0.5000000 -0.1332059 251
-0.5000000 -0.1276315 251
-0.5000000 -0.1220570 251
-0.5000000 -0.1164826 249
-0.5000000 -0.1109081 249
-0.5000000 -0.1053337 249
-0.5000000 -0.0997592 249
-0.5000000 -0.0941848 251
-0.5000000 -0.0886104 251
-0.5000000 -0.0830360 249
-0.5000000 -0.0774615 249
-0.5000000 -0.0718871 249
-0.5000000 -0.0663126 249
-0.5000000 -0.0607381 251
-0.5000000 -0.0551637 251
-0.5000000 -0.0495894 249
-0.5000000 -0.0440148 249
-0.5000000 -0.0384404 249
-0.5000000 -0.0328660 249
-0.5000000 -0.0272915 251
-0.5000000 -0.0217171 251
-0.5000000 -0.0161427 249
-0.5000000 -0.0105682 249
-0.5000000 -0.0049937 249
-0.5000000 0.0005808 249
-0.5000000 0.0061552 251
-0.5000000 0.0117296 251
-0.5000000 0.0173040 251
-0.5000000 0.0228784 249
-0.5000000 0.0284529 249
-0.5000000 0.0340273 249
-0.5000000 0.0396018 249
-0.5000000 0.0451763 251
-0.5000000 0.0507507 251
-0.5000000 0.0563252 249
-0.5000000 0.0618996 249
-0.5000000 0.0674740 249
-0.5000000 0.0730484 249
-0.5000000 0.0786229 251
-0.5000000 0.0841973 251
-0.5000000 0.0897717 249
-0.5000000 0.0953462 249
-0.5000000 0.1009207 249
-0.5000000 0.1064950 249
-0.5000000 0.1120695 251
-0.5000000 0.1176440 251
-0.5000000 0.1232184 249
-0.5000000 0.1287929 249
-0.5000000 0.1343673 249
-0.5000000 0.1399417 249
-0.5000000 0.1455162 251
-0.5000000 0.1510906 251
-0.5000000 0.1566651 251
-0.5000000 0.1622394 249
-0.5000000 0.1678139 249
-0.5000000 0.1733884 249
-0.5000000 0.1789628 249
-0.5000000 0.1845373 251
-0.5000000 0.1901117 251
-0.5000000 0.1956861 249
-0.5000000 0.2012605 249
-0.5000000 0.2068349 249
-0.5000000 0.2124094 249
-0.5000000 0.2179839 251
-0.5000000 0.2235583 251
-0.5000000 0.2291328 249
-0.5000000 0.2347073 249
-0.5000000 0.2402817 249
-0.5000000 0.2458561 249
-0.5000000 0.2514305 251
-0.5000000 0.2570049 251
-0.5000000 0.2625793 249
-0.5000000 0.2681538 249
-0.5000000 0.2737283 249
-0.5000000 0.2793028 249
-0.5000000 0.2848773 251
-0.5000000 0.2904517 251
-0.5000000 0.2960261 251
-0.5000000 0.3016005 249
-0.5000000 0.3071749 249
-0.5000000 0.3127493 249
-0.5000000 0.3183238 249
-0.5000000 0.3238983 251
-0.5000000 0.3294727 251
-0.5000000 0.3350471 249
-0.5000000 0.3406216 249
-0.5000000 0.3461961 249
-0.5000000 0.3517705 249
-0.5000000 0.3573449 251
-0.5000000 0.3629193 251
-0.5000000 0.3684937 249
-0.5000000 0.3740683 249
-0.5000000 0.3796427 249
-0.5000000 0.3852171 249
-0.5000000 0.3907916 251
-0.5000000 0.3963660 251
-0.5000000 0.4019405 249
-0.5000000 0.4075149 249
-0.5000000 0.4130893 249
-0.5000000 0.4186637 249
-0.5000000 0.4242382 251
-0.5000000 0.4298126 251
-0.5000000 0.4353871 251
-0.5000000 0.4409615 249
-0.5000000 0.4465360 249
-0.5000000 0.4521104 249
-0.5000000 0.4576848 249
-0.5000000 0.4632593 251
-0.5000000 0.4688337 251
-0.5000000 0.4744081 249
-0.5000000 0.4799826 249
-0.5000000 0.4855570 249
-0.5000000 0.4911315 249
-0.5000000 0.4967060 251
-0.5000000 0.5022804 251
-0.5000000 0.5078547 249
-0.5000000 0.5134292 249
-0.5000000 0.5190037 249
-0.5000000 0.5245781 249
-0.5000000 0.5301526 251
-0.5000000 0.5357270 251
-0.5000000 0.5413014 249
-0.5000000 0.5468759 249
-0.5000000 0.5524504 249
-0.5000000 0.5580248 249
-0.5000000 0.5635992 251
-0.5000000 0.5691736 251
-0.5000000 0.5747481 251
-0.5000000 0.5803225 249
-0.5000000 0.5858970 249
-0.5000000 0.5914714 249
-0.5000000 0.5970459 249
-0.5000000 0.6026204 251
-0.5000000 0.6081948 251
-0.5000000 0.6137691 249
-0.5000000 0.6193436 249
-0.5000000 0.6249180 249
-0.5000000 0.6304925 249
-0.5000000 0.6360670 251
-0.5000000 0.6416414 251
-0.5000000 0.6472158 249
-0.5000000 0.6527902 249
-0.5000000 0.6583648 249
-0.5000000 0.6639391 249
-0.5000000 0.6695136 251
-0.5000000 0.6750880 251
-0.5000000 0.6806624 249
-0.5000000 0.6862369 249
-0.5000000 0.6918114 8
-0.4997573 0.6973858 8
-0.4993689 0.7029896 8
-0.4989806 0.7085844 8
-0.4985922 0.7141262 8
-0.4982039 0.7196147 8
-0.4978155 0.7250502 8
-0.4974272 0.7304326 8
-0.4970389 0.7357619 8
-0.4966505 0.7410381 8
-0.4962621 0.7462612 8
-0.4958738 0.7514311 8
-0.4954855 0.7565480 8
-0.4950971 0.7616118 8
-0.4947087 0.7666223 8
-0.4943203 0.7715799 8
-0.4939321 0.7764843 8
-0.4935437 0.7813334 8
-0.4931554 0.7861291 8
-0.4927670 0.7908719 8
-0.4923786 0.7955616 8
-0.4919903 0.8001982 8
-0.4916019 0.8047817 8
-0.4912136 0.8093121 8
-0.4908252 0.8137893 8
-0.4904369 0.8182134 8
-0.4900485 0.8225844 8
-0.4896602 0.8269023 8
-0.4892719 0.8311671 8
-0.4888835 0.8353788 8
-0.4884952 0.8395375 8
-0.4881068 0.8436429 8
-0.4877184 0.8476952 8
-0.4873301 0.8516945 8
-0.4869417 0.8556407 8
-0.4865534 0.8595337 8
-0.4861650 0.8633737 8
-0.4857768 0.8671605 8
-0.4853884 0.8708942 8
-0.4850000 0.8745748 8
-0.4846116 0.8782023 8
-0.4842233 0.8817768 8
-0.4838350 0.8852959 8
-0.4834466 0.8887616 8
-0.4830582 0.8921745 8
-0.4826699 0.8955341 8
-0.4822816 0.8988406 8
-0.4818932 0.9020940 8
-0.4815049 0.9052944 8
-0.4811165 0.9084416 8
-0.4807282 0.9115358 8
-0.4803398 0.9145769 8
-0.4799515 0.9175647 8
-0.4795631 0.9204995 8
-0.4791747 0.9233812 8
-0.4787864 0.9262098 8
-0.4783981 0.9289853 8
-0.4780097 0.9317076 8
-0.4776213 0.9343769 8
-0.4772330 0.9369930 8
-0.4768447 0.9395561 8
-0.4764563 0.9420661 8
-0.4760680 0.9445229 8
-0.4756796 0.9469265 8
-0.4752912 0.9492771 8
-0.4749029 0.9515746 8
-0.4745145 0.9538190 8
-0.4741263 0.9560081 8
-0.4737379 0.9581439 8
-0.4733495 0.9602266 8
-0.4729612 0.9622563 8
-0.4725728 0.9642329 8
-0.4721845 0.9661563 8
-0.4717961 0.9680266 8
-0.4714077 0.9698438 8
-0.4710194 0.9716080 8
-0.4706310 0.9733190 8
-0.4702427 0.9749768 8
-0.4698544 0.9765816 8
-0.4694660 0.9781333 8
-0.4690776 0.9796319 8
-0.4686893 0.9810773 8
-0.4683010 0.9824696 8
-0.4679126 0.9838089 8
-0.4675242 0.9850951 8
-0.4671359 0.9863281 8
-0.4667476 0.9875080 8
-0.4663592 0.9886349 8
-0.4659709 0.9897085 8
-0.4655825 0.9907291 8
-0.4651942 0.9916967 8
-0.4648058 0.9926111 8
-0.4644175 0.9934700 8
-0.4640292 0.9942758 8
-0.4636408 0.9950287 8
-0.4632524 0.9957282 8
-0.4628641 0.9963748 8
-0.4624758 0.9969682 8
-0.4620874 0.9975085 8
-0.4616990 0.9979957 8
-0.4613107 0.9984298 8
-0.4609223 0.9988109 8
-0.4605340 0.9991387 8
-0.4601457 0.9994135 8
-0.4597573 0.9996352 8
-0.4593689 0.9998037 8
-0.4589806 0.9999192 8
-0.4585922 0.9999816 8
-0.4582039 0.9999909 0
-0.4578155 0.9999479 0
-0.4574271 0.9998528 0
-0.4570389 0.9997056 0
-0.4566505 0.9995063 0
-0.4562622 0.9992550 0
-0.4558738 0.9989516 0
-0.4554854 0.9985961 0
-0.4550971 0.9981885 0
-0.4547087 0.9977266 0
-0.4543204 0.9972125 0
-0.4539320 0.9966464 0
-0.4535437 0.9960282 0
-0.4531553 0.9953579 0
-0.4527670 0.9946356 0
-0.4523787 0.9938612 0
-0.4519903 0.9930346 0
-0.4516019 0.9921561 0
-0.4512136 0.9912254 0
-0.4508252 0.9902426 0
-0.4504369 0.9892078 0
-0.4500485 0.9881209 0
-0.4496602 0.9869818 0
-0.4492718 0.9857907 0
-0.4488835 0.9845476 0
-0.4484952 0.9832523 0
-0.4481068 0.9819049 0
-0.4477184 0.9805055 0
-0.4473301 0.9790540 0
-0.4469418 0.9775504 0
-0.4465534 0.9759947 0
-0.4461651 0.9743871 0
-0.4457767 0.9727273 0
-0.4453884 0.9710152 0
-0.4450000 0.9692491 0
-0.4446117 0.9674307 0
-0.4442233 0.9655604 0
-0.4438349 0.9636378 0
-0.4434466 0.9616632 0
-0.4430583 0.9596366 0
-0.4426699 0.9575579 0
-0.4422815 0.9554270 0
-0.4418932 0.9532441 0
-0.4415048 0.9510091 0
-0.4411165 0.9487219 0
-0.4407282 0.9463829 0
-0.4403398 0.9439917 0
-0.4399515 0.9415483 0
-0.4395631 0.9390529 0
-0.4391747 0.9365054 0
-0.4387864 0.9339058 0
-0.4383980 0.9312542 0
-0.4380097 0.9285506 0
-0.4376213 0.9257947 0
-0.4372331 0.9229869 0
-0.4368447 0.9201269 0
-0.4364563 0.9172148 0
-0.4360680 0.9142506 0
-0.4356796 0.9112344 0
-0.4352913 0.9081638 0
-0.4349029 0.9050413 0
-0.4345145 0.9018665 0
-0.4341262 0.8986396 0
-0.4337379 0.8953607 0
-0.4333495 0.8920298 0
-0.4329612 0.8886467 0
-0.4325728 0.8852115 0
-0.4321845 0.8817243 0
-0.4317961 0.8781850 0
-0.4314078 0.8745936 0
-0.4310194 0.8709502 0
-0.4306310 0.8672547 0
-0.4302427 0.8635070 0
-0.4298544 0.8597073 0
-0.4294660 0.8558555 0
-0.4290776 0.8519517 0
-0.4286893 0.8479957 0
-0.4283010 0.8439876 0
-0.4279126 0.8399276 0
-0.4275243 0.8358154 0
-0.4271359 0.8316510 0
-0.4267475 0.8274348 0
-0.4263592 0.8231663 0
-0.4259709 0.8188457 0
-0.4255826 0.8144709 0
-0.4251942 0.8100438 0
-0.4248058 0.8055648 0
-0.4244175 0.8010337 0
-0.4240291 0.7964505 0
-0.4236408 0.7918152 0
-0.4232525 0.7871278 0
-0.4228641 0.7823884 0
-0.4224757 0.7775969 0
-0.4220874 0.7727533 0
-0.4216990 0.7678576 0
-0.4213107 0.7629098 0
-0.4209223 0.7579099 0
-0.4205340 0.7528580 0
-0.4201457 0.7477540 0
-0.4197573 0.7425979 0
-0.4193689 0.7373897 0
-0.4189805 0.7321294 0
-0.4185922 0.7268171 0
-0.4182039 0.7214526 0
-0.4178155 0.7160361 0
-0.4174272 0.7105675 0
-0.4170388 0.7050469 0
-0.4166667 0.6994762 241
-0.4166667 0.6939018 241
-0.4166667 0.6883274 243
-0.4166667 0.6827528 243
-0.4166667 0.6771784 241
-0.4166667 0.6716040 241
-0.4166667 0.6660295 241
-0.4166667 0.6604552 241
-0.4166667 0.6548806 243
-0.4166667 0.6493062 243
-0.4166667 0.6437318 241
-0.4166667 0.6381574 241
-0.4166667 0.6325829 241
-0.4166667 0.6270085 241
-0.4166667 0.6214340 241
-0.4166667 0.6158596 243
-0.4166667 0.6102852 243
-0.4166667 0.6047107 241
-0.4166667 0.5991362 241
-0.4166667 0.5935618 241
-0.4166667 0.5879874 241
-0.4166667 0.5824130 243
-0.4166667 0.5768385 243
-0.4166667 0.5712640 241
-0.4166667 0.5656896 241
-0.4166667 0.5601151 241
-0.4166667 0.5545408 241
-0.4166667 0.5489664 243
-0.4166667 0.5433918 243
-0.4166667 0.5378174 241
-0.4166667 0.5322430 241
-0.4166667 0.5266685 241
-0.4166667 0.5210941 241
-0.4166667 0.5155196 243
-0.4166667 0.5099451 243
-0.4166667 0.5043708 241
-0.4166667 0.4987964 241
-0.4166667 0.4932219 241
-0.4166667 0.4876475 241
-0.4166667 0.4820730 241
-0.4166667 0.4764986 243
-0.4166667 0.4709241 243
-0.4166667 0.4653497 241
-0.4166667 0.4597752 241
-0.4166667 0.4542008 241
-0.4166667 0.4486264 241
-0.4166667 0.4430520 243
-0.4166667 0.4374775 243
-0.4166667 0.4319031 241
-0.4166667 0.4263286 241
-0.4166667 0.4207541 241
-0.4166667 0.4151797 241
-0.4166667 0.4096053 243
-0.4166667 0.4040309 243
-0.4166667 0.3984564 241
-0.4166667 0.3928820 241
-0.4166667 0.3873075 241
-0.4166667 0.3817331 241
-0.4166667 0.3761586 243
-0.4166667 0.3705841 243
-0.4166667 0.3650097 241
-0.4166667 0.3594353 241
-0.4166667 0.3538609 241
-0.4166667 0.3482865 241
-0.4166667 0.3427120 241
-0.4166667 0.3371375 243
-0.4166667 0.3315631 243
-0.4166667 0.3259887 241
-0.4166667 0.3204142 241
-0.4166667 0.3148397 241
-0.4166667 0.3092653 241
-0.4166667 0.3036908 243
-0.4166667 0.2981164 243
-0.4166667 0.2925421 241
-0.4166667 0.2869676 241
-0.4166667 0.2813931 241
-0.4166667 0.2758186 241
-0.4166667 0.2702443 243
-0.4166667 0.2646697 243
-0.4166667 0.2590953 241
-0.4166667 0.2535209 241
-0.4166667 0.2479465 241
-0.4166667 0.2423720 241
-0.4166667 0.2367976 243
-0.4166667 0.2312231 243
-0.4166667 0.2256487 241
-0.4166667 0.2200743 241
-0.4166667 0.2144998 241
-0.4166667 0.2089254 241
-0.4166667 0.2033509 241
-0.4166667 0.1977765 243
-0.4166667 0.1922021 243
-0.4166667 0.1866277 241
-0.4166667 0.1810532 241
-0.4166667 0.1754787 241
-0.4166667 0.1699043 241
-0.4166667 0.1643298 243
-0.4166667 0.1587554 243
-0.4166667 0.1531811 241
-0.4166667 0.1476066 241
-0.4166667 0.1420321 241
-0.4166667 0.1364577 241
-0.4166667 0.1308833 243
-0.4166667 0.1253087 243
-0.4166667 0.1197343 241
-0.4166667 0.1141599 241
-0.4166667 0.1085854 241
-0.4166667 0.1030109 241
-0.4166667 0.0974365 243
-0.4166667 0.0918621 243
-0.4166667 0.0862877 241
-0.4166667 0.0807133 241
-0.4166667 0.0751388 241
-0.4166667 0.0695644 241
-0.4166667 0.0639899 241
-0.4166667 0.0584155 243
-0.4166667 0.0528411 243
-0.4166667 0.0472667 241
-0.4166667 0.0416922 241
-0.4166667 0.0361177 241
-0.4166667 0.0305433 241
-0.4166667 0.0249689 243
-0.4166667 0.0193944 243
-0.4166667 0.0138200 241
-0.4166667 0.0082455 241
-0.4166667 0.0026710 241
-0.4166667 -0.0029034 241
-0.4166667 -0.0084778 243
-0.4166667 -0.0140523 243
-0.4166667 -0.0196267 241
-0.4166667 -0.0252012 241
-0.4166667 -0.0307756 241
-0.4166667 -0.0363500 241
-0.4166667 -0.0419245 243
-0.4166667 -0.0474990 243
-0.4166667 -0.0530734 241
-0.4166667 -0.0586478 241
-0.4166667 -0.0642223 241
-0.4166667 -0.0697967 241
-0.4166667 -0.0753711 241
-0.4166667 -0.0809455 243
-0.4166667 -0.0865200 243
-0.4166667 -0.0920944 241
-0.4166667 -0.0976689 241
-0.4166667 -0.1032433 241
-0.4166667 -0.1088177 241
-0.4166667 -0.1143922 243
-0.4166667 -0.1199667 243
-0.4166667 -0.1255411 241
-0.4166667 -0.1311155 241
-0.4166667 -0.1366900 241
-0.4166667 -0.1422644 241
-0.4166667 -0.1478388 243
-0.4166667 -0.1534134 243
-0.4166667 -0.1589877 241
-0.4166667 -0.1645621 241
-0.4166667 -0.1701366 241
-0.4166667 -0.1757111 241
-0.4166667 -0.1812855 243
-0.4166667 -0.1868600 243
-0.4166667 -0.1924344 241
-0.4166667 -0.1980088 241
-0.4166667 -0.2035833 241
-0.4166667 -0.2091577 241
-0.4166667 -0.2147321 241
-0.4166667 -0.2203065 243
-0.4166667 -0.2258810 243
-0.4166667 -0.2314555 241
-0.4166667 -0.2370299 241
-0.4166667 -0.2426044 241
-0.4166667 -0.2481788 241
-0.4166667 -0.2537532 243
-0.4166667 -0.2593277 243
-0.4166667 -0.2649021 241
-0.4166667 -0.2704765 241
-0.4166667 -0.2760510 241
-0.4166667 -0.2816254 241
-0.4166667 -0.2871998 243
-0.4166667 -0.2927743 243
-0.4166667 -0.2983488 241
-0.4166667 -0.3039231 241
-0.4166667 -0.3094976 241
-0.4166667 -0.3150720 241
-0.4166667 -0.3206465 243
-0.4166667 -0.3262210 243
-0.4166667 -0.3317954 241
-0.4166667 -0.3373698 241
-0.4166667 -0.3429443 241
-0.4166667 -0.3485188 241
-0.4166667 -0.3540932 241
-0.4166667 -0.3596675 243
-0.4166667 -0.3652420 243
-0.4166667 -0.3708164 241
-0.4166667 -0.3763909 241
-0.4166667 -0.3819654 241
-0.4166667 -0.3875398 241
-0.4166667 -0.3931142 243
-0.4166667 -0.3986887 243
-0.4166667 -0.4042632 241
-0.4166667 -0.4098375 241
-0.4166667 -0.4154120 241
-0.4166667 -0.4209864 241
-0.4166667 -0.4265608 243
-0.4166667 -0.4321354 243
-0.4166667 -0.4377098 241
-0.4166667 -0.4432842 241
-0.4166667 -0.4488587 241
-0.4166667 -0.4544330 241
-0.4166667 -0.4600075 243
-0.4166667 -0.4655820 243
-0.4166667 -0.4711564 241
-0.4166667 -0.4767308 241
-0.4166667 -0.4823053 241
-0.4166667 -0.4878797 241
-0.4166667 -0.4934542 241
-0.4166667 -0.4990286 243
-0.4166667 -0.5046030 243
-0.4166667 -0.5101774 241
-0.4166667 -0.5157519 241
-0.4166667 -0.5213264 241
-0.4166667 -0.5269008 241
-0.4166667 -0.5324752 243
-0.4166667 -0.5380497 243
-0.4166667 -0.5436241 241
-0.4166667 -0.5491986 241
-0.4166667 -0.5547731 241
-0.4166667 -0.5603474 241
-0.4166667 -0.5659218 243
-0.4166667 -0.5714963 243
-0.4166667 -0.5770708 241
-0.4166667 -0.5826452 241
-0.4166667 -0.5882197 241
-0.4166667 -0.5937941 241
-0.4166667 -0.5993686 243
-0.4166667 -0.6049431 243
-0.4166667 -0.6105174 241
-0.4166667 -0.6160918 241
-0.4166667 -0.6216663 241
-0.4166667 -0.6272407 241
-0.4166667 -0.6328152 241
-0.4166667 -0.6383896 243
-0.4166667 -0.6439641 243
-0.4166667 -0.6495385 241
-0.4166667 -0.6551129 241
-0.4166667 -0.6606874 241
-0.4166667 -0.6662618 241
-0.4166667 -0.6718362 243
-0.4166667 -0.6774107 243
-0.4166667 -0.6829851 241
-0.4166667 -0.6885596 241
-0.4166505 -0.6941341 0
-0.4162621 -0.6997085 0
-0.4158738 -0.7053333 0
-0.4154855 -0.7109051 0
-0.4150971 -0.7164237 0
-0.4147087 -0.7218891 0
-0.4143204 -0.7273015 0
-0.4139321 -0.7326609 0
-0.4135437 -0.7379671 0
-0.4131553 -0.7432202 0
-0.4127670 -0.7484201 0
-0.4123786 -0.7535670 0
-0.4119903 -0.7586608 0
-0.4116020 -0.7637014 0
-0.4112136 -0.7686889 0
-0.4108252 -0.7736234 0
-0.4104369 -0.7785047 0
-0.4100485 -0.7833329 0
-0.4096602 -0.7881080 0
-0.4092718 -0.7928300 0
-0.4088834 -0.7974989 0
-0.4084952 -0.8021147 0
-0.4081068 -0.8066774 0
-0.4077185 -0.8111869 0
-0.4073301 -0.8156434 0
-0.4069417 -0.8200468 0
-0.4065534 -0.8243970 0
-0.4061651 -0.8286918 0
-0.4057768 -0.8329335 0
-0.4053884 -0.8371222 0
-0.4050000 -0.8412577 0
-0.4046117 -0.8453400 0
-0.4042233 -0.8493693 0
-0.4038350 -0.8533455 0
-0.4034466 -0.8572686 0
-0.4030583 -0.8611386 0
-0.4026699 -0.8649554 0
-0.4022815 -0.8687191 0
-0.4018932 -0.8724298 0
-0.4015048 -0.8760873 0
-0.4011165 -0.8796917 0
-0.4007281 -0.8832430 0
-0.4003398 -0.8867412 0
-0.3999515 -0.8901863 0
-0.3995631 -0.8935784 0
-0.3991747 -0.8969172 0
-0.3987864 -0.9002030 0
-0.3983981 -0.9034357 0
-0.3980097 -0.9066152 0
-0.3976214 -0.9097416 0
-0.3972330 -0.9128149 0
-0.3968447 -0.9158353 0
-0.3964563 -0.9188001 0
-0.3960680 -0.9217118 0
-0.3956796 -0.9245704 0
-0.3952912 -0.9273759 0
-0.3949029 -0.9301282 0
-0.3945146 -0.9328275 0
-0.3941262 -0.9354737 0
-0.3937378 -0.9380667 0
-0.3933495 -0.9406067 0
-0.3929611 -0.9430936 0
-0.3925728 -0.9455273 0
-0.3921845 -0.9479079 0
-0.3917961 -0.9502354 0
-0.3914078 -0.9525098 0
-0.3910194 -0.9547311 0
-0.3906311 -0.9568994 0
-0.3902427 -0.9590144 0
-0.3898543 -0.9610764 0
-0.3894660 -0.9630852 0
-0.3890776 -0.9650410 0
-0.3886894 -0.9669437 0
-0.3883010 -0.9687932 0
-0.3879126 -0.9705897 0
-0.3875243 -0.9723330 0
-0.3871359 -0.9740232 0
-0.3867476 -0.9756580 0
-0.3863592 -0.9772397 0
-0.3859708 -0.9787683 0
-0.3855825 -0.9802437 0
-0.3851942 -0.9816662 0
-0.3848058 -0.9830355 0
-0.3844175 -0.9843516 0
-0.3840291 -0.9856147 0
-0.3836408 -0.9868246 0
-0.3832524 -0.9879814 0
-0.3828641 -0.9890852 0
-0.3824757 -0.9901358 0
-0.3820873 -0.9911332 0
-0.3816990 -0.9920777 0
-0.3813107 -0.9929690 0
-0.3809223 -0.9938072 0
-0.3805340 -0.9945922 0
-0.3801456 -0.9953241 0
-0.3797573 -0.9960030 0
-0.3793689 -0.9966288 0
-0.3789806 -0.9972014 0
-0.3785922 -0.9977210 0
-0.3782038 -0.9981873 0
-0.3778155 -0.9986007 0
-0.3774272 -0.9989609 0
-0.3770389 -0.9992657 0
-0.3766505 -0.9995174 0
-0.3762621 -0.9997160 0
-0.3758738 -0.9998614 0
-0.3754854 -0.9999539 0
-0.3750971 -0.9999931 8
-0.3747088 -0.9999796 8
-0.3743204 -0.9999140 8
-0.3739321 -0.9997962 8
-0.3735437 -0.9996263 8
-0.3731553 -0.9994045 8
-0.3727670 -0.9991305 8
-0.3723786 -0.9988044 8
-0.3719903 -0.9984263 8
-0.3716020 -0.9979960 8
-0.3712136 -0.9975137 8
-0.3708253 -0.9969793 8
-0.3704369 -0.9963928 8
-0.3700485 -0.9957542 8
-0.3696602 -0.9950636 8
-0.3692719 -0.9943209 8
-0.3688835 -0.9935260 8
-0.3684951 -0.9926791 8
-0.3681068 -0.9917802 8
-0.3677185 -0.9908291 8
-0.3673301 -0.9898237 8
-0.3669417 -0.9887662 8
-0.3665533 -0.9876567 8
-0.3661650 -0.9864950 8
-0.3657767 -0.9852812 8
-0.3653884 -0.9840154 8
-0.3650001 -0.9826975 8
-0.3646117 -0.9813275 8
-0.3642233 -0.9799054 8
-0.3638350 -0.9784313 8
-0.3634466 -0.9769051 8
-0.3630583 -0.9753268 8
-0.3626699 -0.9736964 8
-0.3622816 -0.9720139 8
-0.3618932 -0.9702794 8
-0.3615048 -0.9684928 8
-0.3611165 -0.9666540 8
-0.3607282 -0.9647633 8
-0.3603398 -0.9628204 8
-0.3599515 -0.9608253 8
-0.3595631 -0.9587784 8
-0.3591748 -0.9566793 8
-0.3587864 -0.9545280 8
-0.3583980 -0.9523247 8
-0.3580098 -0.9500693 8
-0.3576214 -0.9477596 8
-0.3572330 -0.9453979 8
-0.3568446 -0.9429840 8
-0.3564563 -0.9405180 8
-0.3560680 -0.9380000 8
-0.3556796 -0.9354298 8
-0.3552912 -0.9328076 8
-0.3549029 -0.9301333 8
-0.3545146 -0.9274070 8
-0.3541262 -0.9246285 8
-0.3537379 -0.9217980 8
-0.3533496 -0.9189154 8
-0.3529612 -0.9159807 8
-0.3525728 -0.9129939 8
-0.3521844 -0.9099550 8
-0.3517961 -0.9068641 8
-0.3514078 -0.9037211 8
-0.3510194 -0.9005259 8
-0.3506311 -0.8972787 8
-0.3502427 -0.8939794 8
-0.3498544 -0.8906281 8
-0.3494660 -0.8872246 8
-0.3490777 -0.8837691 8
-0.3486893 -0.8802615 8
-0.3483009 -0.8767018 8
-0.3479126 -0.8730878 8
-0.3475243 -0.8694217 8
-0.3471359 -0.8657035 8
-0.3467475 -0.8619332 8
-0.3463593 -0.8581109 8
-0.3459709 -0.8542364 8
-0.3455825 -0.8503100 8
-0.3451941 -0.8463313 8
-0.3448058 -0.8423007 8
-0.3444175 -0.8382179 8
-0.3440291 -0.8340831 8
-0.3436408 -0.8298961 8
-0.3432524 -0.8256571 8
-0.3428641 -0.8213660 8
-0.3424757 -0.8170229 8
-0.3420874 -0.8126276 8
-0.3416991 -0.8081802 8
-0.3413107 -0.8036808 8
-0.3409223 -0.7991293 8
-0.3405340 -0.7945258 8
-0.3401457 -0.7898701 8
-0.3397573 -0.7851623 8
-0.3393689 -0.7804025 8
-0.3389805 -0.7755906 8
-0.3385922 -0.7707266 8
-0.3382039 -0.7658082 8
-0.3378156 -0.7608379 8
-0.3374272 -0.7558154 8
-0.3370388 -0.7507407 8
-0.3366504 -0.7456140 8
-0.3362621 -0.7404353 8
-0.3358738 -0.7352045 8
-0.3354854 -0.7299216 8
-0.3350971 -0.7245866 8
-0.3347088 -0.7191995 8
-0.3343204 -0.7137603 8
-0.3339321 -0.7082691 8
-0.3335437 -0.7027259 8
-0.3333333 -0.6971536 249
-0.3333333 -0.6915791 249
-0.3333333 -0.6860047 251
-0.3333333 -0.6804302 251
-0.3333333 -0.6748557 249
-0.3333333 -0.6692813 249
-0.3333333 -0.6637069 249
-0.3333333 -0.6581325 249
-0.3333333 -0.6525579 251
-0.3333333 -0.6469836 251
-0.3333333 -0.6414091 249
-0.3333333 -0.6358347 249
-0.3333333 -0.6302603 249
-0.3333333 -0.6246857 249
-0.3333333 -0.6191113 251
-0.3333333 -0.6135369 251
-0.3333333 -0.6079625 249
-0.3333333 -0.6023880 249
-0.3333333 -0.5968136 249
-0.3333333 -0.5912391 249
-0.3333333 -0.5856647 251
-0.3333333 -0.5800903 251
-0.3333333 -0.5745158 249
-0.3333333 -0.5689413 249
-0.3333333 -0.5633669 249
-0.3333333 -0.5577925 249
-0.3333333 -0.5522181 249
-0.3333333 -0.5466437 251
-0.3333333 -0.5410692 251
-0.3333333 -0.5354947 249
-0.3333333 -0.5299203 249
-0.3333333 -0.5243459 249
-0.3333333 -0.5187714 249
-0.3333333 -0.5131969 251
-0.3333333 -0.5076225 251
-0.3333333 -0.5020481 249
-0.3333333 -0.4964737 249
-0.3333333 -0.4908993 249
-0.3333333 -0.4853247 249
-0.3333333 -0.4797503 251
-0.3333333 -0.4741759 251
-0.3333333 -0.4686014 249
-0.3333333 -0.4630270 249
-0.3333333 -0.4574525 249
-0.3333333 -0.4518781 249
-0.3333333 -0.4463037 251
-0.3333333 -0.4407293 251
-0.3333333 -0.4351548 249
-0.3333333 -0.4295804 249
-0.3333333 -0.4240059 249
-0.3333333 -0.4184315 249
-0.3333333 -0.4128570 249
-0.3333333 -0.4072826 251
-0.3333333 -0.4017082 251
-0.3333333 -0.3961337 249
-0.3333333 -0.3905593 249
-0.3333333 -0.3849849 249
-0.3333333 -0.3794104 249
-0.3333333 -0.3738360 251
-0.3333333 -0.3682615 251
-0.3333333 -0.3626870 249
-0.3333333 -0.3571126 249
-0.3333333 -0.3515383 249
-0.3333333 -0.3459637 249
-0.3333333 -0.3403893 251
-0.3333333 -0.3348148 251
-0.3333333 -0.3292404 249
-0.3333333 -0.3236659 249
-0.3333333 -0.3180915 249
-0.3333333 -0.3125170 249
-0.3333333 -0.3069426 251
-0.3333333 -0.3013681 251
-0.3333333 -0.2957937 249
-0.3333333 -0.2902193 249
-0.3333333 -0.2846449 249
-0.3333333 -0.2790704 249
-0.3333333 -0.2734960 249
-0.3333333 -0.2679216 251
-0.3333333 -0.2623471 251
-0.3333333 -0.2567726 249
-0.3333333 -0.2511982 249
-0.3333333 -0.2456238 249
-0.3333333 -0.2400493 249
-0.3333333 -0.2344749 251
-0.3333333 -0.2289005 251
-0.3333333 -0.2233260 249
-0.3333333 -0.2177516 249
-0.3333333 -0.2121772 249
-0.3333333 -0.2066026 249
-0.3333333 -0.2010282 251
-0.3333333 -0.1954539 251
-0.3333333 -0.1898794 249
-0.3333333 -0.1843049 249
-0.3333333 -0.1787305 249
-0.3333333 -0.1731560 249
-0.3333333 -0.1675816 251
-0.3333333 -0.1620072 251
-0.3333333 -0.1564328 249
-0.3333333 -0.1508584 249
-0.3333333 -0.1452839 249
-0.3333333 -0.1397095 249
-0.3333333 -0.1341350 249
-0.3333333 -0.1285606 251
-0.3333333 -0.1229861 251
-0.3333333 -0.1174116 249
-0.3333333 -0.1118372 249
-0.3333333 -0.1062627 249
-0.3333333 -0.1006882 249
-0.3333333 -0.0951139 251
-0.3333333 -0.0895395 251
-0.3333333 -0.0839650 249
-0.3333333 -0.0783906 249
-0.3333333 -0.0728162 249
-0.3333333 -0.0672416 249
-0.3333333 -0.0616672 251
-0.3333333 -0.0560928 251
-0.3333333 -0.0505184 249
-0.3333333 -0.0449439 249
-0.3333333 -0.0393695 249
-0.3333333 -0.0337950 249
-0.3333333 -0.0282206 251
-0.3333333 -0.0226462 251
-0.3333333 -0.0170717 249
-0.3333333 -0.0114973 249
-0.3333333 -0.0059228 249
-0.3333333 -0.0003483 249
-0.3333333 0.0052261 249
-0.3333333 0.0108005 251
-0.3333333 0.0163749 251
-0.3333333 0.0219494 249
-0.3333333 0.0275238 249
-0.3333333 0.0330982 249
-0.3333333 0.0386727 249
-0.3333333 0.0442472 251
-0.3333333 0.0498216 251
-0.3333333 0.0553962 249
-0.3333333 0.0609705 249
-0.3333333 0.0665449 249
-0.3333333 0.0721194 249
-0.3333333 0.0776938 251
-0.3333333 0.0832682 251
-0.3333333 0.0888427 249
-0.3333333 0.0944171 249
-0.3333333 0.0999916 249
-0.3333333 0.1055660 249
-0.3333333 0.1111405 251
-0.3333333 0.1167149 251
-0.3333333 0.1222894 249
-0.3333333 0.1278638 249
-0.3333333 0.1334382 249
-0.3333333 0.1390126 249
-0.3333333 0.1445871 249
-0.3333333 0.1501615 251
-0.3333333 0.1557360 251
-0.3333333 0.1613104 249
-0.3333333 0.1668848 249
-0.3333333 0.1724593 249
-0.3333333 0.1780338 249
-0.3333333 0.1836082 251
-0.3333333 0.1891826 251
-0.3333333 0.1947571 249
-0.3333333 0.2003314 249
-0.3333333 0.2059058 249
-0.3333333 0.2114804 249
-0.3333333 0.2170548 251
-0.3333333 0.2226292 251
-0.3333333 0.2282037 249
-0.3333333 0.2337782 249
-0.3333333 0.2393526 249
-0.3333333 0.2449271 249
-0.3333333 0.2505014 251
-0.3333333 0.2560758 251
-0.3333333 0.2616503 249
-0.3333333 0.2672247 249
-0.3333333 0.2727992 249
-0.3333333 0.2783737 249
-0.3333333 0.2839482 249
-0.3333333 0.2895226 251
-0.3333333 0.2950970 251
-0.3333333 0.3006714 249
-0.3333333 0.3062458 249
-0.3333333 0.3118202 249
-0.3333333 0.3173947 249
-0.3333333 0.3229692 251
-0.3333333 0.3285436 251
-0.3333333 0.3341181 249
-0.3333333 0.3396925 249
-0.3333333 0.3452670 249
-0.3333333 0.3508415 249
-0.3333333 0.3564158 251
-0.3333333 0.3619902 251
-0.3333333 0.3675647 249
-0.3333333 0.3731392 249
-0.3333333 0.3787136 249
-0.3333333 0.3842881 249
-0.3333333 0.3898625 251
-0.3333333 0.3954369 251
-0.3333333 0.4010114 249
-0.3333333 0.4065858 249
-0.3333333 0.4121602 249
-0.3333333 0.4177346 249
-0.3333333 0.4233091 249
-0.3333333 0.4288835 251
-0.3333333 0.4344580 251
-0.3333333 0.4400325 249
-0.3333333 0.4456069 249
-0.3333333 0.4511813 249
-0.3333333 0.4567557 249
-0.3333333 0.4623302 251
-0.3333333 0.4679046 251
-0.3333333 0.4734791 249
-0.3333333 0.4790535 249
-0.3333333 0.4846279 249
-0.3333333 0.4902025 249
-0.3333333 0.4957769 251
-0.3333333 0.5013513 251
-0.3333333 0.5069257 249
-0.3333333 0.5125001 249
-0.3333333 0.5180746 249
-0.3333333 0.5236491 249
-0.3333333 0.5292235 251
-0.3333333 0.5347979 251
-0.3333333 0.5403724 249
-0.3333333 0.5459468 249
-0.3333333 0.5515213 249
-0.3333333 0.5570957 249
-0.3333333 0.5626701 249
-0.3333333 0.5682445 251
-0.3333333 0.5738190 251
-0.3333333 0.5793935 249
-0.3333333 0.5849679 249
-0.3333333 0.5905423 249
-0.3333333 0.5961168 249
-0.3333333 0.6016913 251
-0.3333333 0.6072657 251
-0.3333333 0.6128401 249
-0.3333333 0.6184145 249
-0.3333333 0.6239889 249
-0.3333333 0.6295635 249
-0.3333333 0.6351379 251
-0.3333333 0.6407123 251
-0.3333333 0.6462868 249
-0.3333333 0.6518611 249
-0.3333333 0.6574357 249
-0.3333333 0.6630101 249
-0.3333333 0.6685845 251
-0.3333333 0.6741589 251
-0.3333333 0.6797334 249
-0.3333333 0.6853078 249
-0.3333333 0.6908823 249
-0.3331553 0.6964567 8
-0.3327670 0.7020521 8
-0.3323786 0.7076562 8
-0.3319903 0.7132072 8
-0.3316019 0.7187050 8
-0.3312136 0.7241497 8
-0.3308253 0.7295413 8
-0.3304369 0.7348799 8
-0.3300485 0.7401653 8
-0.3296601 0.7453976 8
-0.3292718 0.7505767 8
-0.3288835 0.7557029 8
-0.3284952 0.7607736 8
-0.3281069 0.7657911 8
-0.3277185 0.7707555 8
-0.3273300 0.7756669 8
-0.3269417 0.7805252 8
-0.3265534 0.7853302 8
-0.3261651 0.7900822 8
-0.3257767 0.7947812 8
-0.3253884 0.7994270 8
-0.3250000 0.8040197 8
-0.3246116 0.8085593 8
-0.3242233 0.8130458 8
-0.3238349 0.8174791 8
-0.3234466 0.8218594 8
-0.3230583 0.8261865 8
-0.3226699 0.8304606 8
-0.3222816 0.8346815 8
-0.3218932 0.8388494 8
-0.3215048 0.8429640 8
-0.3211166 0.8470255 8
-0.3207282 0.8510341 8
-0.3203398 0.8549896 8
-0.3199514 0.8588918 8
-0.3195631 0.8627411 8
-0.3191748 0.8665371 8
-0.3187864 0.8702777 8
-0.3183982 0.8739652 8
-0.3180098 0.8775997 8
-0.3176213 0.8811811 8
-0.3172330 0.8847094 8
-0.3168447 0.8881844 8
-0.3164564 0.8916064 8
-0.3160680 0.8949753 8
-0.3156796 0.8982910 8
-0.3152913 0.9015537 8
-0.3149029 0.9047633 8
-0.3145146 0.9079198 8
-0.3141262 0.9110232 8
-0.3137379 0.9140735 8
-0.3133495 0.9170706 8
-0.3129611 0.9200146 8
-0.3125728 0.9229055 8
-0.3121845 0.9257434 8
-0.3117961 0.9285281 8
-0.3114078 0.9312597 8
-0.3110194 0.9339382 8
-0.3106311 0.9365635 8
-0.3102427 0.9391358 8
-0.3098543 0.9416551 8
-0.3094661 0.9441211 8
-0.3090777 0.9465317 8
-0.3086893 0.9488892 8
-0.3083009 0.9511936 8
-0.3079126 0.9534449 8
-0.3075243 0.9556432 8
-0.3071359 0.9577883 8
-0.3067475 0.9598803 8
-0.3063592 0.9619192 8
-0.3059709 0.9639050 8
-0.3055825 0.9658377 8
-0.3051942 0.9677172 8
-0.3048059 0.9695437 8
-0.3044175 0.9713170 8
-0.3040291 0.9730373 8
-0.3036407 0.9747044 8
-0.3032524 0.9763184 8
-0.3028641 0.9778793 8
-0.3024757 0.9793871 8
-0.3020874 0.9808418 8
-0.3016990 0.9822434 8
-0.3013107 0.9835919 8
-0.3009224 0.9848873 8
-0.3005340 0.9861296 8
-0.3001456 0.9873186 8
-0.2997573 0.9884548 8
-0.2993689 0.9895354 8
-0.2989806 0.9905629 8
-0.2985922 0.9915374 8
-0.2982039 0.9924587 8
-0.2978156 0.9933269 8
-0.2974272 0.9941419 8
-0.2970388 0.9949040 8
-0.2966504 0.9956128 8
-0.2962621 0.9962686 8
-0.2958738 0.9968713 8
-0.2954855 0.9974208 8
-0.2950971 0.9979172 8
-0.2947087 0.9983605 8
-0.2943204 0.9987508 8
-0.2939320 0.9990880 8
-0.2935437 0.9993719 8
-0.2931554 0.9996028 8
-0.2927670 0.9997806 8
-0.2923786 0.9999054 8
-0.2919903 0.9999770 8
-0.2916020 0.9999955 0
-0.2912136 0.9999615 0
-0.2908252 0.9998755 0
-0.2904368 0.9997373 0
-0.2900485 0.9995470 0
-0.2896602 0.9993026 0
-0.2892719 0.9990059 0
-0.2888835 0.9986572 0
-0.2884952 0.9982564 0
-0.2881068 0.9978036 0
-0.2877184 0.9972986 0
-0.2873301 0.9967415 0
-0.2869417 0.9961324 0
-0.2865534 0.9954711 0
-0.2861651 0.9947579 0
-0.2857767 0.9939926 0
-0.2853884 0.9931750 0
-0.2850000 0.9923055 0
-0.2846116 0.9913839 0
-0.2842233 0.9904102 0
-0.2838349 0.9893845 0
-0.2834466 0.9883065 0
-0.2830582 0.9871766 0
-0.2826699 0.9859945 0
-0.2822816 0.9847604 0
-0.2818932 0.9834742 0
-0.2815049 0.9821359 0
-0.2811165 0.9807455 0
-0.2807281 0.9793030 0
-0.2803398 0.9778086 0
-0.2799515 0.9762596 0
-0.2795632 0.9746588 0
-0.2791748 0.9730058 0
-0.2787863 0.9713005 0
-0.2783981 0.9695434 0
-0.2780097 0.9677342 0
-0.2776214 0.9658728 0
-0.2772330 0.9639593 0
-0.2768447 0.9619938 0
-0.2764563 0.9599762 0
-0.2760679 0.9579066 0
-0.2756796 0.9557848 0
-0.2752913 0.9536109 0
-0.2749029 0.9513850 0
-0.2745146 0.9491069 0
-0.2741262 0.9467768 0
-0.2737379 0.9443948 0
-0.2733495 0.9419605 0
-0.2729611 0.9394741 0
-0.2725729 0.9369357 0
-0.2721845 0.9343451 0
-0.2717961 0.9317025 0
-0.2714077 0.9290080 0
-0.2710194 0.9262612 0
-0.2706311 0.9234624 0
-0.2702427 0.9206092 0
-0.2698545 0.9177039 0
-0.2694661 0.9147465 0
-0.2690776 0.9117371 0
-0.2686893 0.9086756 0
-0.2683010 0.9055621 0
-0.2679127 0.9023964 0
-0.2675243 0.8991786 0
-0.2671359 0.8959087 0
-0.2667476 0.8925868 0
-0.2663592 0.8892128 0
-0.2659709 0.8857867 0
-0.2655825 0.8823085 0
-0.2651942 0.8787783 0
-0.2648058 0.8751960 0
-0.2644174 0.8715616 0
-0.2640291 0.8678752 0
-0.2636408 0.8641365 0
-0.2632524 0.8603459 0
-0.2628641 0.8565032 0
-0.2624757 0.8526083 0
-0.2620874 0.8486615 0
-0.2616990 0.8446624 0
-0.2613106 0.8406114 0
-0.2609224 0.8365083 0
-0.2605340 0.8323507 0
-0.2601456 0.8281413 0
-0.2597572 0.8238796 0
-0.2593689 0.8195658 0
-0.2589806 0.8152000 0
-0.2585923 0.8107820 0
-0.2582040 0.8063121 0
-0.2578156 0.8017900 0
-0.2574272 0.7972159 0
-0.2570388 0.7925897 0
-0.2566505 0.7879113 0
-0.2562622 0.7831809 0
-0.2558738 0.7783985 0
-0.2554854 0.7735640 0
-0.2550971 0.7686773 0
-0.2547087 0.7637385 0
-0.2543204 0.7587478 0
-0.2539320 0.7537049 0
-0.2535437 0.7486099 0
-0.2531553 0.7434629 0
-0.2527670 0.7382638 0
-0.2523787 0.7330126 0
-0.2519903 0.7277093 0
-0.2516019 0.7223539 0
-0.2512136 0.7169464 0
-0.2508252 0.7114846 0
-0.2504369 0.7059708 0
-0.2500485 0.7004048 241
-0.2500000 0.6948309 241
-0.2500000 0.6892564 243
-0.2500000 0.6836819 243
-0.2500000 0.6781075 241
-0.2500000 0.6725330 241
-0.2500000 0.6669586 241
-0.2500000 0.6613842 241
-0.2500000 0.6558097 243
-0.2500000 0.6502353 243
-0.2500000 0.6446609 243
-0.2500000 0.6390865 241
-0.2500000 0.6335120 241
-0.2500000 0.6279376 241
-0.2500000 0.6223631 241
-0.2500000 0.6167886 243
-0.2500000 0.6112142 243
-0.2500000 0.6056398 241
-0.2500000 0.6000652 241
-0.2500000 0.5944909 241
-0.2500000 0.5889165 241
-0.2500000 0.5833420 243
-0.2500000 0.5777676 243
-0.2500000 0.5721931 241
-0.2500000 0.5666186 241
-0.2500000 0.5610442 241
-0.2500000 0.5554699 241
-0.2500000 0.5498954 243
-0.2500000 0.5443209 243
-0.2500000 0.5387465 241
-0.2500000 0.5331720 241
-0.2500000 0.5275976 241
-0.2500000 0.5220232 241
-0.2500000 0.5164487 243
-0.2500000 0.5108742 243
-0.2500000 0.5052998 243
-0.2500000 0.4997255 241
-0.2500000 0.4941510 241
-0.2500000 0.4885766 241
-0.2500000 0.4830021 241
-0.2500000 0.4774276 243
-0.2500000 0.4718532 243
-0.2500000 0.4662788 241
-0.2500000 0.4607043 241
-0.2500000 0.4551298 241
-0.2500000 0.4495555 241
-0.2500000 0.4439810 243
-0.2500000 0.4384066 243
-0.2500000 0.4328322 241
-0.2500000 0.4272576 241
-0.2500000 0.4216832 241
-0.2500000 0.4161088 241
-0.2500000 0.4105343 243
-0.2500000 0.4049600 243
-0.2500000 0.3993855 241
-0.2500000 0.3938110 241
-0.2500000 0.3882366 241
-0.2500000 0.3826622 241
-0.2500000 0.3770877 243
-0.2500000 0.3715132 243
-0.2500000 0.3659388 243
-0.2500000 0.3603644 241
-0.2500000 0.3547900 241
-0.2500000 0.3492156 241
-0.2500000 0.3436411 241
-0.2500000 0.3380666 243
-0.2500000 0.3324921 243
-0.2500000 0.3269177 241
-0.2500000 0.3213432 241
-0.2500000 0.3157688 241
-0.2500000 0.3101944 241
-0.2500000 0.3046199 243
-0.2500000 0.2990454 243
-0.2500000 0.2934712 241
-0.2500000 0.2878966 241
-0.2500000 0.2823222 241
-0.2500000 0.2767477 241
-0.2500000 0.2711733 243
-0.2500000 0.2655988 243
-0.2500000 0.2600244 241
-0.2500000 0.2544499 241
-0.2500000 0.2488756 241
-0.2500000 0.2433011 241
-0.2500000 0.2377266 243
-0.2500000 0.2321522 243
-0.2500000 0.2265778 243
-0.2500000 0.2210034 241
-0.2500000 0.2154289 241
-0.2500000 0.2098545 241
-0.2500000 0.2042800 241
-0.2500000 0.1987056 243
-0.2500000 0.1931312 243
-0.2500000 0.1875567 241
-0.2500000 0.1819822 241
-0.2500000 0.1764078 241
-0.2500000 0.1708334 241
-0.2500000 0.1652589 243
-0.2500000 0.1596844 243
-0.2500000 0.1541102 241
-0.2500000 0.1485356 241
-0.2500000 0.1429612 241
-0.2500000 0.1373868 241
-0.2500000 0.1318123 243
-0.2500000 0.1262378 243
-0.2500000 0.1206634 241
-0.2500000 0.1150889 241
-0.2500000 0.1095145 241
-0.2500000 0.1039400 241
-0.2500000 0.0983656 243
-0.2500000 0.0927912 243
-0.2500000 0.0872168 243
-0.2500000 0.0816424 241
-0.2500000 0.0760679 241
-0.2500000 0.0704935 241
-0.2500000 0.0649190 241
-0.2500000 0.0593445 243
-0.2500000 0.0537701 243
-0.2500000 0.0481957 241
-0.2500000 0.0426212 241
-0.2500000 0.0370468 241
-0.2500000 0.0314724 241
-0.2500000 0.0258979 243
-0.2500000 0.0203235 243
-0.2500000 0.0147491 241
-0.2500000 0.0091745 241
-0.2500000 0.0036001 241
-0.2500000 -0.0019743 241
-0.2500000 -0.0075488 243
-0.2500000 -0.0131232 243
-0.2500000 -0.0186976 241
-0.2500000 -0.0242721 241
-0.2500000 -0.0298465 241
-0.2500000 -0.0354209 241
-0.2500000 -0.0409954 243
-0.2500000 -0.0465699 243
-0.2500000 -0.0521443 243
-0.2500000 -0.0577187 241
-0.2500000 -0.0632932 241
-0.2500000 -0.0688676 241
-0.2500000 -0.0744420 241
-0.2500000 -0.0800165 243
-0.2500000 -0.0855909 243
-0.2500000 -0.0911653 241
-0.2500000 -0.0967398 241
-0.2500000 -0.1023143 241
-0.2500000 -0.1078886 241
-0.2500000 -0.1134632 243
-0.2500000 -0.1190376 243
-0.2500000 -0.1246120 241
-0.2500000 -0.1301865 241
-0.2500000 -0.1357609 241
-0.2500000 -0.1413353 241
-0.2500000 -0.1469098 243
-0.2500000 -0.1524843 243
-0.2500000 -0.1580587 241
-0.2500000 -0.1636331 241
-0.2500000 -0.1692076 241
-0.2500000 -0.1747820 241
-0.2500000 -0.1803565 243
-0.2500000 -0.1859309 243
-0.2500000 -0.1915053 243
-0.2500000 -0.1970797 241
-0.2500000 -0.2026542 241
-0.2500000 -0.2082286 241
-0.2500000 -0.2138030 241
-0.2500000 -0.2193775 243
-0.2500000 -0.2249519 243
-0.2500000 -0.2305264 241
-0.2500000 -0.2361008 241
-0.2500000 -0.2416753 241
-0.2500000 -0.2472497 241
-0.2500000 -0.2528241 243
-0.2500000 -0.2583986 243
-0.2500000 -0.2639730 241
-0.2500000 -0.2695475 241
-0.2500000 -0.2751219 241
-0.2500000 -0.2806963 241
-0.2500000 -0.2862708 243
-0.2500000 -0.2918452 243
-0.2500000 -0.2974197 241
-0.2500000 -0.3029941 241
-0.2500000 -0.3085685 241
-0.2500000 -0.3141429 241
-0.2500000 -0.3197174 243
-0.2500000 -0.3252919 243
-0.2500000 -0.3308663 243
-0.2500000 -0.3364407 241
-0.2500000 -0.3420152 241
-0.2500000 -0.3475897 241
-0.2500000 -0.3531641 241
-0.2500000 -0.3587385 243
-0.2500000 -0.3643129 243
-0.2500000 -0.3698874 241
-0.2500000 -0.3754619 241
-0.2500000 -0.3810363 241
-0.2500000 -0.3866107 241
-0.2500000 -0.3921852 243
-0.2500000 -0.3977596 243
-0.2500000 -0.4033341 241
-0.2500000 -0.4089085 241
-0.2500000 -0.4144829 241
-0.2500000 -0.4200573 241
-0.2500000 -0.4256318 243
-0.2500000 -0.4312063 243
-0.2500000 -0.4367807 241
-0.2500000 -0.4423552 241
-0.2500000 -0.4479296 241
-0.2500000 -0.4535040 241
-0.2500000 -0.4590784 243
-0.2500000 -0.4646529 243
-0.2500000 -0.4702273 243
-0.2500000 -0.4758017 241
-0.2500000 -0.4813762 241
-0.2500000 -0.4869506 241
-0.2500000 -0.4925251 241
-0.2500000 -0.4980996 243
-0.2500000 -0.5036740 243
-0.2500000 -0.5092483 241
-0.2500000 -0.5148228 241
-0.2500000 -0.5203973 241
-0.2500000 -0.5259717 241
-0.2500000 -0.5315462 243
-0.2500000 -0.5371206 243
-0.2500000 -0.5426950 241
-0.2500000 -0.5482696 241
-0.2500000 -0.5538440 241
-0.2500000 -0.5594183 241
-0.2500000 -0.5649928 243
-0.2500000 -0.5705672 243
-0.2500000 -0.5761417 241
-0.2500000 -0.5817162 241
-0.2500000 -0.5872906 241
-0.2500000 -0.5928650 241
-0.2500000 -0.5984395 243
-0.2500000 -0.6040140 243
-0.2500000 -0.6095884 243
-0.2500000 -0.6151627 241
-0.2500000 -0.6207372 241
-0.2500000 -0.6263116 241
-0.2500000 -0.6318861 241
-0.2500000 -0.6374606 243
-0.2500000 -0.6430350 243
-0.2500000 -0.6486094 241
-0.2500000 -0.6541838 241
-0.2500000 -0.6597584 241
-0.2500000 -0.6653327 241
-0.2500000 -0.6709072 243
-0.2500000 -0.6764816 243
-0.2500000 -0.6820560 241
-0.2500000 -0.6876306 241
-0.2500000 -0.6932050 0
-0.2496602 -0.6987794 0
-0.2492719 -0.7043959 0
-0.2488835 -0.7099768 0
-0.2484952 -0.7155047 0
-0.2481068 -0.7209794 0
-0.2477184 -0.7264010 0
-0.2473301 -0.7317696 0
-0.2469418 -0.7370850 0
-0.2465534 -0.7423474 0
-0.2461650 -0.7475566 0
-0.2457767 -0.7527127 0
-0.2453884 -0.7578157 0
-0.2450000 -0.7628655 0
-0.2446117 -0.7678623 0
-0.2442233 -0.7728060 0
-0.2438349 -0.7776965 0
-0.2434466 -0.7825340 0
-0.2430583 -0.7873183 0
-0.2426699 -0.7920495 0
-0.2422815 -0.7967277 0
-0.2418931 -0.8013527 0
-0.2415048 -0.8059247 0
-0.2411165 -0.8104411 0
-0.2407282 -0.8149045 0
-0.2403398 -0.8193148 0
-0.2399515 -0.8236720 0
-0.2395631 -0.8279760 0
-0.2391747 -0.8322270 0
-0.2387864 -0.8364248 0
-0.2383981 -0.8405696 0
-0.2380097 -0.8446612 0
-0.2376214 -0.8486997 0
-0.2372330 -0.8526851 0
-0.2368447 -0.8566174 0
-0.2364563 -0.8604967 0
-0.2360680 -0.8643227 0
-0.2356797 -0.8680957 0
-0.2352913 -0.8718156 0
-0.2349029 -0.8754823 0
-0.2345145 -0.8790960 0
-0.2341262 -0.8826565 0
-0.2337379 -0.8861640 0
-0.2333495 -0.8896182 0
-0.2329612 -0.8930196 0
-0.2325728 -0.8963677 0
-0.2321844 -0.8996627 0
-0.2317961 -0.9029046 0
-0.2314078 -0.9060910 0
-0.2310195 -0.9092244 0
-0.2306311 -0.9123046 0
-0.2302426 -0.9153319 0
-0.2298544 -0.9183059 0
-0.2294660 -0.9212269 0
-0.2290777 -0.9240947 0
-0.2286893 -0.9269094 0
-0.2283010 -0.9296710 0
-0.2279126 -0.9323796 0
-0.2275242 -0.9350350 0
-0.2271359 -0.9376372 0
-0.2267476 -0.9401865 0
-0.2263592 -0.9426826 0
-0.2259709 -0.9451255 0
-0.2255825 -0.9475153 0
-0.2251942 -0.9498521 0
-0.2248058 -0.9521358 0
-0.2244174 -0.9543663 0
-0.2240292 -0.9565438 0
-0.2236408 -0.9586681 0
-0.2232524 -0.9607392 0
-0.2228640 -0.9627573 0
-0.2224757 -0.9647224 0
-0.2220874 -0.9666343 0
-0.2216990 -0.9684907 0
-0.2213108 -0.9702941 0
-0.2209224 -0.9720444 0
-0.2205339 -0.9737415 0
-0.2201456 -0.9753855 0
-0.2197573 -0.9769765 0
-0.2193690 -0.9785143 0
-0.2189806 -0.9799990 0
-0.2185922 -0.9814306 0
-0.2182039 -0.9828092 0
-0.2178155 -0.9841345 0
-0.2174272 -0.9854068 0
-0.2170388 -0.9866260 0
-0.2166505 -0.9877921 0
-0.2162622 -0.9889051 0
-0.2158738 -0.9899649 0
-0.2154855 -0.9909716 0
-0.2150971 -0.9919253 0
-0.2147087 -0.9928258 0
-0.2143204 -0.9936732 0
-0.2139320 -0.9944676 0
-0.2135437 -0.9952087 0
-0.2131553 -0.9958968 0
-0.2127670 -0.9965318 0
-0.2123787 -0.9971137 0
-0.2119903 -0.9976402 0
-0.2116019 -0.9981135 0
-0.2112135 -0.9985337 0
-0.2108252 -0.9989009 0
-0.2104369 -0.9992149 0
-0.2100486 -0.9994758 0
-0.2096603 -0.9996836 0
-0.2092719 -0.9998383 0
-0.2088835 -0.9999400 0
-0.2084951 -0.9999885 8
-0.2081068 -0.9999842 8
-0.2077185 -0.9999276 8
-0.2073301 -0.9998188 8
-0.2069417 -0.9996580 8
-0.2065534 -0.9994452 8
-0.2061651 -0.9991803 8
-0.2057767 -0.9988633 8
-0.2053883 -0.9984942 8
-0.2050000 -0.9980730 8
-0.2046116 -0.9975997 8
-0.2042233 -0.9970744 8
-0.2038350 -0.9964970 8
-0.2034466 -0.9958674 8
-0.2030583 -0.9951858 8
-0.2026699 -0.9944522 8
-0.2022815 -0.9936641 8
-0.2018932 -0.9928240 8
-0.2015048 -0.9919319 8
-0.2011165 -0.9909876 8
-0.2007282 -0.9899913 8
-0.2003398 -0.9889428 8
-0.1999515 -0.9878423 8
-0.1995631 -0.9866897 8
-0.1991747 -0.9854850 8
-0.1987864 -0.9842283 8
-0.1983981 -0.9829194 8
-0.1980097 -0.9815585 8
-0.1976213 -0.9801455 8
-0.1972330 -0.9786804 8
-0.1968447 -0.9771632 8
-0.1964563 -0.9755940 8
-0.1960680 -0.9739727 8
-0.1956796 -0.9722993 8
-0.1952912 -0.9705737 8
-0.1949029 -0.9687962 8
-0.1945146 -0.9669665 8
-0.1941262 -0.9650848 8
-0.1937378 -0.9631510 8
-0.1933496 -0.9611650 8
-0.1929612 -0.9591271 8
-0.1925728 -0.9570348 8
-0.1921845 -0.9548903 8
-0.1917961 -0.9526938 8
-0.1914078 -0.9504452 8
-0.1910194 -0.9481446 8
-0.1906310 -0.9457919 8
-0.1902427 -0.9433871 8
-0.1898544 -0.9409302 8
-0.1894660 -0.9384212 8
-0.1890777 -0.9358600 8
-0.1886893 -0.9332469 8
-0.1883010 -0.9305817 8
-0.1879126 -0.9278644 8
-0.1875243 -0.9250950 8
-0.1871360 -0.9222735 8
-0.1867476 -0.9194000 8
-0.1863592 -0.9164743 8
-0.1859708 -0.9134966 8
-0.1855825 -0.9104668 8
-0.1851942 -0.9073849 8
-0.1848058 -0.9042509 8
-0.1844175 -0.9010649 8
-0.1840291 -0.8978267 8
-0.1836407 -0.8945364 8
-0.1832524 -0.8911942 8
-0.1828641 -0.8877975 8
-0.1824758 -0.8843488 8
-0.1820874 -0.8808480 8
-0.1816989 -0.8772951 8
-0.1813107 -0.8736901 8
-0.1809223 -0.8700331 8
-0.1805340 -0.8663240 8
-0.1801456 -0.8625627 8
-0.1797573 -0.8587495 8
-0.1793689 -0.8548841 8
-0.1789805 -0.8509666 8
-0.1785922 -0.8469971 8
-0.1782039 -0.8429754 8
-0.1778155 -0.8389018 8
-0.1774272 -0.8347760 8
-0.1770388 -0.8305981 8
-0.1766505 -0.8263682 8
-0.1762621 -0.8220861 8
-0.1758738 -0.8177520 8
-0.1754855 -0.8133658 8
-0.1750971 -0.8089275 8
-0.1747087 -0.8044372 8
-0.1743203 -0.7998947 8
-0.1739320 -0.7953002 8
-0.1735437 -0.7906536 8
-0.1731554 -0.7859526 8
-0.1727671 -0.7811996 8
-0.1723787 -0.7763945 8
-0.1719902 -0.7715373 8
-0.1716019 -0.7666280 8
-0.1712136 -0.7616667 8
-0.1708253 -0.7566532 8
-0.1704369 -0.7515876 8
-0.1700486 -0.7464700 8
-0.1696602 -0.7413003 8
-0.1692718 -0.7360786 8
-0.1688835 -0.7308048 8
-0.1684951 -0.7254788 8
-0.1681068 -0.7201008 8
-0.1677185 -0.7146706 8
-0.1673301 -0.7091885 8
-0.1669418 -0.7036543 8
-0.1666667 -0.6980826 249
-0.1666667 -0.6925082 249
-0.1666667 -0.6869337 251
-0.1666667 -0.6813592 251
-0.1666667 -0.6757848 249
-0.1666667 -0.6702104 249
-0.1666667 -0.6646359 249
-0.1666667 -0.6590616 249
-0.1666667 -0.6534870 251
-0.1666667 -0.6479126 251
-0.1666667 -0.6423382 249
-0.1666667 -0.6367638 249
-0.1666667 -0.6311893 249
-0.1666667 -0.6256148 249
-0.1666667 -0.6200404 251
-0.1666667 -0.6144659 251
-0.1666667 -0.6088916 249
-0.1666667 -0.6033171 249
-0.1666667 -0.5977426 249
-0.1666667 -0.5921682 249
-0.1666667 -0.5865938 249
-0.1666667 -0.5810194 251
-0.1666667 -0.5754449 251
-0.1666667 -0.5698704 249
-0.1666667 -0.5642960 249
-0.1666667 -0.5587216 249
-0.1666667 -0.5531472 249
-0.1666667 -0.5475727 251
-0.1666667 -0.5419982 251
-0.1666667 -0.5364238 249
-0.1666667 -0.5308494 249
-0.1666667 -0.5252749 249
-0.1666667 -0.5197005 249
-0.1666667 -0.5141260 251
-0.1666667 -0.5085515 251
-0.1666667 -0.5029772 249
-0.1666667 -0.4974028 249
-0.1666667 -0.4918283 249
-0.1666667 -0.4862538 249
-0.1666667 -0.4806794 251
-0.1666667 -0.4751049 251
-0.1666667 -0.4695305 249
-0.1666667 -0.4639561 249
-0.1666667 -0.4583816 249
-0.1666667 -0.4528072 249
-0.1666667 -0.4472328 249
-0.1666667 -0.4416584 251
-0.1666667 -0.4360839 251
-0.1666667 -0.4305095 249
-0.1666667 -0.4249350 249
-0.1666667 -0.4193605 249
-0.1666667 -0.4137861 249
-0.1666667 -0.4082117 251
-0.1666667 -0.4026373 251
-0.1666667 -0.3970628 249
-0.1666667 -0.3914884 249
-0.1666667 -0.3859139 249
-0.1666667 -0.3803395 249
-0.1666667 -0.3747651 251
-0.1666667 -0.3691905 251
-0.1666667 -0.3636161 249
-0.1666667 -0.3580417 249
-0.1666667 -0.3524673 249
-0.1666667 -0.3468928 249
-0.1666667 -0.3413184 251
-0.1666667 -0.3357439 251
-0.1666667 -0.3301695 249
-0.1666667 -0.3245950 249
-0.1666667 -0.3190205 249
-0.1666667 -0.3134461 249
-0.1666667 -0.3078717 249
-0.1666667 -0.3022972 251
-0.1666667 -0.2967228 251
-0.1666667 -0.2911484 249
-0.1666667 -0.2855740 249
-0.1666667 -0.2799995 249
-0.1666667 -0.2744250 249
-0.1666667 -0.2688506 251
-0.1666667 -0.2632761 251
-0.1666667 -0.2577017 249
-0.1666667 -0.2521273 249
-0.1666667 -0.2465529 249
-0.1666667 -0.2409784 249
-0.1666667 -0.2354040 251
-0.1666667 -0.2298295 251
-0.1666667 -0.2242551 249
-0.1666667 -0.2186807 249
-0.1666667 -0.2131062 249
-0.1666667 -0.2075317 249
-0.1666667 -0.2019573 251
-0.1666667 -0.1963829 251
-0.1666667 -0.1908085 249
-0.1666667 -0.1852340 249
-0.1666667 -0.1796595 249
-0.1666667 -0.1740851 249
-0.1666667 -0.1685107 249
-0.1666667 -0.1629363 251
-0.1666667 -0.1573619 251
-0.1666667 -0.1517875 249
-0.1666667 -0.1462130 249
-0.1666667 -0.1406385 249
-0.1666667 -0.1350641 249
-0.1666667 -0.1294896 251
-0.1666667 -0.1239151 251
-0.1666667 -0.1183407 249
-0.1666667 -0.1127663 249
-0.1666667 -0.1071918 249
-0.1666667 -0.1016173 249
-0.1666667 -0.0960430 251
-0.1666667 -0.0904685 251
-0.1666667 -0.0848941 249
-0.1666667 -0.0793197 249
-0.1666667 -0.0737452 249
-0.1666667 -0.0681707 249
-0.1666667 -0.0625963 251
-0.1666667 -0.0570218 251
-0.1666667 -0.0514475 249
-0.1666667 -0.0458730 249
-0.1666667 -0.0402985 249
-0.1666667 -0.0347241 249
-0.1666667 -0.0291497 249
-0.1666667 -0.0235753 251
-0.1666667 -0.0180008 251
-0.1666667 -0.0124264 249
-0.1666667 -0.0068519 249
-0.1666667 -0.0012774 249
-0.1666667 0.0042971 249
-0.1666667 0.0098714 251
-0.1666667 0.0154459 251
-0.1666667 0.0210203 249
-0.1666667 0.0265947 249
-0.1666667 0.0321692 249
-0.1666667 0.0377436 249
-0.1666667 0.0433181 251
-0.1666667 0.0488926 251
-0.1666667 0.0544671 249
-0.1666667 0.0600414 249
-0.1666667 0.0656159 249
-0.1666667 0.0711903 249
-0.1666667 0.0767647 251
-0.1666667 0.0823392 251
-0.1666667 0.0879136 249
-0.1666667 0.0934880 249
-0.1666667 0.0990625 249
-0.1666667 0.1046369 249
-0.1666667 0.1102114 249
-0.1666667 0.1157858 251
-0.1666667 0.1213603 251
-0.1666667 0.1269347 249
-0.1666667 0.1325091 249
-0.1666667 0.1380836 249
-0.1666667 0.1436580 249
-0.1666667 0.1492325 251
-0.1666667 0.1548070 251
-0.1666667 0.1603813 249
-0.1666667 0.1659557 249
-0.1666667 0.1715303 249
-0.1666667 0.1771047 249
-0.1666667 0.1826791 251
-0.1666667 0.1882536 251
-0.1666667 0.1938280 249
-0.1666667 0.1994023 249
-0.1666667 0.2049768 249
-0.1666667 0.2105513 249
-0.1666667 0.2161257 251
-0.1666667 0.2217002 251
-0.1666667 0.2272747 249
-0.1666667 0.2328491 249
-0.1666667 0.2384236 249
-0.1666667 0.2439980 249
-0.1666667 0.2495724 249
-0.1666667 0.2551467 251
-0.1666667 0.2607212 251
-0.1666667 0.2662956 249
-0.1666667 0.2718701 249
-0.1666667 0.2774446 249
-0.1666667 0.2830191 249
-0.1666667 0.2885935 251
-0.1666667 0.2941680 251
-0.1666667 0.2997424 249
-0.1666667 0.3053167 249
-0.1666667 0.3108912 249
-0.1666667 0.3164656 249
-0.1666667 0.3220401 251
-0.1666667 0.3276146 251
-0.1666667 0.3331890 249
-0.1666667 0.3387634 249
-0.1666667 0.3443379 249
-0.1666667 0.3499124 249
-0.1666667 0.3554868 251
-0.1666667 0.3610612 251
-0.1666667 0.3666356 249
-0.1666667 0.3722101 249
-0.1666667 0.3777846 249
-0.1666667 0.3833590 249
-0.1666667 0.3889334 249
-0.1666667 0.3945078 251
-0.1666667 0.4000823 251
-0.1666667 0.4056568 249
-0.1666667 0.4112311 249
-0.1666667 0.4168056 249
-0.1666667 0.4223800 249
-0.1666667 0.4279545 251
-0.1666667 0.4335290 251
-0.1666667 0.4391034 249
-0.1666667 0.4446778 249
-0.1666667 0.4502523 249
-0.1666667 0.4558266 249
-0.1666667 0.4614011 251
-0.1666667 0.4669756 251
-0.1666667 0.4725500 249
-0.1666667 0.4781244 249
-0.1666667 0.4836989 249
-0.1666667 0.4892734 249
-0.1666667 0.4948478 251
-0.1666667 0.5004223 251
-0.1666667 0.5059966 249
-0.1666667 0.5115710 249
-0.1666667 0.5171455 249
-0.1666667 0.5227200 249
-0.1666667 0.5282944 249
-0.1666667 0.5338688 251
-0.1666667 0.5394433 251
-0.1666667 0.5450177 249
-0.1666667 0.5505922 249
-0.1666667 0.5561666 249
-0.1666667 0.5617410 249
-0.1666667 0.5673154 251
-0.1666667 0.5728899 251
-0.1666667 0.5784644 249
-0.1666667 0.5840388 249
-0.1666667 0.5896133 249
-0.1666667 0.5951877 249
-0.1666667 0.6007622 251
-0.1666667 0.6063367 251
-0.1666667 0.6119110 249
-0.1666667 0.6174854 249
-0.1666667 0.6230599 249
-0.1666667 0.6286344 249
-0.1666667 0.6342088 251
-0.1666667 0.6397833 251
-0.1666667 0.6453577 249
-0.1666667 0.6509321 249
-0.1666667 0.6565066 249
-0.1666667 0.6620810 249
-0.1666667 0.6676554 249
-0.1666667 0.6732298 251
-0.1666667 0.6788043 251
-0.1666667 0.6843787 249
-0.1666667 0.6899532 249
-0.1665534 0.6955277 8
-0.1661650 0.7011147 8
-0.1657767 0.7067279 8
-0.1653883 0.7122882 8
-0.1650000 0.7177952 8
-0.1646116 0.7232492 8
-0.1642233 0.7286500 8
-0.1638350 0.7339978 8
-0.1634467 0.7392902 8
-0.1630583 0.7445294 8
-0.1626699 0.7497154 8
-0.1622815 0.7548485 8
-0.1618932 0.7599285 8
-0.1615049 0.7649552 8
-0.1611166 0.7699289 8
-0.1607282 0.7748495 8
-0.1603398 0.7797170 8
-0.1599514 0.7845313 8
-0.1595631 0.7892925 8
-0.1591748 0.7940007 8
-0.1587864 0.7986557 8
-0.1583980 0.8032577 8
-0.1580097 0.8078066 8
-0.1576214 0.8123023 8
-0.1572330 0.8167448 8
-0.1568446 0.8211343 8
-0.1564563 0.8254707 8
-0.1560680 0.8297540 8
-0.1556796 0.8339841 8
-0.1552913 0.8381613 8
-0.1549029 0.8422852 8
-0.1545146 0.8463559 8
-0.1541262 0.8503737 8
-0.1537378 0.8543361 8
-0.1533496 0.8582452 8
-0.1529612 0.8621014 8
-0.1525728 0.8659044 8
-0.1521845 0.8696543 8
-0.1517962 0.8733510 8
-0.1514078 0.8769947 8
-0.1510194 0.8805853 8
-0.1506311 0.8841228 8
-0.1502427 0.8876071 8
-0.1498544 0.8910384 8
-0.1494660 0.8944165 8
-0.1490776 0.8977415 8
-0.1486893 0.9010134 8
-0.1483010 0.9042322 8
-0.1479126 0.9073979 8
-0.1475243 0.9105105 8
-0.1471359 0.9135701 8
-0.1467475 0.9165765 8
-0.1463592 0.9195297 8
-0.1459709 0.9224299 8
-0.1455825 0.9252769 8
-0.1451941 0.9280709 8
-0.1448059 0.9308117 8
-0.1444175 0.9334995 8
-0.1440291 0.9361317 8
-0.1436408 0.9387110 8
-0.1432524 0.9412371 8
-0.1428641 0.9437101 8
-0.1424757 0.9461299 8
-0.1420873 0.9484967 8
-0.1416990 0.9508103 8
-0.1413107 0.9530709 8
-0.1409223 0.9552784 8
-0.1405340 0.9574327 8
-0.1401456 0.9595339 8
-0.1397573 0.9615820 8
-0.1393689 0.9635771 8
-0.1389806 0.9655191 8
-0.1385923 0.9674078 8
-0.1382039 0.9692435 8
-0.1378155 0.9710261 8
-0.1374271 0.9727556 8
-0.1370388 0.9744319 8
-0.1366505 0.9760551 8
-0.1362621 0.9776253 8
-0.1358738 0.9791424 8
-0.1354854 0.9806063 8
-0.1350970 0.9820171 8
-0.1347087 0.9833748 8
-0.1343204 0.9846771 8
-0.1339321 0.9859264 8
-0.1335437 0.9871224 8
-0.1331554 0.9882654 8
-0.1327670 0.9893553 8
-0.1323786 0.9903920 8
-0.1319903 0.9913757 8
-0.1316019 0.9923063 8
-0.1312136 0.9931837 8
-0.1308252 0.9940080 8
-0.1304369 0.9947793 8
-0.1300486 0.9954973 8
-0.1296602 0.9961623 8
-0.1292718 0.9967743 8
-0.1288835 0.9973331 8
-0.1284951 0.9978387 8
-0.1281068 0.9982913 8
-0.1277184 0.9986908 8
-0.1273301 0.9990372 8
-0.1269418 0.9993304 8
-0.1265534 0.9995705 8
-0.1261650 0.9997575 8
-0.1257766 0.9998915 8
-0.1253883 0.9999724 8
-0.1250000 1.0000000 0
-0.1246117 0.9999728 0
-0.1242234 0.9998936 0
-0.1238350 0.9997622 0
-0.1234466 0.9995787 0
-0.1230582 0.9993433 0
-0.1226699 0.9990557 0
-0.1222816 0.9987161 0
-0.1218932 0.9983244 0
-0.1215049 0.9978806 0
-0.1211165 0.9973847 0
-0.1207282 0.9968366 0
-0.1203398 0.9962365 0
-0.1199514 0.9955844 0
-0.1195631 0.9948802 0
-0.1191748 0.9941239 0
-0.1187864 0.9933154 0
-0.1183981 0.9924549 0
-0.1180097 0.9915424 0
-0.1176214 0.9905777 0
-0.1172330 0.9895611 0
-0.1168446 0.9884922 0
-0.1164563 0.9873713 0
-0.1160679 0.9861983 0
-0.1156796 0.9849733 0
-0.1152913 0.9836961 0
-0.1149030 0.9823646 0
-0.1145146 0.9809810 0
-0.1141262 0.9795453 0
-0.1137379 0.9780577 0
-0.1133495 0.9765178 0
-0.1129612 0.9749260 0
-0.1125729 0.9732820 0
-0.1121845 0.9715859 0
-0.1117961 0.9698378 0
-0.1114077 0.9680376 0
-0.1110194 0.9661853 0
-0.1106311 0.9642809 0
-0.1102427 0.9623244 0
-0.1098544 0.9603159 0
-0.1094660 0.9582553 0
-0.1090777 0.9561426 0
-0.1086893 0.9539777 0
-0.1083010 0.9517609 0
-0.1079127 0.9494919 0
-0.1075243 0.9471708 0
-0.1071359 0.9447978 0
-0.1067476 0.9423726 0
-0.1063592 0.9398953 0
-0.1059709 0.9373659 0
-0.1055825 0.9347844 0
-0.1051941 0.9321486 0
-0.1048059 0.9294609 0
-0.1044175 0.9267209 0
-0.1040291 0.9239289 0
-0.1036408 0.9210847 0
-0.1032525 0.9181885 0
-0.1028641 0.9152402 0
-0.1024757 0.9122398 0
-0.1020874 0.9091874 0
-0.1016990 0.9060829 0
-0.1013107 0.9029263 0
-0.1009224 0.8997175 0
-0.1005340 0.8964567 0
-0.1001456 0.8931438 0
-0.0997573 0.8897789 0
-0.0993689 0.8863619 0
-0.0989806 0.8828928 0
-0.0985922 0.8793716 0
-0.0982038 0.8757983 0
-0.0978155 0.8721730 0
-0.0974272 0.8684956 0
-0.0970388 0.8647661 0
-0.0966504 0.8609844 0
-0.0962622 0.8571508 0
-0.0958738 0.8532650 0
-0.0954854 0.8493250 0
-0.0950971 0.8453327 0
-0.0947087 0.8412885 0
-0.0943204 0.8371922 0
-0.0939320 0.8330437 0
-0.0935437 0.8288432 0
-0.0931554 0.8245906 0
-0.0927670 0.8202859 0
-0.0923786 0.8159292 0
-0.0919903 0.8115203 0
-0.0916020 0.8070593 0
-0.0912136 0.8025464 0
-0.0908252 0.7979813 0
-0.0904369 0.7933641 0
-0.0900486 0.7886948 0
-0.0896602 0.7839735 0
-0.0892718 0.7792001 0
-0.0888834 0.7743747 0
-0.0884951 0.7694971 0
-0.0881068 0.7645673 0
-0.0877185 0.7595856 0
-0.0873301 0.7545518 0
-0.0869417 0.7494659 0
-0.0865533 0.7443279 0
-0.0861650 0.7391379 0
-0.0857767 0.7338934 0
-0.0853884 0.7285970 0
-0.0850000 0.7232483 0
-0.0846117 0.7178476 0
-0.0842233 0.7123949 0
-0.0838350 0.7068901 0
-0.0834466 0.7013332 241
-0.0833333 0.6957599 241
-0.0833333 0.6901855 243
-0.0833333 0.6846110 243
-0.0833333 0.6790365 241
-0.0833333 0.6734621 241
-0.0833333 0.6678877 241
-0.0833333 0.6623133 241
-0.0833333 0.6567388 241
-0.0833333 0.6511643 243
-0.0833333 0.6455900 243
-0.0833333 0.6400155 241
-0.0833333 0.6344411 241
-0.0833333 0.6288666 241
-0.0833333 0.6232921 241
-0.0833333 0.6177177 243
-0.0833333 0.6121433 243
-0.0833333 0.6065689 241
-0.0833333 0.6009943 241
-0.0833333 0.5954200 241
-0.0833333 0.5898455 241
-0.0833333 0.5842711 243
-0.0833333 0.5786967 243
-0.0833333 0.5731222 241
-0.0833333 0.5675477 241
-0.0833333 0.5619733 241
-0.0833333 0.5563989 241
-0.0833333 0.5508245 243
-0.0833333 0.5452500 243
-0.0833333 0.5396755 241
-0.0833333 0.5341011 241
-0.0833333 0.5285267 241
-0.0833333 0.5229523 241
-0.0833333 0.5173778 241
-0.0833333 0.5118033 243
-0.0833333 0.5062289 243
-0.0833333 0.5006545 241
-0.0833333 0.4950801 241
-0.0833333 0.4895056 241
-0.0833333 0.4839311 241
-0.0833333 0.4783567 243
-0.0833333 0.4727823 243
-0.0833333 0.4672078 241
-0.0833333 0.4616334 241
-0.0833333 0.4560589 241
-0.0833333 0.4504845 241
-0.0833333 0.4449101 243
-0.0833333 0.4393357 243
-0.0833333 0.4337612 241
-0.0833333 0.4281867 241
-0.0833333 0.4226123 241
-0.0833333 0.4170378 241
-0.0833333 0.4114634 243
-0.0833333 0.4058890 243
-0.0833333 0.4003146 241
-0.0833333 0.3947401 241
-0.0833333 0.3891657 241
-0.0833333 0.3835913 241
-0.0833333 0.3780168 241
-0.0833333 0.3724423 243
-0.0833333 0.3668679 243
-0.0833333 0.3612934 241
-0.0833333 0.3557190 241
-0.0833333 0.3501446 241
-0.0833333 0.3445701 241
-0.0833333 0.3389957 243
-0.0833333 0.3334212 243
-0.0833333 0.3278468 241
-0.0833333 0.3222723 241
-0.0833333 0.3166979 241
-0.0833333 0.3111234 241
-0.0833333 0.3055490 243
-0.0833333 0.2999745 243
-0.0833333 0.2944002 241
-0.0833333 0.2888257 241
-0.0833333 0.2832513 241
-0.0833333 0.2776768 241
-0.0833333 0.2721024 243
-0.0833333 0.2665279 243
-0.0833333 0.2609534 241
-0.0833333 0.2553790 241
-0.0833333 0.2498046 241
-0.0833333 0.2442302 241
-0.0833333 0.2386557 241
-0.0833333 0.2330813 243
-0.0833333 0.2275069 243
-0.0833333 0.2219324 241
-0.0833333 0.2163580 241
-0.0833333 0.2107835 241
-0.0833333 0.2052090 241
-0.0833333 0.1996346 243
-0.0833333 0.1940603 243
-0.0833333 0.1884858 241
-0.0833333 0.1829113 241
-0.0833333 0.1773369 241
-0.0833333 0.1717624 241
-0.0833333 0.1661880 243
-0.0833333 0.1606135 243
-0.0833333 0.1550392 241
-0.0833333 0.1494647 241
-0.0833333 0.1438903 241
-0.0833333 0.1383158 241
-0.0833333 0.1327414 243
-0.0833333 0.1271669 243
-0.0833333 0.1215924 241
-0.0833333 0.1160180 241
-0.0833333 0.1104436 241
-0.0833333 0.1048691 241
-0.0833333 0.0992947 241
-0.0833333 0.0937203 243
-0.0833333 0.0881459 243
-0.0833333 0.0825714 241
-0.0833333 0.0769970 241
-0.0833333 0.0714225 241
-0.0833333 0.0658480 241
-0.0833333 0.0602736 243
-0.0833333 0.0546992 243
-0.0833333 0.0491248 241
-0.0833333 0.0435503 241
-0.0833333 0.0379759 241
-0.0833333 0.0324014 241
-0.0833333 0.0268270 243
-0.0833333 0.0212526 243
-0.0833333 0.0156781 241
-0.0833333 0.0101036 241
-0.0833333 0.0045292 241
-0.0833333 -0.0010453 241
-0.0833333 -0.0066197 243
-0.0833333 -0.0121941 243
-0.0833333 -0.0177686 241
-0.0833333 -0.0233430 241
-0.0833333 -0.0289175 241
-0.0833333 -0.0344918 241
-0.0833333 -0.0400663 241
-0.0833333 -0.0456408 243
-0.0833333 -0.0512152 243
-0.0833333 -0.0567897 241
-0.0833333 -0.0623641 241
-0.0833333 -0.0679385 241
-0.0833333 -0.0735130 241
-0.0833333 -0.0790874 243
-0.0833333 -0.0846618 243
-0.0833333 -0.0902363 241
-0.0833333 -0.0958107 241
-0.0833333 -0.1013852 241
-0.0833333 -0.1069596 241
-0.0833333 -0.1125341 243
-0.0833333 -0.1181085 243
-0.0833333 -0.1236830 241
-0.0833333 -0.1292574 241
-0.0833333 -0.1348318 241
-0.0833333 -0.1404063 241
-0.0833333 -0.1459807 243
-0.0833333 -0.1515552 243
-0.0833333 -0.1571296 241
-0.0833333 -0.1627040 241
-0.0833333 -0.1682785 241
-0.0833333 -0.1738529 241
-0.0833333 -0.1794274 241
-0.0833333 -0.1850018 243
-0.0833333 -0.1905762 243
-0.0833333 -0.1961507 241
-0.0833333 -0.2017251 241
-0.0833333 -0.2072995 241
-0.0833333 -0.2128740 241
-0.0833333 -0.2184484 243
-0.0833333 -0.2240228 243
-0.0833333 -0.2295974 241
-0.0833333 -0.2351717 241
-0.0833333 -0.2407462 241
-0.0833333 -0.2463207 241
-0.0833333 -0.2518950 243
-0.0833333 -0.2574695 243
-0.0833333 -0.2630440 241
-0.0833333 -0.2686184 241
-0.0833333 -0.2741928 241
-0.0833333 -0.2797673 241
-0.0833333 -0.2853417 243
-0.0833333 -0.2909161 243
-0.0833333 -0.2964906 241
-0.0833333 -0.3020650 241
-0.0833333 -0.3076394 241
-0.0833333 -0.3132138 241
-0.0833333 -0.3187883 241
-0.0833333 -0.3243628 243
-0.0833333 -0.3299372 243
-0.0833333 -0.3355117 241
-0.0833333 -0.3410861 241
-0.0833333 -0.3466606 241
-0.0833333 -0.3522351 241
-0.0833333 -0.3578094 243
-0.0833333 -0.3633838 243
-0.0833333 -0.3689583 241
-0.0833333 -0.3745328 241
-0.0833333 -0.3801072 241
-0.0833333 -0.3856817 241
-0.0833333 -0.3912561 243
-0.0833333 -0.3968305 243
-0.0833333 -0.4024050 241
-0.0833333 -0.4079794 241
-0.0833333 -0.4135538 241
-0.0833333 -0.4191283 241
-0.0833333 -0.4247027 243
-0.0833333 -0.4302772 243
-0.0833333 -0.4358517 241
-0.0833333 -0.4414261 241
-0.0833333 -0.4470005 241
-0.0833333 -0.4525749 241
-0.0833333 -0.4581493 241
-0.0833333 -0.4637238 243
-0.0833333 -0.4692982 243
-0.0833333 -0.4748727 241
-0.0833333 -0.4804471 241
-0.0833333 -0.4860216 241
-0.0833333 -0.4915961 241
-0.0833333 -0.4971705 243
-0.0833333 -0.5027449 243
-0.0833333 -0.5083193 241
-0.0833333 -0.5138937 241
-0.0833333 -0.5194682 241
-0.0833333 -0.5250427 241
-0.0833333 -0.5306171 243
-0.0833333 -0.5361915 243
-0.0833333 -0.5417660 241
-0.0833333 -0.5473405 241
-0.0833333 -0.5529149 241
-0.0833333 -0.5584893 241
-0.0833333 -0.5640637 243
-0.0833333 -0.5696381 243
-0.0833333 -0.5752126 241
-0.0833333 -0.5807871 241
-0.0833333 -0.5863615 241
-0.0833333 -0.5919359 241
-0.0833333 -0.5975104 241
-0.0833333 -0.6030849 243
-0.0833333 -0.6086593 243
-0.0833333 -0.6142337 241
-0.0833333 -0.6198081 241
-0.0833333 -0.6253826 241
-0.0833333 -0.6309571 241
-0.0833333 -0.6365315 243
-0.0833333 -0.6421059 243
-0.0833333 -0.6476804 241
-0.0833333 -0.6532547 241
-0.0833333 -0.6588293 241
-0.0833333 -0.6644037 241
-0.0833333 -0.6699781 243
-0.0833333 -0.6755525 243
-0.0833333 -0.6811270 241
-0.0833333 -0.6867015 241
-0.0833333 -0.6922759 0
-0.0830582 -0.6978504 0
-0.0826699 -0.7034584 0
-0.0822815 -0.7090486 0
-0.0818932 -0.7145857 0
-0.0815049 -0.7200696 0
-0.0811165 -0.7255005 0
-0.0807282 -0.7308783 0
-0.0803398 -0.7362030 0
-0.0799514 -0.7414745 0
-0.0795631 -0.7466930 0
-0.0791747 -0.7518583 0
-0.0787864 -0.7569706 0
-0.0783981 -0.7620296 0
-0.0780098 -0.7670356 0
-0.0776213 -0.7719886 0
-0.0772329 -0.7768884 0
-0.0768446 -0.7817350 0
-0.0764563 -0.7865286 0
-0.0760680 -0.7912668 0
-0.0756797 -0.7959519 0
-0.0752913 -0.8005838 0
-0.0749029 -0.8051627 0
-0.0745145 -0.8096884 0
-0.0741262 -0.8141610 0
-0.0737379 -0.8185805 0
-0.0733495 -0.8229469 0
-0.0729612 -0.8272602 0
-0.0725728 -0.8315204 0
-0.0721845 -0.8357275 0
-0.0717961 -0.8398815 0
-0.0714078 -0.8439823 0
-0.0710195 -0.8480300 0
-0.0706311 -0.8520247 0
-0.0702427 -0.8559663 0
-0.0698544 -0.8598547 0
-0.0694660 -0.8636901 0
-0.0690777 -0.8674723 0
-0.0686893 -0.8712014 0
-0.0683011 -0.8748774 0
-0.0679126 -0.8785002 0
-0.0675242 -0.8820700 0
-0.0671359 -0.8855867 0
-0.0667476 -0.8890502 0
-0.0663593 -0.8924585 0
-0.0659709 -0.8958135 0
-0.0655825 -0.8991154 0
-0.0651942 -0.9023643 0
-0.0648058 -0.9055600 0
-0.0644175 -0.9087025 0
-0.0640292 -0.9117920 0
-0.0636408 -0.9148285 0
-0.0632524 -0.9178118 0
-0.0628640 -0.9207420 0
-0.0624757 -0.9236190 0
-0.0620874 -0.9264430 0
-0.0616990 -0.9292139 0
-0.0613107 -0.9319316 0
-0.0609223 -0.9345963 0
-0.0605340 -0.9372077 0
-0.0601456 -0.9397662 0
-0.0597573 -0.9422716 0
-0.0593690 -0.9447237 0
-0.0589806 -0.9471228 0
-0.0585922 -0.9494688 0
-0.0582039 -0.9517617 0
-0.0578155 -0.9540014 0
-0.0574272 -0.9561882 0
-0.0570388 -0.9583217 0
-0.0566504 -0.9603998 0
-0.0562622 -0.9624248 0
-0.0558738 -0.9643968 0
-0.0554854 -0.9663156 0
-0.0550971 -0.9681813 0
-0.0547088 -0.9699939 0
-0.0543204 -0.9717534 0
-0.0539320 -0.9734598 0
-0.0535437 -0.9751131 0
-0.0531553 -0.9767132 0
-0.0527670 -0.9782603 0
-0.0523787 -0.9797542 0
-0.0519903 -0.9811951 0
-0.0516019 -0.9825829 0
-0.0512136 -0.9839175 0
-0.0508253 -0.9851990 0
-0.0504369 -0.9864275 0
-0.0500485 -0.9876028 0
-0.0496602 -0.9887250 0
-0.0492718 -0.9897941 0
-0.0488835 -0.9908099 0
-0.0484952 -0.9917729 0
-0.0481068 -0.9926827 0
-0.0477185 -0.9935393 0
-0.0473301 -0.9943429 0
-0.0469417 -0.9950909 0
-0.0465534 -0.9957860 0
-0.0461650 -0.9964279 0
-0.0457767 -0.9970167 0
-0.0453884 -0.9975524 0
-0.0450000 -0.9980350 0
-0.0446117 -0.9984645 0
-0.0442233 -0.9988408 0
-0.0438349 -0.9991641 0
-0.0434466 -0.9994343 0
-0.0430583 -0.9996513 0
-0.0426699 -0.9998152 0
-0.0422815 -0.9999261 0
-0.0418932 -0.9999839 0
-0.0415049 -0.9999887 8
-0.0411165 -0.9999411 8
-0.0407281 -0.9998415 8
-0.0403397 -0.9996897 8
-0.0399514 -0.9994860 8
-0.0395631 -0.9992301 8
-0.0391748 -0.9989221 8
-0.0387865 -0.9985621 8
-0.0383981 -0.9981500 8
-0.0380097 -0.9976858 8
-0.0376213 -0.9971695 8
-0.0372330 -0.9965989 8
-0.0368447 -0.9959761 8
-0.0364563 -0.9953013 8
-0.0360680 -0.9945745 8
-0.0356796 -0.9937955 8
-0.0352913 -0.9929644 8
-0.0349029 -0.9920813 8
-0.0345145 -0.9911461 8
-0.0341262 -0.9901588 8
-0.0337378 -0.9891195 8
-0.0333495 -0.9880280 8
-0.0329612 -0.9868845 8
-0.0325728 -0.9856888 8
-0.0321845 -0.9844411 8
-0.0317961 -0.9831413 8
-0.0314078 -0.9817895 8
-0.0310194 -0.9803855 8
-0.0306310 -0.9789295 8
-0.0302427 -0.9774214 8
-0.0298544 -0.9758612 8
-0.0294661 -0.9742489 8
-0.0290776 -0.9725846 8
-0.0286892 -0.9708681 8
-0.0283010 -0.9690996 8
-0.0279126 -0.9672790 8
-0.0275243 -0.9654041 8
-0.0271360 -0.9634771 8
-0.0267476 -0.9614979 8
-0.0263592 -0.9594667 8
-0.0259708 -0.9573835 8
-0.0255826 -0.9552481 8
-0.0251942 -0.9530607 8
-0.0248058 -0.9508211 8
-0.0244175 -0.9485295 8
-0.0240291 -0.9461859 8
-0.0236408 -0.9437901 8
-0.0232524 -0.9413423 8
-0.0228641 -0.9388423 8
-0.0224758 -0.9362903 8
-0.0220874 -0.9336862 8
-0.0216990 -0.9310300 8
-0.0213107 -0.9283218 8
-0.0209223 -0.9255615 8
-0.0205340 -0.9227490 8
-0.0201456 -0.9198846 8
-0.0197574 -0.9169680 8
-0.0193689 -0.9139993 8
-0.0189805 -0.9109785 8
-0.0185922 -0.9079057 8
-0.0182039 -0.9047808 8
-0.0178156 -0.9016016 8
-0.0174272 -0.8983702 8
-0.0170388 -0.8950867 8
-0.0166505 -0.8917512 8
-0.0162621 -0.8883636 8
-0.0158738 -0.8849240 8
-0.0154855 -0.8814322 8
-0.0150971 -0.8778884 8
-0.0147087 -0.8742925 8
-0.0143203 -0.8706445 8
-0.0139320 -0.8669444 8
-0.0135437 -0.8631923 8
-0.0131553 -0.8593880 8
-0.0127670 -0.8555317 8
-0.0123786 -0.8516233 8
-0.0119903 -0.8476628 8
-0.0116019 -0.8436502 8
-0.0112136 -0.8395857 8
-0.0108253 -0.8354689 8
-0.0104369 -0.8313000 8
-0.0100485 -0.8270792 8
-0.0096602 -0.8228062 8
-0.0092718 -0.8184811 8
-0.0088835 -0.8141040 8
-0.0084952 -0.8096747 8
-0.0081069 -0.8051912 8
-0.0077185 -0.8006556 8
-0.0073301 -0.7960678 8
-0.0069417 -0.7914280 8
-0.0065534 -0.7867361 8
-0.0061651 -0.7819921 8
-0.0057767 -0.7771961 8
-0.0053883 -0.7723479 8
-0.0050000 -0.7674477 8
-0.0046116 -0.7624954 8
-0.0042233 -0.7574911 8
-0.0038350 -0.7524345 8
-0.0034466 -0.7473259 8
-0.0030582 -0.7421653 8
-0.0026699 -0.7369526 8
-0.0022816 -0.7316879 8
-0.0018932 -0.7263710 8
-0.0015048 -0.7210020 8
-0.0011165 -0.7155809 8
-0.0007281 -0.7101078 8
-0.0003398 -0.7045827 8
0.0000000 -0.6990117 249
0.0000000 -0.6934373 249
0.0000000 -0.6878628 251
0.0000000 -0.6822883 251
0.0000000 -0.6767139 249
0.0000000 -0.6711394 249
0.0000000 -0.6655650 249
0.0000000 -0.6599907 249
0.0000000 -0.6544161 251
0.0000000 -0.6488417 251
0.0000000 -0.6432673 249
0.0000000 -0.6376928 249
0.0000000 -0.6321184 249
0.0000000 -0.6265439 249
0.0000000 -0.6209694 251
0.0000000 -0.6153950 251
0.0000000 -0.6098206 251
0.0000000 -0.6042462 249
0.0000000 -0.5986717 249
0.0000000 -0.5930973 249
0.0000000 -0.5875229 249
0.0000000 -0.5819484 251
0.0000000 -0.5763740 251
0.0000000 -0.5707995 249
0.0000000 -0.5652250 249
0.0000000 -0.5596506 249
0.0000000 -0.5540763 249
0.0000000 -0.5485018 251
0.0000000 -0.5429273 251
0.0000000 -0.5373529 249
0.0000000 -0.5317784 249
0.0000000 -0.5262040 249
0.0000000 -0.5206296 249
0.0000000 -0.5150551 251
0.0000000 -0.5094806 251
0.0000000 -0.5039062 249
0.0000000 -0.4983318 249
0.0000000 -0.4927574 249
0.0000000 -0.4871829 249
0.0000000 -0.4816084 251
0.0000000 -0.4760340 251
0.0000000 -0.4704596 251
0.0000000 -0.4648852 249
0.0000000 -0.4593107 249
0.0000000 -0.4537362 249
0.0000000 -0.4481619 249
0.0000000 -0.4425874 251
0.0000000 -0.4370130 251
0.0000000 -0.4314385 249
0.0000000 -0.4258640 249
0.0000000 -0.4202896 249
0.0000000 -0.4147152 249
0.0000000 -0.4091407 251
0.0000000 -0.4035664 251
0.0000000 -0.3979919 249
0.0000000 -0.3924174 249
0.0000000 -0.3868430 249
0.0000000 -0.3812686 249
0.0000000 -0.3756941 251
0.0000000 -0.3701196 251
0.0000000 -0.3645452 249
0.0000000 -0.3589707 249
0.0000000 -0.3533964 249
0.0000000 -0.3478219 249
0.0000000 -0.3422474 251
0.0000000 -0.3366730 251
0.0000000 -0.3310985 251
0.0000000 -0.3255241 249
0.0000000 -0.3199496 249
0.0000000 -0.3143752 249
0.0000000 -0.3088008 249
0.0000000 -0.3032263 251
0.0000000 -0.2976518 251
0.0000000 -0.2920775 249
0.0000000 -0.2865030 249
0.0000000 -0.2809286 249
0.0000000 -0.2753541 249
0.0000000 -0.2697797 251
0.0000000 -0.2642052 251
0.0000000 -0.2586308 249
0.0000000 -0.2530563 249
0.0000000 -0.2474820 249
0.0000000 -0.2419075 249
0.0000000 -0.2363330 251
0.0000000 -0.2307586 251
0.0000000 -0.2251842 249
0.0000000 -0.2196097 249
0.0000000 -0.2140353 249
0.0000000 -0.2084608 249
0.0000000 -0.2028863 251
0.0000000 -0.1973120 251
0.0000000 -0.1917376 251
0.0000000 -0.1861631 249
0.0000000 -0.1805886 249
0.0000000 -0.1750142 249
0.0000000 -0.1694398 249
0.0000000 -0.1638653 251
0.0000000 -0.1582909 251
0.0000000 -0.1527165 249
0.0000000 -0.1471420 249
0.0000000 -0.1415676 249
0.0000000 -0.1359932 249
0.0000000 -0.1304187 251
0.0000000 -0.1248442 251
0.0000000 -0.1192698 249
0.0000000 -0.1136953 249
0.0000000 -0.1081209 249
0.0000000 -0.1025464 249
0.0000000 -0.0969720 251
0.0000000 -0.0913976 251
0.0000000 -0.0858232 249
0.0000000 -0.0802487 249
0.0000000 -0.0746743 249
0.0000000 -0.0690998 249
0.0000000 -0.0635253 251
0.0000000 -0.0579509 251
0.0000000 -0.0523765 251
0.0000000 -0.0468021 249
0.0000000 -0.0412276 249
0.0000000 -0.0356532 249
0.0000000 -0.0300788 249
0.0000000 -0.0245043 251
0.0000000 -0.0189299 251
0.0000000 -0.0133554 249
0.0000000 -0.0077809 249
0.0000000 -0.0022065 249
0.0000000 0.0033680 249
0.0000000 0.0089424 251
0.0000000 0.0145168 251
0.0000000 0.0200912 249
0.0000000 0.0256657 249
0.0000000 0.0312401 249
0.0000000 0.0368145 249
0.0000000 0.0423890 251
0.0000000 0.0479635 251
0.0000000 0.0535380 249
0.0000000 0.0591124 249
0.0000000 0.0646868 249
0.0000000 0.0702612 249
0.0000000 0.0758357 251
0.0000000 0.0814101 251
0.0000000 0.0869845 251
0.0000000 0.0925589 249
0.0000000 0.0981334 249
0.0000000 0.1037079 249
0.0000000 0.1092823 249
0.0000000 0.1148568 251
0.0000000 0.1204312 251
0.0000000 0.1260056 249
0.0000000 0.1315801 249
0.0000000 0.1371545 249
0.0000000 0.1427289 249
0.0000000 0.1483034 251
0.0000000 0.1538779 251
0.0000000 0.1594522 249
0.0000000 0.1650267 249
0.0000000 0.1706012 249
0.0000000 0.1761756 249
0.0000000 0.1817501 251
0.0000000 0.1873245 251
0.0000000 0.1928989 249
0.0000000 0.1984733 249
0.0000000 0.2040477 249
0.0000000 0.2096222 249
0.0000000 0.2151967 251
0.0000000 0.2207711 251
0.0000000 0.2263456 251
0.0000000 0.2319200 249
0.0000000 0.2374945 249
0.0000000 0.2430689 249
0.0000000 0.2486433 249
0.0000000 0.2542177 251
0.0000000 0.2597921 251
0.0000000 0.2653666 249
0.0000000 0.2709411 249
0.0000000 0.2765155 249
0.0000000 0.2820900 249
0.0000000 0.2876645 251
0.0000000 0.2932389 251
0.0000000 0.2988133 249
0.0000000 0.3043877 249
0.0000000 0.3099621 249
0.0000000 0.3155365 249
0.0000000 0.3211110 251
0.0000000 0.3266855 251
0.0000000 0.3322599 249
0.0000000 0.3378344 249
0.0000000 0.3434089 249
0.0000000 0.3489833 249
0.0000000 0.3545577 251
0.0000000 0.3601321 251
0.0000000 0.3657065 251
0.0000000 0.3712810 249
0.0000000 0.3768555 249
0.0000000 0.3824299 249
0.0000000 0.3880043 249
0.0000000 0.3935788 251
0.0000000 0.3991532 251
0.0000000 0.4047277 249
0.0000000 0.4103021 249
0.0000000 0.4158765 249
0.0000000 0.4214509 249
0.0000000 0.4270254 251
0.0000000 0.4325999 251
0.0000000 0.4381743 249
0.0000000 0.4437488 249
0.0000000 0.4493232 249
0.0000000 0.4548975 249
0.0000000 0.4604720 251
0.0000000 0.4660465 251
0.0000000 0.4716209 249
0.0000000 0.4771954 249
0.0000000 0.4827698 249
0.0000000 0.4883443 249
0.0000000 0.4939188 251
0.0000000 0.4994932 251
0.0000000 0.5050676 251
0.0000000 0.5106419 249
0.0000000 0.5162164 249
0.0000000 0.5217909 249
0.0000000 0.5273653 249
0.0000000 0.5329398 251
0.0000000 0.5385142 251
0.0000000 0.5440887 249
0.0000000 0.5496632 249
0.0000000 0.5552376 249
0.0000000 0.5608119 249
0.0000000 0.5663864 251
0.0000000 0.5719608 251
0.0000000 0.5775353 249
0.0000000 0.5831098 249
0.0000000 0.5886842 249
0.0000000 0.5942586 249
0.0000000 0.5998331 251
0.0000000 0.6054076 251
0.0000000 0.6109820 249
0.0000000 0.6165564 249
0.0000000 0.6221308 249
0.0000000 0.6277053 249
0.0000000 0.6332798 251
0.0000000 0.6388542 251
0.0000000 0.6444286 251
0.0000000 0.6500030 249
0.0000000 0.6555775 249
0.0000000 0.6611520 249
0.0000000 0.6667263 249
0.0000000 0.6723008 251
0.0000000 0.6778752 251
0.0000000 0.6834497 249
0.0000000 0.6890242 249
0.0000485 0.6945986 8
0.0004369 0.7001772 8
0.0008253 0.7057997 8
0.0012137 0.7113692 8
0.0016019 0.7168832 8
0.0019902 0.7223440 8
0.0023786 0.7277518 8
0.0027670 0.7331065 8
0.0031553 0.7384081 8
0.0035437 0.7436566 8
0.0039321 0.7488519 8
0.0043204 0.7539942 8
0.0047087 0.7590834 8
0.0050971 0.7641194 8
0.0054854 0.7691022 8
0.0058738 0.7740321 8
0.0062622 0.7789088 8
0.0066505 0.7837324 8
0.0070389 0.7885028 8
0.0074271 0.7932202 8
0.0078155 0.7978845 8
0.0082039 0.8024957 8
0.0085923 0.8070538 8
0.0089806 0.8115588 8
0.0093689 0.8160106 8
0.0097573 0.8204093 8
0.0101456 0.8247549 8
0.0105340 0.8290474 8
0.0109223 0.8332868 8
0.0113107 0.8374709 8
0.0116990 0.8416018 8
0.0120874 0.8456794 8
0.0124758 0.8497041 8
0.0128642 0.8536757 8
0.0132524 0.8575941 8
0.0136407 0.8614595 8
0.0140291 0.8652718 8
0.0144175 0.8690309 8
0.0148058 0.8727368 8
0.0151942 0.8763897 8
0.0155826 0.8799896 8
0.0159709 0.8835363 8
0.0163592 0.8870299 8
0.0167475 0.8904703 8
0.0171360 0.8938578 8
0.0175243 0.8971920 8
0.0179127 0.9004731 8
0.0183010 0.9037011 8
0.0186894 0.9068761 8
0.0190776 0.9099979 8
0.0194660 0.9130667 8
0.0198544 0.9160824 8
0.0202428 0.9190448 8
0.0206311 0.9219542 8
0.0210194 0.9248082 8
0.0214077 0.9276091 8
0.0217961 0.9303568 8
0.0221845 0.9330515 8
0.0225728 0.9356930 8
0.0229612 0.9382815 8
0.0233495 0.9408169 8
0.0237378 0.9432991 8
0.0241261 0.9457281 8
0.0245146 0.9481041 8
0.0249029 0.9504270 8
0.0252912 0.9526968 8
0.0256796 0.9549135 8
0.0260680 0.9570772 8
0.0264563 0.9591876 8
0.0268447 0.9612449 8
0.0272330 0.9632492 8
0.0276214 0.9652004 8
0.0280097 0.9670984 8
0.0283980 0.9689433 8
0.0287864 0.9707351 8
0.0291748 0.9724739 8
0.0295632 0.9741594 8
0.0299514 0.9757919 8
0.0303398 0.9773713 8
0.0307281 0.9788953 8
0.0311164 0.9803661 8
0.0315048 0.9817839 8
0.0318933 0.9831485 8
0.0322816 0.9844601 8
0.0326698 0.9857186 8
0.0330582 0.9869238 8
0.0334466 0.9880761 8
0.0338349 0.9891752 8
0.0342233 0.9902211 8
0.0346117 0.9912141 8
0.0350000 0.9921539 8
0.0353883 0.9930406 8
0.0357766 0.9938741 8
0.0361650 0.9946546 8
0.0365534 0.9953819 8
0.0369417 0.9960561 8
0.0373301 0.9966773 8
0.0377185 0.9972453 8
0.0381068 0.9977602 8
0.0384952 0.9982220 8
0.0388835 0.9986307 8
0.0392719 0.9989864 8
0.0396602 0.9992888 8
0.0400485 0.9995382 8
0.0404369 0.9997321 8
0.0408253 0.9998730 8
0.0412136 0.9999608 8
0.0416019 0.9999954 0
0.0419903 0.9999774 0
0.0423786 0.9999072 0
0.0427670 0.9997848 0
0.0431554 0.9996104 0
0.0435437 0.9993841 0
0.0439320 0.9991056 0
0.0443203 0.9987750 0
0.0447087 0.9983923 0
0.0450971 0.9979576 0
0.0454855 0.9974707 0
0.0458738 0.9969317 0
0.0462622 0.9963407 0
0.0466505 0.9956976 0
0.0470388 0.9950024 0
0.0474271 0.9942552 0
0.0478155 0.9934559 0
0.0482039 0.9926043 0
0.0485922 0.9917010 0
0.0489806 0.9907452 0
0.0493690 0.9897377 0
0.0497574 0.9886779 0
0.0501456 0.9875638 0
0.0505339 0.9863976 0
0.0509223 0.9851793 0
0.0513107 0.9839090 0
0.0516990 0.9825865 0
0.0520874 0.9812120 0
0.0524758 0.9797854 0
0.0528641 0.9783067 0
0.0532524 0.9767760 0
0.0536408 0.9751932 0
0.0540291 0.9735583 0
0.0544175 0.9718712 0
0.0548059 0.9701321 0
0.0551942 0.9683410 0
0.0555826 0.9664978 0
0.0559708 0.9646025 0
0.0563592 0.9626550 0
0.0567476 0.9606555 0
0.0571360 0.9586040 0
0.0575243 0.9565004 0
0.0579126 0.9543446 0
0.0583010 0.9521368 0
0.0586893 0.9498768 0
0.0590777 0.9475648 0
0.0594660 0.9452009 0
0.0598544 0.9427825 0
0.0602427 0.9403120 0
0.0606311 0.9377894 0
0.0610195 0.9352147 0
0.0614078 0.9325879 0
0.0617961 0.9299092 0
0.0621844 0.9271783 0
0.0625728 0.9243953 0
0.0629612 0.9215603 0
0.0633495 0.9186731 0
0.0637378 0.9157338 0
0.0641262 0.9127425 0
0.0645146 0.9096991 0
0.0649029 0.9066037 0
0.0652912 0.9034562 0
0.0656796 0.9002565 0
0.0660680 0.8970047 0
0.0664563 0.8937009 0
0.0668446 0.8903450 0
0.0672330 0.8869370 0
0.0676213 0.8834770 0
0.0680097 0.8799648 0
0.0683981 0.8764006 0
0.0687865 0.8727844 0
0.0691748 0.8691161 0
0.0695630 0.8653933 0
0.0699514 0.8616185 0
0.0703398 0.8577916 0
0.0707282 0.8539126 0
0.0711165 0.8499816 0
0.0715049 0.8459984 0
0.0718932 0.8419633 0
0.0722815 0.8378760 0
0.0726698 0.8337366 0
0.0730583 0.8295452 0
0.0734466 0.8253017 0
0.0738349 0.8210060 0
0.0742233 0.8166583 0
0.0746117 0.8122585 0
0.0750000 0.8078066 0
0.0753883 0.8033027 0
0.0757767 0.7987466 0
0.0761651 0.7941385 0
0.0765534 0.7894783 0
0.0769417 0.7847660 0
0.0773301 0.7800017 0
0.0777185 0.7751853 0
0.0781069 0.7703168 0
0.0784951 0.7653961 0
0.0788835 0.7604234 0
0.0792718 0.7553965 0
0.0796601 0.7503173 0
0.0800485 0.7451861 0
0.0804370 0.7400029 0
0.0808253 0.7347675 0
0.0812135 0.7294801 0
0.0816019 0.7241405 0
0.0819903 0.7187489 0
0.0823786 0.7133052 0
0.0827670 0.7078095 0
0.0831554 0.7022616 241
0.0833334 0.6966890 241
0.0833334 0.6911146 241
0.0833334 0.6855401 243
0.0833334 0.6799656 243
0.0833334 0.6743912 241
0.0833334 0.6688168 241
0.0833334 0.6632424 241
0.0833334 0.6576679 241
0.0833334 0.6520934 243
0.0833334 0.6465190 243
0.0833334 0.6409446 241
0.0833334 0.6353702 241
0.0833334 0.6297957 241
0.0833334 0.6242212 241
0.0833334 0.6186468 243
0.0833334 0.6130723 243
0.0833334 0.6074980 241
0.0833334 0.6019234 241
0.0833334 0.5963490 241
0.0833334 0.5907746 241
0.0833334 0.5852002 243
0.0833334 0.5796257 243
0.0833334 0.5740512 241
0.0833334 0.5684768 241
0.0833334 0.5629023 241
0.0833334 0.5573280 241
0.0833334 0.5517536 241
0.0833334 0.5461791 243
0.0833334 0.5406046 243
0.0833334 0.5350302 241
0.0833334 0.5294558 241
0.0833334 0.5238813 241
0.0833334 0.5183069 241
0.0833334 0.5127324 243
0.0833334 0.5071579 243
0.0833334 0.5015836 241
0.0833334 0.4960092 241
0.0833334 0.4904347 241
0.0833334 0.4848602 241
0.0833334 0.4792858 243
0.0833334 0.4737113 243
0.0833334 0.4681369 241
0.0833334 0.4625625 241
0.0833334 0.4569880 241
0.0833334 0.4514136 241
0.0833334 0.4458392 243
0.0833334 0.4402647 243
0.0833334 0.4346903 241
0.0833334 0.4291158 241
0.0833334 0.4235413 241
0.0833334 0.4179669 241
0.0833334 0.4123925 241
0.0833334 0.4068181 243
0.0833334 0.4012437 243
0.0833334 0.3956692 241
0.0833334 0.3900948 241
0.0833334 0.3845203 241
0.0833334 0.3789459 241
0.0833334 0.3733714 243
0.0833334 0.3677969 243
0.0833334 0.3622225 241
0.0833334 0.3566481 241
0.0833334 0.3510737 241
0.0833334 0.3454992 241
0.0833334 0.3399248 243
0.0833334 0.3343502 243
0.0833334 0.3287759 241
0.0833334 0.3232014 241
0.0833334 0.3176269 241
0.0833334 0.3120525 241
0.0833334 0.3064781 243
0.0833334 0.3009036 243
0.0833334 0.2953292 241
0.0833334 0.2897548 241
0.0833334 0.2841803 241
0.0833334 0.2786059 241
0.0833334 0.2730314 241
0.0833334 0.2674570 243
0.0833334 0.2618825 243
0.0833334 0.2563081 241
0.0833334 0.2507337 241
0.0833334 0.2451593 241
0.0833334 0.2395848 241
0.0833334 0.2340104 243
0.0833334 0.2284359 243
0.0833334 0.2228615 241
0.0833334 0.2172871 241
0.0833334 0.2117126 241
0.0833334 0.2061381 241
0.0833334 0.2005637 243
0.0833334 0.1949893 243
0.0833334 0.1894149 241
0.0833334 0.1838404 241
0.0833334 0.1782659 241
0.0833334 0.1726915 241
0.0833334 0.1671171 243
0.0833334 0.1615426 243
0.0833334 0.1559682 241
0.0833334 0.1503938 241
0.0833334 0.1448193 241
0.0833334 0.1392449 241
0.0833334 0.1336705 241
0.0833334 0.1280960 243
0.0833334 0.1225215 243
0.0833334 0.1169471 241
0.0833334 0.1113727 241
0.0833334 0.1057982 241
0.0833334 0.1002237 241
0.0833334 0.0946494 243
0.0833334 0.0890749 243
0.0833334 0.0835005 241
0.0833334 0.0779261 241
0.0833334 0.0723516 241
0.0833334 0.0667771 241
0.0833334 0.0612027 243
0.0833334 0.0556282 243
0.0833334 0.0500539 241
0.0833334 0.0444794 241
0.0833334 0.0389049 241
0.0833334 0.0333305 241
0.0833334 0.0277561 243
0.0833334 0.0221816 243
0.0833334 0.0166072 241
0.0833334 0.0110327 241
0.0833334 0.0054582 241
0.0833334 -0.0001162 241
0.0833334 -0.0056906 241
0.0833334 -0.0112650 243
0.0833334 -0.0168395 243
0.0833334 -0.0224139 241
0.0833334 -0.0279884 241
0.0833334 -0.0335628 241
0.0833334 -0.0391372 241
0.0833334 -0.0447117 243
0.0833334 -0.0502862 243
0.0833334 -0.0558606 241
0.0833334 -0.0614350 241
0.0833334 -0.0670095 241
0.0833334 -0.0725839 241
0.0833334 -0.0781583 243
0.0833334 -0.0837328 243
0.0833334 -0.0893072 241
0.0833334 -0.0948816 241
0.0833334 -0.1004561 241
0.0833334 -0.1060305 241
0.0833334 -0.1116050 243
0.0833334 -0.1171795 243
0.0833334 -0.1227539 241
0.0833334 -0.1283283 241
0.0833334 -0.1339028 241
0.0833334 -0.1394772 241
0.0833334 -0.1450516 241
0.0833334 -0.1506261 243
0.0833334 -0.1562005 243
0.0833334 -0.1617749 241
0.0833334 -0.1673494 241
0.0833334 -0.1729239 241
0.0833334 -0.1784983 241
0.0833334 -0.1840727 243
0.0833334 -0.1896472 243
0.0833334 -0.1952216 241
0.0833334 -0.2007960 241
0.0833334 -0.2063705 241
0.0833334 -0.2119449 241
0.0833334 -0.2175193 243
0.0833334 -0.2230938 243
0.0833334 -0.2286683 241
0.0833334 -0.2342426 241
0.0833334 -0.2398171 241
0.0833334 -0.2453916 241
0.0833334 -0.2509660 243
0.0833334 -0.2565404 243
0.0833334 -0.2621149 241
0.0833334 -0.2676893 241
0.0833334 -0.2732638 241
0.0833334 -0.2788382 241
0.0833334 -0.2844126 241
0.0833334 -0.2899870 243
0.0833334 -0.2955615 243
0.0833334 -0.3011360 241
0.0833334 -0.3067103 241
0.0833334 -0.3122848 241
0.0833334 -0.3178592 241
0.0833334 -0.3234337 243
0.0833334 -0.3290082 243
0.0833334 -0.3345826 241
0.0833334 -0.3401570 241
0.0833334 -0.3457316 241
0.0833334 -0.3513060 241
0.0833334 -0.3568803 243
0.0833334 -0.3624548 243
0.0833334 -0.3680292 241
0.0833334 -0.3736037 241
0.0833334 -0.3791782 241
0.0833334 -0.3847526 241
0.0833334 -0.3903270 243
0.0833334 -0.3959015 243
0.0833334 -0.4014760 241
0.0833334 -0.4070504 241
0.0833334 -0.4126248 241
0.0833334 -0.4181992 241
0.0833334 -0.4237736 241
0.0833334 -0.4293481 243
0.0833334 -0.4349226 243
0.0833334 -0.4404970 241
0.0833334 -0.4460714 241
0.0833334 -0.4516458 241
0.0833334 -0.4572202 241
0.0833334 -0.4627947 243
0.0833334 -0.4683692 243
0.0833334 -0.4739436 241
0.0833334 -0.4795180 241
0.0833334 -0.4850925 241
0.0833334 -0.4906670 241
0.0833334 -0.4962414 243
0.0833334 -0.5018159 243
0.0833334 -0.5073902 241
0.0833334 -0.5129646 241
0.0833334 -0.5185391 241
0.0833334 -0.5241136 241
0.0833334 -0.5296880 243
0.0833334 -0.5352625 243
0.0833334 -0.5408369 241
0.0833334 -0.5464114 241
0.0833334 -0.5519859 241
0.0833334 -0.5575602 241
0.0833334 -0.5631346 241
0.0833334 -0.5687090 243
0.0833334 -0.5742835 243
0.0833334 -0.5798580 241
0.0833334 -0.5854324 241
0.0833334 -0.5910069 241
0.0833334 -0.5965813 241
0.0833334 -0.6021558 243
0.0833334 -0.6077303 243
0.0833334 -0.6133046 241
0.0833334 -0.6188790 241
0.0833334 -0.6244535 241
0.0833334 -0.6300280 241
0.0833334 -0.6356024 243
0.0833334 -0.6411769 243
0.0833334 -0.6467513 241
0.0833334 -0.6523256 241
0.0833334 -0.6579002 241
0.0833334 -0.6634746 241
0.0833334 -0.6690490 243
0.0833334 -0.6746235 243
0.0833334 -0.6801979 241
0.0833334 -0.6857724 241
0.0833334 -0.6913469 0
0.0835437 -0.6969213 0
0.0839320 -0.7025209 0
0.0843203 -0.7081204 0
0.0847087 -0.7136667 0
0.0850971 -0.7191599 0
0.0854854 -0.7246000 0
0.0858738 -0.7299870 0
0.0862622 -0.7353209 0
0.0866504 -0.7406017 0
0.0870388 -0.7458294 0
0.0874272 -0.7510040 0
0.0878156 -0.7561255 0
0.0882039 -0.7611938 0
0.0885922 -0.7662090 0
0.0889806 -0.7711688 0
0.0893690 -0.7760756 0
0.0897573 -0.7809292 0
0.0901456 -0.7857297 0
0.0905340 -0.7904771 0
0.0909223 -0.7951714 0
0.0913107 -0.7998126 0
0.0916991 -0.8044007 0
0.0920874 -0.8089356 0
0.0924757 -0.8134175 0
0.0928640 -0.8178463 0
0.0932524 -0.8222219 0
0.0936408 -0.8265444 0
0.0940292 -0.8308138 0
0.0944175 -0.8350302 0
0.0948059 -0.8391934 0
0.0951942 -0.8433035 0
0.0955825 -0.8473604 0
0.0959708 -0.8513643 0
0.0963592 -0.8553151 0
0.0967476 -0.8592128 0
0.0971359 -0.8630574 0
0.0975243 -0.8668488 0
0.0979127 -0.8705872 0
0.0983009 -0.8742724 0
0.0986893 -0.8779022 0
0.0990776 -0.8814789 0
0.0994660 -0.8850025 0
0.0998544 -0.8884730 0
0.1002427 -0.8918904 0
0.1006311 -0.8952547 0
0.1010195 -0.8985659 0
0.1014078 -0.9018240 0
0.1017961 -0.9050289 0
0.1021845 -0.9081807 0
0.1025728 -0.9112794 0
0.1029612 -0.9143251 0
0.1033496 -0.9173177 0
0.1037379 -0.9202571 0
0.1041262 -0.9231434 0
0.1045145 -0.9259766 0
0.1049029 -0.9287567 0
0.1052913 -0.9314836 0
0.1056797 -0.9341576 0
0.1060680 -0.9367783 0
0.1064562 -0.9393460 0
0.1068446 -0.9418606 0
0.1072330 -0.9443220 0
0.1076213 -0.9467302 0
0.1080097 -0.9490855 0
0.1083981 -0.9513854 0
0.1087864 -0.9536320 0
0.1091747 -0.9558257 0
0.1095631 -0.9579661 0
0.1099515 -0.9600535 0
0.1103398 -0.9620877 0
0.1107281 -0.9640689 0
0.1111165 -0.9659970 0
0.1115049 -0.9678719 0
0.1118931 -0.9696938 0
0.1122815 -0.9714625 0
0.1126699 -0.9731781 0
0.1130583 -0.9748406 0
0.1134466 -0.9764500 0
0.1138349 -0.9780063 0
0.1142233 -0.9795095 0
0.1146117 -0.9809596 0
0.1150000 -0.9823566 0
0.1153883 -0.9837005 0
0.1157767 -0.9849912 0
0.1161650 -0.9862289 0
0.1165534 -0.9874134 0
0.1169418 -0.9885449 0
0.1173302 -0.9896232 0
0.1177185 -0.9906483 0
0.1181067 -0.9916182 0
0.1184951 -0.9925349 0
0.1188835 -0.9933984 0
0.1192719 -0.9942090 0
0.1196602 -0.9949663 0
0.1200486 -0.9956705 0
0.1204369 -0.9963217 0
0.1208252 -0.9969197 0
0.1212135 -0.9974647 0
0.1216020 -0.9979565 0
0.1219903 -0.9983952 0
0.1223786 -0.9987808 0
0.1227670 -0.9991133 0
0.1231554 -0.9993927 0
0.1235437 -0.9996190 0
0.1239320 -0.9997921 0
0.1243204 -0.9999122 0
0.1247088 -0.9999793 0
0.1250971 -0.9999932 8
0.1254854 -0.9999547 8
0.1258738 -0.9998641 8
0.1262622 -0.9997214 8
0.1266505 -0.9995267 8
0.1270388 -0.9992799 8
0.1274272 -0.9989810 8
0.1278155 -0.9986278 8
0.1282038 -0.9982225 8
0.1285922 -0.9977650 8
0.1289807 -0.9972555 8
0.1293689 -0.9966940 8
0.1297572 -0.9960803 8
0.1301456 -0.9954145 8
0.1305340 -0.9946967 8
0.1309223 -0.9939268 8
0.1313107 -0.9931048 8
0.1316991 -0.9922308 8
0.1320874 -0.9913046 8
0.1324757 -0.9903264 8
0.1328640 -0.9892961 8
0.1332524 -0.9882137 8
0.1336408 -0.9870792 8
0.1340291 -0.9858926 8
0.1344175 -0.9846540 8
0.1348059 -0.9833632 8
0.1351941 -0.9820205 8
0.1355825 -0.9806255 8
0.1359709 -0.9791786 8
0.1363593 -0.9776795 8
0.1367476 -0.9761284 8
0.1371359 -0.9745252 8
0.1375243 -0.9728677 8
0.1379127 -0.9711580 8
0.1383010 -0.9693963 8
0.1386893 -0.9675824 8
0.1390777 -0.9657166 8
0.1394660 -0.9637986 8
0.1398543 -0.9618285 8
0.1402427 -0.9598064 8
0.1406311 -0.9577322 8
0.1410194 -0.9556059 8
0.1414077 -0.9534275 8
0.1417961 -0.9511970 8
0.1421845 -0.9489145 8
0.1425729 -0.9465799 8
0.1429612 -0.9441932 8
0.1433496 -0.9417544 8
0.1437379 -0.9392635 8
0.1441262 -0.9367206 8
0.1445145 -0.9341255 8
0.1449029 -0.9314784 8
0.1452913 -0.9287792 8
0.1456796 -0.9260279 8
0.1460680 -0.9232245 8
0.1464563 -0.9203692 8
0.1468446 -0.9174616 8
0.1472330 -0.9144997 8
0.1476213 -0.9114858 8
0.1480097 -0.9084197 8
0.1483981 -0.9053016 8
0.1487863 -0.9021314 8
0.1491747 -0.8989091 8
0.1495631 -0.8956347 8
0.1499515 -0.8923083 8
0.1503398 -0.8889298 8
0.1507282 -0.8854991 8
0.1511165 -0.8820164 8
0.1515049 -0.8784816 8
0.1518932 -0.8748948 8
0.1522815 -0.8712559 8
0.1526699 -0.8675649 8
0.1530582 -0.8638218 8
0.1534466 -0.8600266 8
0.1538350 -0.8561793 8
0.1542234 -0.8522800 8
0.1546117 -0.8483286 8
0.1549999 -0.8443250 8
0.1553883 -0.8402695 8
0.1557767 -0.8361618 8
0.1561650 -0.8320020 8
0.1565534 -0.8277902 8
0.1569418 -0.8235241 8
0.1573301 -0.8192057 8
0.1577184 -0.8148355 8
0.1581068 -0.8104129 8
0.1584951 -0.8059385 8
0.1588835 -0.8014119 8
0.1592718 -0.7968332 8
0.1596602 -0.7922025 8
0.1600486 -0.7875196 8
0.1604368 -0.7827847 8
0.1608252 -0.7779977 8
0.1612136 -0.7731586 8
0.1616020 -0.7682674 8
0.1619903 -0.7633242 8
0.1623786 -0.7583289 8
0.1627670 -0.7532814 8
0.1631554 -0.7481819 8
0.1635437 -0.7430303 8
0.1639320 -0.7378267 8
0.1643204 -0.7325710 8
0.1647087 -0.7272632 8
0.1650971 -0.7219033 8
0.1654855 -0.7164912 8
0.1658739 -0.7110272 8
0.1662621 -0.7055111 8
0.1666504 -0.6999406 249
0.1666666 -0.6943663 249
0.1666666 -0.6887919 251
0.1666666 -0.6832174 251
0.1666666 -0.6776429 249
0.1666666 -0.6720685 249
0.1666666 -0.6664941 249
0.1666666 -0.6609197 249
0.1666666 -0.6553452 251
0.1666666 -0.6497707 251
0.1666666 -0.6441963 249
0.1666666 -0.6386219 249
0.1666666 -0.6330475 249
0.1666666 -0.6274730 249
0.1666666 -0.6218985 249
0.1666666 -0.6163241 251
0.1666666 -0.6107497 251
0.1666666 -0.6051753 249
0.1666666 -0.5996008 249
0.1666666 -0.5940264 249
0.1666666 -0.5884519 249
0.1666666 -0.5828775 251
0.1666666 -0.5773031 251
0.1666666 -0.5717285 249
0.1666666 -0.5661541 249
0.1666666 -0.5605797 249
0.1666666 -0.5550053 249
0.1666666 -0.5494309 251
0.1666666 -0.5438564 251
0.1666666 -0.5382819 249
0.1666666 -0.5327075 249
0.1666666 -0.5271331 249
0.1666666 -0.5215586 249
0.1666666 -0.5159841 251
0.1666666 -0.5104097 251
0.1666666 -0.5048353 249
0.1666666 -0.4992609 249
0.1666666 -0.4936865 249
0.1666666 -0.4881120 249
0.1666666 -0.4825375 249
0.1666666 -0.4769631 251
0.1666666 -0.4713887 251
0.1666666 -0.4658142 249
0.1666666 -0.4602398 249
0.1666666 -0.4546653 249
0.1666666 -0.4490909 249
0.1666666 -0.4435165 251
0.1666666 -0.4379421 251
0.1666666 -0.4323676 249
0.1666666 -0.4267931 249
0.1666666 -0.4212187 249
0.1666666 -0.4156442 249
0.1666666 -0.4100698 251
0.1666666 -0.4044955 251
0.1666666 -0.3989210 249
0.1666666 -0.3933465 249
0.1666666 -0.3877721 249
0.1666666 -0.3821976 249
0.1666666 -0.3766232 251
0.1666666 -0.3710487 251
0.1666666 -0.3654742 249
0.1666666 -0.3598998 249
0.1666666 -0.3543254 249
0.1666666 -0.3487510 249
0.1666666 -0.3431765 249
0.1666666 -0.3376021 251
0.1666666 -0.3320276 251
0.1666666 -0.3264532 249
0.1666666 -0.3208787 249
0.1666666 -0.3153043 249
0.1666666 -0.3097298 249
0.1666666 -0.3041554 251
0.1666666 -0.2985809 251
0.1666666 -0.2930065 249
0.1666666 -0.2874321 249
0.1666666 -0.2818577 249
0.1666666 -0.2762831 249
0.1666666 -0.2707088 251
0.1666666 -0.2651343 251
0.1666666 -0.2595598 249
0.1666666 -0.2539854 249
0.1666666 -0.2484110 249
0.1666666 -0.2428366 249
0.1666666 -0.2372621 251
0.1666666 -0.2316877 251
0.1666666 -0.2261132 249
0.1666666 -0.2205388 249
0.1666666 -0.2149644 249
0.1666666 -0.2093899 249
0.1666666 -0.2038154 249
0.1666666 -0.1982410 251
0.1666666 -0.1926667 251
0.1666666 -0.1870922 249
0.1666666 -0.1815177 249
0.1666666 -0.1759433 249
0.1666666 -0.1703688 249
0.1666666 -0.1647944 251
0.1666666 -0.1592200 251
0.1666666 -0.1536456 249
0.1666666 -0.1480711 249
0.1666666 -0.1424967 249
0.1666666 -0.1369222 249
0.1666666 -0.1313478 251
0.1666666 -0.1257733 251
0.1666666 -0.1201988 249
0.1666666 -0.1146244 249
0.1666666 -0.1090500 249
0.1666666 -0.1034755 249
0.1666666 -0.0979011 251
0.1666666 -0.0923267 251
0.1666666 -0.0867522 249
0.1666666 -0.0811778 249
0.1666666 -0.0756034 249
0.1666666 -0.0700289 249
0.1666666 -0.0644544 249
0.1666666 -0.0588800 251
0.1666666 -0.0533056 251
0.1666666 -0.0477312 249
0.1666666 -0.0421567 249
0.1666666 -0.0365823 249
0.1666666 -0.0310078 249
0.1666666 -0.0254334 251
0.1666666 -0.0198590 251
0.1666666 -0.0142845 249
0.1666666 -0.0087100 249
0.1666666 -0.0031356 249
0.1666666 0.0024390 249
0.1666666 0.0080133 251
0.1666666 0.0135877 251
0.1666666 0.0191622 249
0.1666666 0.0247366 249
0.1666666 0.0303110 249
0.1666666 0.0358855 249
0.1666666 0.0414600 251
0.1666666 0.0470344 251
0.1666666 0.0526089 249
0.1666666 0.0581833 249
0.1666666 0.0637577 249
0.1666666 0.0693321 249
0.1666666 0.0749066 249
0.1666666 0.0804810 251
0.1666666 0.0860554 251
0.1666666 0.0916299 249
0.1666666 0.0972043 249
0.1666666 0.1027788 249
0.1666666 0.1083532 249
0.1666666 0.1139277 251
0.1666666 0.1195021 251
0.1666666 0.1250766 249
0.1666666 0.1306510 249
0.1666666 0.1362254 249
0.1666666 0.1417999 249
0.1666666 0.1473743 251
0.1666666 0.1529488 251
0.1666666 0.1585232 249
0.1666666 0.1640976 249
0.1666666 0.1696721 249
0.1666666 0.1752466 249
0.1666666 0.1808210 251
0.1666666 0.1863954 251
0.1666666 0.1919699 249
0.1666666 0.1975442 249
0.1666666 0.2031186 249
0.1666666 0.2086931 249
0.1666666 0.2142676 249
0.1666666 0.2198420 251
0.1666666 0.2254165 251
0.1666666 0.2309910 249
0.1666666 0.2365654 249
0.1666666 0.2421398 249
0.1666666 0.2477143 249
0.1666666 0.2532886 251
0.1666666 0.2588630 251
0.1666666 0.2644375 249
0.1666666 0.2700120 249
0.1666666 0.2755864 249
0.1666666 0.2811610 249
0.1666666 0.2867354 251
0.1666666 0.2923098 251
0.1666666 0.2978843 249
0.1666666 0.3034586 249
0.1666666 0.3090330 249
0.1666666 0.3146075 249
0.1666666 0.3201820 251
0.1666666 0.3257564 251
0.1666666 0.3313309 249
0.1666666 0.3369053 249
0.1666666 0.3424798 249
0.1666666 0.3480542 249
0.1666666 0.3536286 249
0.1666666 0.3592030 251
0.1666666 0.3647774 251
0.1666666 0.3703519 249
0.1666666 0.3759264 249
0.1666666 0.3815008 249
0.1666666 0.3870753 249
0.1666666 0.3926497 251
0.1666666 0.3982241 251
0.1666666 0.4037987 249
0.1666666 0.4093730 249
0.1666666 0.4149474 249
0.1666666 0.4205219 249
0.1666666 0.4260963 251
0.1666666 0.4316708 251
0.1666666 0.4372453 249
0.1666666 0.4428197 249
0.1666666 0.4483941 249
0.1666666 0.4539685 249
0.1666666 0.4595430 251
0.1666666 0.4651174 251
0.1666666 0.4706919 249
0.1666666 0.4762663 249
0.1666666 0.4818407 249
0.1666666 0.4874152 249
0.1666666 0.4929897 249
0.1666666 0.4985641 251
0.1666666 0.5041385 251
0.1666666 0.5097129 249
0.1666666 0.5152873 249
0.1666666 0.5208618 249
0.1666666 0.5264363 249
0.1666666 0.5320107 251
0.1666666 0.5375851 251
0.1666666 0.5431596 249
0.1666666 0.5487341 249
0.1666666 0.5543085 249
0.1666666 0.5598829 249
0.1666666 0.5654573 251
0.1666666 0.5710317 251
0.1666666 0.5766062 249
0.1666666 0.5821807 249
0.1666666 0.5877551 249
0.1666666 0.5933296 249
0.1666666 0.5989041 251
0.1666666 0.6044785 251
0.1666666 0.6100529 249
0.1666666 0.6156273 249
0.1666666 0.6212017 249
0.1666666 0.6267762 249
0.1666666 0.6323507 249
0.1666666 0.6379251 251
0.1666666 0.6434995 251
0.1666666 0.6490739 249
0.1666666 0.6546484 249
0.1666666 0.6602229 249
0.1666666 0.6657973 249
0.1666666 0.6713717 251
0.1666666 0.6769461 251
0.1666666 0.6825206 249
0.1666666 0.6880951 249
0.1666666 0.6936695 8
0.1670388 0.6992440 8
0.1674272 0.7048645 8
0.1678156 0.7104409 8
0.1682039 0.7159642 8
0.1685923 0.7214343 8
0.1689806 0.7268513 8
0.1693689 0.7322152 8
0.1697572 0.7375261 8
0.1701457 0.7427838 8
0.1705340 0.7479883 8
0.1709223 0.7531398 8
0.1713107 0.7582383 8
0.1716990 0.7632835 8
0.1720873 0.7682756 8
0.1724757 0.7732147 8
0.1728641 0.7781007 8
0.1732525 0.7829335 8
0.1736408 0.7877131 8
0.1740291 0.7924398 8
0.1744175 0.7971133 8
0.1748059 0.8017337 8
0.1751942 0.8063011 8
0.1755825 0.8108153 8
0.1759709 0.8152763 8
0.1763592 0.8196819 8
0.1767475 0.8240345 8
0.1771359 0.8283339 8
0.1775244 0.8325802 8
0.1779126 0.8367735 8
0.1783009 0.8409137 8
0.1786893 0.8450005 8
0.1790777 0.8490344 8
0.1794660 0.8530153 8
0.1798544 0.8569430 8
0.1802428 0.8608176 8
0.1806311 0.8646391 8
0.1810194 0.8684074 8
0.1814077 0.8721226 8
0.1817961 0.8757847 8
0.1821845 0.8793938 8
0.1825728 0.8829498 8
0.1829612 0.8864527 8
0.1833496 0.8899023 8
0.1837378 0.8932990 8
0.1841262 0.8966424 8
0.1845146 0.8999327 8
0.1849030 0.9031700 8
0.1852913 0.9063543 8
0.1856796 0.9094853 8
0.1860680 0.9125610 8
0.1864563 0.9155836 8
0.1868447 0.9185530 8
0.1872330 0.9214693 8
0.1876214 0.9243325 8
0.1880097 0.9271427 8
0.1883980 0.9298996 8
0.1887864 0.9326036 8
0.1891747 0.9352543 8
0.1895631 0.9378520 8
0.1899514 0.9403966 8
0.1903398 0.9428881 8
0.1907282 0.9453264 8
0.1911165 0.9477116 8
0.1915049 0.9500437 8
0.1918932 0.9523227 8
0.1922815 0.9545487 8
0.1926699 0.9567216 8
0.1930582 0.9588412 8
0.1934466 0.9609078 8
0.1938350 0.9629213 8
0.1942233 0.9648818 8
0.1946116 0.9667890 8
0.1950000 0.9686431 8
0.1953883 0.9704442 8
0.1957767 0.9721899 8
0.1961650 0.9738824 8
0.1965534 0.9755218 8
0.1969418 0.9771081 8
0.1973300 0.9786413 8
0.1977184 0.9801214 8
0.1981068 0.9815483 8
0.1984952 0.9829222 8
0.1988835 0.9842430 8
0.1992719 0.9855107 8
0.1996602 0.9867253 8
0.2000485 0.9878867 8
0.2004368 0.9889951 8
0.2008252 0.9900503 8
0.2012136 0.9910524 8
0.2016019 0.9920015 8
0.2019903 0.9928974 8
0.2023787 0.9937402 8
0.2027671 0.9945299 8
0.2031554 0.9952665 8
0.2035436 0.9959498 8
0.2039320 0.9965803 8
0.2043204 0.9971576 8
0.2047087 0.9976817 8
0.2050971 0.9981527 8
0.2054855 0.9985684 8
0.2058738 0.9989310 8
0.2062621 0.9992403 8
0.2066505 0.9994966 8
0.2070388 0.9996998 8
0.2074272 0.9998499 8
0.2078155 0.9999470 8
0.2082039 0.9999908 0
0.2085923 0.9999819 0
0.2089805 0.9999208 0
0.2093689 0.9998075 0
0.2097573 0.9996421 0
0.2101457 0.9994248 0
0.2105340 0.9991554 0
0.2109223 0.9988338 0
0.2113107 0.9984602 0
0.2116990 0.9980345 0
0.2120874 0.9975568 0
0.2124757 0.9970268 0
0.2128641 0.9964449 0
0.2132524 0.9958108 0
0.2136408 0.9951247 0
0.2140292 0.9943865 0
0.2144176 0.9935963 0
0.2148058 0.9927537 0
0.2151941 0.9918573 0
0.2155825 0.9909083 0
0.2159709 0.9899076 0
0.2163593 0.9888545 0
0.2167476 0.9877495 0
0.2171360 0.9865923 0
0.2175243 0.9853831 0
0.2179126 0.9841218 0
0.2183009 0.9828084 0
0.2186894 0.9814429 0
0.2190777 0.9800254 0
0.2194660 0.9785558 0
0.2198544 0.9770341 0
0.2202427 0.9754603 0
0.2206310 0.9738346 0
0.2210194 0.9721566 0
0.2214078 0.9704265 0
0.2217962 0.9686445 0
0.2221845 0.9668103 0
0.2225728 0.9649240 0
0.2229612 0.9629856 0
0.2233495 0.9609952 0
0.2237379 0.9589527 0
0.2241262 0.9568582 0
0.2245146 0.9547114 0
0.2249029 0.9525104 0
0.2252912 0.9502573 0
0.2256796 0.9479520 0
0.2260681 0.9455949 0
0.2264563 0.9431855 0
0.2268446 0.9407241 0
0.2272330 0.9382106 0
0.2276214 0.9356449 0
0.2280097 0.9330272 0
0.2283981 0.9303575 0
0.2287864 0.9276357 0
0.2291747 0.9248618 0
0.2295631 0.9220358 0
0.2299514 0.9191577 0
0.2303398 0.9162275 0
0.2307282 0.9132452 0
0.2311165 0.9102109 0
0.2315048 0.9071245 0
0.2318932 0.9039861 0
0.2322815 0.9007954 0
0.2326698 0.8975527 0
0.2330583 0.8942579 0
0.2334467 0.8909111 0
0.2338350 0.8875122 0
0.2342232 0.8840612 0
0.2346116 0.8805559 0
0.2350000 0.8769984 0
0.2353884 0.8733890 0
0.2357767 0.8697275 0
0.2361651 0.8660138 0
0.2365534 0.8622480 0
0.2369417 0.8584302 0
0.2373300 0.8545603 0
0.2377184 0.8506383 0
0.2381068 0.8466642 0
0.2384951 0.8426381 0
0.2388835 0.8385599 0
0.2392719 0.8344295 0
0.2396602 0.8302471 0
0.2400486 0.8260127 0
0.2404369 0.8217261 0
0.2408252 0.8173874 0
0.2412136 0.8129967 0
0.2416019 0.8085538 0
0.2419903 0.8040590 0
0.2423787 0.7995120 0
0.2427670 0.7949130 0
0.2431553 0.7902618 0
0.2435437 0.7855586 0
0.2439320 0.7808033 0
0.2443204 0.7759937 0
0.2447087 0.7711320 0
0.2450971 0.7662181 0
0.2454855 0.7612522 0
0.2458737 0.7562343 0
0.2462621 0.7511642 0
0.2466505 0.7460420 0
0.2470389 0.7408679 0
0.2474272 0.7356416 0
0.2478156 0.7303632 0
0.2482039 0.7250327 0
0.2485922 0.7196501 0
0.2489805 0.7142155 0
0.2493689 0.7087288 0
0.2497573 0.7031901 0
0.2500000 0.6976181 241
0.2500000 0.6920437 241
0.2500000 0.6864692 243
0.2500000 0.6808947 243
0.2500000 0.6753203 241
0.2500000 0.6697458 241
0.2500000 0.6641714 241
0.2500000 0.6585970 241
0.2500000 0.6530224 243
0.2500000 0.6474481 243
0.2500000 0.6418737 241
0.2500000 0.6362992 241
0.2500000 0.6307248 241
0.2500000 0.6251503 241
0.2500000 0.6195758 243
0.2500000 0.6140014 243
0.2500000 0.6084270 241
0.2500000 0.6028525 241
0.2500000 0.5972781 241
0.2500000 0.5917037 241
0.2500000 0.5861292 243
0.2500000 0.5805548 243
0.2500000 0.5749803 243
0.2500000 0.5694059 241
0.2500000 0.5638314 241
0.2500000 0.5582570 241
0.2500000 0.5526827 241
0.2500000 0.5471082 243
0.2500000 0.5415337 243
0.2500000 0.5359593 241
0.2500000 0.5303848 241
0.2500000 0.5248104 241
0.2500000 0.5192360 241
0.2500000 0.5136614 243
0.2500000 0.5080870 243
0.2500000 0.5025127 241
0.2500000 0.4969382 241
0.2500000 0.4913638 241
0.2500000 0.4857893 241
0.2500000 0.4802148 243
0.2500000 0.4746404 243
0.2500000 0.4690660 241
0.2500000 0.4634915 241
0.2500000 0.4579170 241
0.2500000 0.4523426 241
0.2500000 0.4467682 243
0.2500000 0.4411938 243
0.2500000 0.4356194 243
0.2500000 0.4300449 241
0.2500000 0.4244704 241
0.2500000 0.4188960 241
0.2500000 0.4133216 241
0.2500000 0.4077472 243
0.2500000 0.4021728 243
0.2500000 0.3965983 241
0.2500000 0.3910238 241
0.2500000 0.3854494 241
0.2500000 0.3798750 241
0.2500000 0.3743004 243
0.2500000 0.3687260 243
0.2500000 0.3631516 241
0.2500000 0.3575771 241
0.2500000 0.3520028 241
0.2500000 0.3464283 241
0.2500000 0.3408538 243
0.2500000 0.3352793 243
0.2500000 0.3297049 241
0.2500000 0.3241305 241
0.2500000 0.3185560 241
0.2500000 0.3129816 241
0.2500000 0.3074071 243
0.2500000 0.3018327 243
0.2500000 0.2962583 243
0.2500000 0.2906839 241
0.2500000 0.2851094 241
0.2500000 0.2795350 241
0.2500000 0.2739605 241
0.2500000 0.2683861 243
0.2500000 0.2628116 243
0.2500000 0.2572372 241
0.2500000 0.2516627 241
0.2500000 0.2460884 241
0.2500000 0.2405139 241
0.2500000 0.2349394 243
0.2500000 0.2293650 243
0.2500000 0.2237906 241
0.2500000 0.2182161 241
0.2500000 0.2126417 241
0.2500000 0.2070672 241
0.2500000 0.2014927 243
0.2500000 0.1959184 243
0.2500000 0.1903440 241
0.2500000 0.1847695 241
0.2500000 0.1791950 241
0.2500000 0.1736206 241
0.2500000 0.1680461 243
0.2500000 0.1624717 243
0.2500000 0.1568973 243
0.2500000 0.1513229 241
0.2500000 0.1457484 241
0.2500000 0.1401740 241
0.2500000 0.1345996 241
0.2500000 0.1290251 243
0.2500000 0.1234506 243
0.2500000 0.1178762 241
0.2500000 0.1123017 241
0.2500000 0.1067273 241
0.2500000 0.1011528 241
0.2500000 0.0955784 243
0.2500000 0.0900040 243
0.2500000 0.0844296 241
0.2500000 0.0788551 241
0.2500000 0.0732807 241
0.2500000 0.0677062 241
0.2500000 0.0621317 243
0.2500000 0.0565573 243
0.2500000 0.0509829 241
0.2500000 0.0454085 241
0.2500000 0.0398340 241
0.2500000 0.0342596 241
0.2500000 0.0286851 243
0.2500000 0.0231107 243
0.2500000 0.0175363 243
0.2500000 0.0119618 241
0.2500000 0.0063873 241
0.2500000 0.0008129 241
0.2500000 -0.0047615 241
0.2500000 -0.0103360 243
0.2500000 -0.0159104 243
0.2500000 -0.0214849 241
0.2500000 -0.0270594 241
0.2500000 -0.0326337 241
0.2500000 -0.0382081 241
0.2500000 -0.0437827 243
0.2500000 -0.0493571 243
0.2500000 -0.0549315 241
0.2500000 -0.0605060 241
0.2500000 -0.0660804 241
0.2500000 -0.0716548 241
0.2500000 -0.0772293 243
0.2500000 -0.0828037 243
0.2500000 -0.0883781 241
0.2500000 -0.0939526 241
0.2500000 -0.0995271 241
0.2500000 -0.1051015 241
0.2500000 -0.1106759 243
0.2500000 -0.1162504 243
0.2500000 -0.1218248 243
0.2500000 -0.1273992 241
0.2500000 -0.1329737 241
0.2500000 -0.1385481 241
0.2500000 -0.1441225 241
0.2500000 -0.1496970 243
0.2500000 -0.1552715 243
0.2500000 -0.1608458 241
0.2500000 -0.1664203 241
0.2500000 -0.1719948 241
0.2500000 -0.1775692 241
0.2500000 -0.1831437 243
0.2500000 -0.1887181 243
0.2500000 -0.1942925 241
0.2500000 -0.1998670 241
0.2500000 -0.2054414 241
0.2500000 -0.2110158 241
0.2500000 -0.2165903 243
0.2500000 -0.2221647 243
0.2500000 -0.2277392 241
0.2500000 -0.2333136 241
0.2500000 -0.2388881 241
0.2500000 -0.2444625 241
0.2500000 -0.2500369 243
0.2500000 -0.2556113 243
0.2500000 -0.2611858 243
0.2500000 -0.2667602 241
0.2500000 -0.2723347 241
0.2500000 -0.2779091 241
0.2500000 -0.2834835 241
0.2500000 -0.2890580 243
0.2500000 -0.2946324 243
0.2500000 -0.3002069 241
0.2500000 -0.3057813 241
0.2500000 -0.3113557 241
0.2500000 -0.3169301 241
0.2500000 -0.3225047 243
0.2500000 -0.3280791 243
0.2500000 -0.3336535 241
0.2500000 -0.3392280 241
0.2500000 -0.3448025 241
0.2500000 -0.3503769 241
0.2500000 -0.3559513 243
0.2500000 -0.3615257 243
0.2500000 -0.3671001 241
0.2500000 -0.3726746 241
0.2500000 -0.3782491 241
0.2500000 -0.3838235 241
0.2500000 -0.3893980 243
0.2500000 -0.3949724 243
0.2500000 -0.4005469 243
0.2500000 -0.4061213 241
0.2500000 -0.4116957 241
0.2500000 -0.4172701 241
0.2500000 -0.4228445 241
0.2500000 -0.4284190 243
0.2500000 -0.4339935 243
0.2500000 -0.4395679 241
0.2500000 -0.4451424 241
0.2500000 -0.4507168 241
0.2500000 -0.4562911 241
0.2500000 -0.4618657 243
0.2500000 -0.4674401 243
0.2500000 -0.4730145 241
0.2500000 -0.4785890 241
0.2500000 -0.4841634 241
0.2500000 -0.4897379 241
0.2500000 -0.4953124 243
0.2500000 -0.5008868 243
0.2500000 -0.5064612 241
0.2500000 -0.5120356 241
0.2500000 -0.5176101 241
0.2500000 -0.5231845 241
0.2500000 -0.5287590 243
0.2500000 -0.5343334 243
0.2500000 -0.5399078 243
0.2500000 -0.5454823 241
0.2500000 -0.5510568 241
0.2500000 -0.5566312 241
0.2500000 -0.5622055 241
0.2500000 -0.5677800 243
0.2500000 -0.5733544 243
0.2500000 -0.5789289 241
0.2500000 -0.5845034 241
0.2500000 -0.5900778 241
0.2500000 -0.5956522 241
0.2500000 -0.6012268 243
0.2500000 -0.6068012 243
0.2500000 -0.6123755 241
0.2500000 -0.6179500 241
0.2500000 -0.6235244 241
0.2500000 -0.6290989 241
0.2500000 -0.6346734 243
0.2500000 -0.6402478 243
0.2500000 -0.6458222 241
0.2500000 -0.6513966 241
0.2500000 -0.6569711 241
0.2500000 -0.6625456 241
0.2500000 -0.6681200 243
0.2500000 -0.6736944 243
0.2500000 -0.6792688 243
0.2500000 -0.6848433 241
0.2500000 -0.6904178 241
0.2501456 -0.6959922 0
0.2505340 -0.7015834 0
0.2509224 -0.7071921 0
0.2513108 -0.7127477 0
0.2516990 -0.7182501 0
0.2520873 -0.7236994 0
0.2524757 -0.7290957 0
0.2528641 -0.7344388 0
0.2532524 -0.7397289 0
0.2536408 -0.7449658 0
0.2540292 -0.7501473 0
0.2544174 -0.7552757 0
0.2548058 -0.7603510 0
0.2551942 -0.7653731 0
0.2555825 -0.7703422 0
0.2559709 -0.7752582 0
0.2563592 -0.7801210 0
0.2567476 -0.7849307 0
0.2571359 -0.7896874 0
0.2575242 -0.7943909 0
0.2579126 -0.7990414 0
0.2583010 -0.8036387 0
0.2586894 -0.8081829 0
0.2590777 -0.8126740 0
0.2594660 -0.8171120 0
0.2598544 -0.8214968 0
0.2602427 -0.8258286 0
0.2606311 -0.8301073 0
0.2610194 -0.8343328 0
0.2614078 -0.8385053 0
0.2617961 -0.8426246 0
0.2621845 -0.8466908 0
0.2625729 -0.8507039 0
0.2629613 -0.8546640 0
0.2633495 -0.8585709 0
0.2637378 -0.8624224 0
0.2641262 -0.8662208 0
0.2645146 -0.8699660 0
0.2649029 -0.8736582 0
0.2652913 -0.8772972 0
0.2656797 -0.8808832 0
0.2660680 -0.8844160 0
0.2664563 -0.8878957 0
0.2668446 -0.8913224 0
0.2672331 -0.8946959 0
0.2676214 -0.8980163 0
0.2680097 -0.9012836 0
0.2683981 -0.9044978 0
0.2687864 -0.9076589 0
0.2691747 -0.9107668 0
0.2695631 -0.9138217 0
0.2699515 -0.9168236 0
0.2703399 -0.9197722 0
0.2707282 -0.9226677 0
0.2711165 -0.9255101 0
0.2715048 -0.9282995 0
0.2718932 -0.9310357 0
0.2722816 -0.9337189 0
0.2726699 -0.9363488 0
0.2730583 -0.9389257 0
0.2734466 -0.9414472 0
0.2738348 -0.9439156 0
0.2742232 -0.9463308 0
0.2746117 -0.9486930 0
0.2750000 -0.9510021 0
0.2753883 -0.9532579 0
0.2757767 -0.9554608 0
0.2761651 -0.9576105 0
0.2765534 -0.9597071 0
0.2769417 -0.9617506 0
0.2773301 -0.9637410 0
0.2777184 -0.9656783 0
0.2781068 -0.9675625 0
0.2784951 -0.9693936 0
0.2788835 -0.9711716 0
0.2792719 -0.9728964 0
0.2796602 -0.9745681 0
0.2800485 -0.9761868 0
0.2804369 -0.9777523 0
0.2808252 -0.9792647 0
0.2812135 -0.9807240 0
0.2816020 -0.9821303 0
0.2819904 -0.9834834 0
0.2823787 -0.9847834 0
0.2827669 -0.9860303 0
0.2831553 -0.9872218 0
0.2835436 -0.9883601 0
0.2839320 -0.9894454 0
0.2843204 -0.9904775 0
0.2847088 -0.9914565 0
0.2850971 -0.9923825 0
0.2854854 -0.9932553 0
0.2858737 -0.9940750 0
0.2862621 -0.9948416 0
0.2866505 -0.9955551 0
0.2870388 -0.9962155 0
0.2874272 -0.9968228 0
0.2878156 -0.9973769 0
0.2882039 -0.9978780 0
0.2885923 -0.9983259 0
0.2889806 -0.9987208 0
0.2893689 -0.9990625 0
0.2897573 -0.9993511 0
0.2901456 -0.9995867 0
0.2905340 -0.9997691 0
0.2909224 -0.9998984 0
0.2913106 -0.9999747 0
0.2916990 -0.9999977 8
0.2920874 -0.9999683 8
0.2924757 -0.9998868 8
0.2928640 -0.9997509 8
0.2932524 -0.9995629 8
0.2936408 -0.9993230 8
0.2940292 -0.9990308 8
0.2944175 -0.9986867 8
0.2948058 -0.9982904 8
0.2951942 -0.9978420 8
0.2955826 -0.9973416 8
0.2959709 -0.9967891 8
0.2963593 -0.9961844 8
0.2967476 -0.9955277 8
0.2971358 -0.9948190 8
0.2975242 -0.9940582 8
0.2979126 -0.9932452 8
0.2983009 -0.9923802 8
0.2986893 -0.9914631 8
0.2990777 -0.9904940 8
0.2994661 -0.9894727 8
0.2998545 -0.9883994 8
0.3002427 -0.9872740 8
0.3006310 -0.9860964 8
0.3010194 -0.9848669 8
0.3014078 -0.9835851 8
0.3017961 -0.9822515 8
0.3021845 -0.9808655 8
0.3025727 -0.9794254 8
0.3029610 -0.9779331 8
0.3033495 -0.9763888 8
0.3037379 -0.9747924 8
0.3041263 -0.9731439 8
0.3045146 -0.9714433 8
0.3049029 -0.9696906 8
0.3052913 -0.9678859 8
0.3056796 -0.9660291 8
0.3060679 -0.9641202 8
0.3064563 -0.9621591 8
0.3068446 -0.9601460 8
0.3072330 -0.9580809 8
0.3076214 -0.9559637 8
0.3080098 -0.9537943 8
0.3083982 -0.9515729 8
0.3087865 -0.9492994 8
0.3091748 -0.9469739 8
0.3095631 -0.9445963 8
0.3099515 -0.9421665 8
0.3103398 -0.9396847 8
0.3107282 -0.9371508 8
0.3111166 -0.9345648 8
0.3115048 -0.9319267 8
0.3118931 -0.9292366 8
0.3122815 -0.9264922 8
0.3126699 -0.9236955 8
0.3130583 -0.9208469 8
0.3134467 -0.9179462 8
0.3138349 -0.9149934 8
0.3142233 -0.9119885 8
0.3146116 -0.9089315 8
0.3150000 -0.9058224 8
0.3153883 -0.9026613 8
0.3157767 -0.8994481 8
0.3161650 -0.8961827 8
0.3165533 -0.8928653 8
0.3169417 -0.8894959 8
0.3173301 -0.8860743 8
0.3177185 -0.8826006 8
0.3181068 -0.8790749 8
0.3184952 -0.8754971 8
0.3188836 -0.8718673 8
0.3192719 -0.8681853 8
0.3196601 -0.8644513 8
0.3200485 -0.8606651 8
0.3204368 -0.8568270 8
0.3208252 -0.8529367 8
0.3212136 -0.8489944 8
0.3216019 -0.8449998 8
0.3219904 -0.8409511 8
0.3223787 -0.8368502 8
0.3227670 -0.8326972 8
0.3231554 -0.8284922 8
0.3235437 -0.8242351 8
0.3239320 -0.8199258 8
0.3243204 -0.8155646 8
0.3247088 -0.8111511 8
0.3250970 -0.8066857 8
0.3254854 -0.8021682 8
0.3258737 -0.7975986 8
0.3262621 -0.7929769 8
0.3266506 -0.7883031 8
0.3270389 -0.7835772 8
0.3274272 -0.7787993 8
0.3278156 -0.7739693 8
0.3282039 -0.7690871 8
0.3285922 -0.7641530 8
0.3289806 -0.7591667 8
0.3293689 -0.7541284 8
0.3297572 -0.7490378 8
0.3301456 -0.7438953 8
0.3305340 -0.7387008 8
0.3309222 -0.7334541 8
0.3313107 -0.7281554 8
0.3316990 -0.7228022 8
0.3320874 -0.7173970 8
0.3324758 -0.7119397 8
0.3328641 -0.7064304 8
0.3332525 -0.7008690 249
0.3333334 -0.6952954 249
0.3333334 -0.6897210 251
0.3333334 -0.6841465 251
0.3333334 -0.6785720 249
0.3333334 -0.6729976 249
0.3333334 -0.6674231 249
0.3333334 -0.6618488 249
0.3333334 -0.6562743 249
0.3333334 -0.6506998 251
0.3333334 -0.6451254 251
0.3333334 -0.6395510 249
0.3333334 -0.6339766 249
0.3333334 -0.6284021 249
0.3333334 -0.6228276 249
0.3333334 -0.6172532 251
0.3333334 -0.6116787 251
0.3333334 -0.6061044 249
0.3333334 -0.6005299 249
0.3333334 -0.5949554 249
0.3333334 -0.5893810 249
0.3333334 -0.5838066 251
0.3333334 -0.5782321 251
0.3333334 -0.5726576 249
0.3333334 -0.5670832 249
0.3333334 -0.5615087 249
0.3333334 -0.5559344 249
0.3333334 -0.5503600 251
0.3333334 -0.5447855 251
0.3333334 -0.5392110 249
0.3333334 -0.5336366 249
0.3333334 -0.5280621 249
0.3333334 -0.5224877 249
0.3333334 -0.5169132 249
0.3333334 -0.5113388 251
0.3333334 -0.5057644 251
0.3333334 -0.5001900 249
0.3333334 -0.4946156 249
0.3333334 -0.4890411 249
0.3333334 -0.4834666 249
0.3333334 -0.4778922 251
0.3333334 -0.4723177 251
0.3333334 -0.4667433 249
0.3333334 -0.4611689 249
0.3333334 -0.4555943 249
0.3333334 -0.4500200 249
0.3333334 -0.4444456 251
0.3333334 -0.4388711 251
0.3333334 -0.4332967 249
0.3333334 -0.4277222 249
0.3333334 -0.4221477 249
0.3333334 -0.4165733 249
0.3333334 -0.4109989 251
0.3333334 -0.4054245 251
0.3333334 -0.3998500 249
0.3333334 -0.3942756 249
0.3333334 -0.3887011 249
0.3333334 -0.3831267 249
0.3333334 -0.3775523 249
0.3333334 -0.3719778 251
0.3333334 -0.3664033 251
0.3333334 -0.3608289 249
0.3333334 -0.3552545 249
0.3333334 -0.3496801 249
0.3333334 -0.3441056 249
0.3333334 -0.3385311 251
0.3333334 -0.3329566 251
0.3333334 -0.3273823 249
0.3333334 -0.3218078 249
0.3333334 -0.3162333 249
0.3333334 -0.3106589 249
0.3333334 -0.3050845 251
0.3333334 -0.2995099 251
0.3333334 -0.2939356 249
0.3333334 -0.2883612 249
0.3333334 -0.2827867 249
0.3333334 -0.2772122 249
0.3333334 -0.2716378 251
0.3333334 -0.2660634 251
0.3333334 -0.2604889 249
0.3333334 -0.2549145 249
0.3333334 -0.2493401 249
0.3333334 -0.2437657 249
0.3333334 -0.2381912 249
0.3333334 -0.2326168 251
0.3333334 -0.2270423 251
0.3333334 -0.2214679 249
0.3333334 -0.2158935 249
0.3333334 -0.2103190 249
0.3333334 -0.2047445 249
0.3333334 -0.1991701 251
0.3333334 -0.1935957 251
0.3333334 -0.1880213 249
0.3333334 -0.1824468 249
0.3333334 -0.1768723 249
0.3333334 -0.1712979 249
0.3333334 -0.1657235 251
0.3333334 -0.1601490 251
0.3333334 -0.1545747 249
0.3333334 -0.1490002 249
0.3333334 -0.1434257 249
0.3333334 -0.1378513 249
0.3333334 -0.1322769 251
0.3333334 -0.1267024 251
0.3333334 -0.1211279 249
0.3333334 -0.1155535 249
0.3333334 -0.1099790 249
0.3333334 -0.1044046 249
0.3333334 -0.0988301 249
0.3333334 -0.0932558 251
0.3333334 -0.0876813 251
0.3333334 -0.0821069 249
0.3333334 -0.0765325 249
0.3333334 -0.0709580 249
0.3333334 -0.0653835 249
0.3333334 -0.0598091 251
0.3333334 -0.0542346 251
0.3333334 -0.0486603 249
0.3333334 -0.0430858 249
0.3333334 -0.0375113 249
0.3333334 -0.0319369 249
0.3333334 -0.0263625 251
0.3333334 -0.0207880 251
0.3333334 -0.0152136 249
0.3333334 -0.0096391 249
0.3333334 -0.0040646 249
0.3333334 0.0015099 249
0.3333334 0.0070843 251
0.3333334 0.0126587 251
0.3333334 0.0182331 249
0.3333334 0.0238075 249
0.3333334 0.0293820 249
0.3333334 0.0349564 249
0.3333334 0.0405309 249
0.3333334 0.0461053 251
0.3333334 0.0516798 251
0.3333334 0.0572543 249
0.3333334 0.0628286 249
0.3333334 0.0684031 249
0.3333334 0.0739775 249
0.3333334 0.0795519 251
0.3333334 0.0851264 251
0.3333334 0.0907008 249
0.3333334 0.0962752 249
0.3333334 0.1018498 249
0.3333334 0.1074241 249
0.3333334 0.1129986 251
0.3333334 0.1185731 251
0.3333334 0.1241475 249
0.3333334 0.1297219 249
0.3333334 0.1352964 249
0.3333334 0.1408708 249
0.3333334 0.1464452 251
0.3333334 0.1520197 251
0.3333334 0.1575941 249
0.3333334 0.1631685 249
0.3333334 0.1687430 249
0.3333334 0.1743175 249
0.3333334 0.1798919 249
0.3333334 0.1854663 251
0.3333334 0.1910408 251
0.3333334 0.1966152 249
0.3333334 0.2021895 249
0.3333334 0.2077640 249
0.3333334 0.2133385 249
0.3333334 0.2189129 251
0.3333334 0.2244874 251
0.3333334 0.2300619 249
0.3333334 0.2356363 249
0.3333334 0.2412108 249
0.3333334 0.2467852 249
0.3333334 0.2523595 251
0.3333334 0.2579340 251
0.3333334 0.2635084 249
0.3333334 0.2690829 249
0.3333334 0.2746574 249
0.3333334 0.2802319 249
0.3333334 0.2858063 251
0.3333334 0.2913808 251
0.3333334 0.2969552 249
0.3333334 0.3025296 249
0.3333334 0.3081040 249
0.3333334 0.3136784 249
0.3333334 0.3192529 249
0.3333334 0.3248273 251
0.3333334 0.3304018 251
0.3333334 0.3359762 249
0.3333334 0.3415507 249
0.3333334 0.3471252 249
0.3333334 0.3526996 249
0.3333334 0.3582739 251
0.3333334 0.3638484 251
0.3333334 0.3694228 249
0.3333334 0.3749973 249
0.3333334 0.3805718 249
0.3333334 0.3861462 249
0.3333334 0.3917206 251
0.3333334 0.3972951 251
0.3333334 0.4028696 249
0.3333334 0.4084439 249
0.3333334 0.4140184 249
0.3333334 0.4195928 249
0.3333334 0.4251672 251
0.3333334 0.4307417 251
0.3333334 0.4363162 249
0.3333334 0.4418906 249
0.3333334 0.4474651 249
0.3333334 0.4530394 249
0.3333334 0.4586139 249
0.3333334 0.4641883 251
0.3333334 0.4697628 251
0.3333334 0.4753372 249
0.3333334 0.4809116 249
0.3333334 0.4864861 249
0.3333334 0.4920606 249
0.3333334 0.4976350 251
0.3333334 0.5032095 251
0.3333334 0.5087838 249
0.3333334 0.5143582 249
0.3333334 0.5199328 249
0.3333334 0.5255072 249
0.3333334 0.5310816 251
0.3333334 0.5366561 251
0.3333334 0.5422305 249
0.3333334 0.5478050 249
0.3333334 0.5533795 249
0.3333334 0.5589538 249
0.3333334 0.5645282 251
0.3333334 0.5701027 251
0.3333334 0.5756772 249
0.3333334 0.5812516 249
0.3333334 0.5868261 249
0.3333334 0.5924005 249
0.3333334 0.5979750 249
0.3333334 0.6035494 251
0.3333334 0.6091238 251
0.3333334 0.6146982 249
0.3333334 0.6202726 249
0.3333334 0.6258471 249
0.3333334 0.6314216 249
0.3333334 0.6369960 251
0.3333334 0.6425705 251
0.3333334 0.6481449 249
0.3333334 0.6537193 249
0.3333334 0.6592939 249
0.3333334 0.6648682 249
0.3333334 0.6704426 251
0.3333334 0.6760171 251
0.3333334 0.6815915 249
0.3333334 0.6871660 249
0.3333334 0.6927405 8
0.3336408 0.6983149 8
0.3340291 0.7039271 8
0.3344174 0.7095127 8
0.3348058 0.7150452 8
0.3351941 0.7205245 8
0.3355825 0.7259507 8
0.3359709 0.7313239 8
0.3363593 0.7366440 8
0.3367476 0.7419109 8
0.3371359 0.7471247 8
0.3375243 0.7522854 8
0.3379126 0.7573931 8
0.3383010 0.7624476 8
0.3386893 0.7674490 8
0.3390777 0.7723973 8
0.3394659 0.7772925 8
0.3398543 0.7821346 8
0.3402427 0.7869234 8
0.3406311 0.7916593 8
0.3410195 0.7963421 8
0.3414078 0.8009694 8
0.3417961 0.8055437 8
0.3421845 0.8100648 8
0.3425728 0.8145328 8
0.3429611 0.8189477 8
0.3433495 0.8233094 8
0.3437378 0.8276181 8
0.3441262 0.8318737 8
0.3445145 0.8360762 8
0.3449030 0.8402256 8
0.3452914 0.8443217 8
0.3456797 0.8483648 8
0.3460680 0.8523549 8
0.3464563 0.8562918 8
0.3468447 0.8601756 8
0.3472330 0.8640064 8
0.3476214 0.8677840 8
0.3480097 0.8715084 8
0.3483980 0.8751798 8
0.3487863 0.8787981 8
0.3491747 0.8823633 8
0.3495632 0.8858754 8
0.3499516 0.8893342 8
0.3503399 0.8927402 8
0.3507282 0.8960929 8
0.3511166 0.8993901 8
0.3515048 0.9026343 8
0.3518932 0.9058255 8
0.3522816 0.9089635 8
0.3526699 0.9120484 8
0.3530582 0.9150802 8
0.3534466 0.9180589 8
0.3538349 0.9209844 8
0.3542233 0.9238569 8
0.3546117 0.9266762 8
0.3550000 0.9294424 8
0.3553884 0.9321556 8
0.3557768 0.9348156 8
0.3561650 0.9374225 8
0.3565533 0.9399763 8
0.3569417 0.9424771 8
0.3573300 0.9449246 8
0.3577184 0.9473191 8
0.3581068 0.9496604 8
0.3584951 0.9519487 8
0.3588835 0.9541838 8
0.3592719 0.9563660 8
0.3596602 0.9584949 8
0.3600486 0.9605707 8
0.3604369 0.9625934 8
0.3608252 0.9645608 8
0.3612136 0.9664750 8
0.3616020 0.9683360 8
0.3619902 0.9701440 8
0.3623786 0.9718989 8
0.3627669 0.9736007 8
0.3631552 0.9752493 8
0.3635437 0.9768448 8
0.3639321 0.9783873 8
0.3643205 0.9798766 8
0.3647088 0.9813128 8
0.3650971 0.9826959 8
0.3654854 0.9840260 8
0.3658738 0.9853029 8
0.3662621 0.9865267 8
0.3666505 0.9876974 8
0.3670388 0.9888150 8
0.3674271 0.9898794 8
0.3678155 0.9908908 8
0.3682040 0.9918491 8
0.3685922 0.9927543 8
0.3689806 0.9936062 8
0.3693690 0.9944052 8
0.3697573 0.9951511 8
0.3701457 0.9958436 8
0.3705340 0.9964810 8
0.3709222 0.9970652 8
0.3713106 0.9975963 8
0.3716990 0.9980742 8
0.3720873 0.9984991 8
0.3724757 0.9988709 8
0.3728641 0.9991895 8
0.3732525 0.9994551 8
0.3736408 0.9996675 8
0.3740291 0.9998268 8
0.3744175 0.9999331 8
0.3748058 0.9999862 0
0.3751942 0.9999864 0
0.3755825 0.9999343 0
0.3759709 0.9998302 0
0.3763592 0.9996738 0
0.3767475 0.9994655 0
0.3771359 0.9992052 0
0.3775243 0.9988927 0
0.3779127 0.9985282 0
0.3783010 0.9981115 0
0.3786894 0.9976429 0
0.3790778 0.9971219 0
0.3794660 0.9965491 0
0.3798543 0.9959240 0
0.3802427 0.9952447 0
0.3806310 0.9945133 0
0.3810194 0.9937299 0
0.3814078 0.9928941 0
0.3817960 0.9920067 0
0.3821845 0.9910668 0
0.3825729 0.9900751 0
0.3829612 0.9890312 0
0.3833495 0.9879352 0
0.3837379 0.9867871 0
0.3841262 0.9855869 0
0.3845146 0.9843347 0
0.3849029 0.9830303 0
0.3852912 0.9816739 0
0.3856795 0.9802654 0
0.3860679 0.9788049 0
0.3864563 0.9772923 0
0.3868448 0.9757275 0
0.3872331 0.9741108 0
0.3876214 0.9724419 0
0.3880098 0.9707208 0
0.3883980 0.9689479 0
0.3887864 0.9671228 0
0.3891748 0.9652456 0
0.3895631 0.9633162 0
0.3899514 0.9613326 0
0.3903398 0.9592969 0
0.3907281 0.9572091 0
0.3911165 0.9550692 0
0.3915049 0.9528772 0
0.3918932 0.9506332 0
0.3922816 0.9483370 0
0.3926700 0.9459889 0
0.3930583 0.9435886 0
0.3934467 0.9411362 0
0.3938350 0.9386318 0
0.3942232 0.9360752 0
0.3946116 0.9334665 0
0.3950000 0.9308059 0
0.3953883 0.9280931 0
0.3957767 0.9253283 0
0.3961651 0.9225113 0
0.3965534 0.9196423 0
0.3969418 0.9167211 0
0.3973301 0.9137479 0
0.3977184 0.9107226 0
0.3981068 0.9076453 0
0.3984952 0.9045160 0
0.3988834 0.9013344 0
0.3992718 0.8981007 0
0.3996601 0.8948127 0
0.4000484 0.8914727 0
0.4004368 0.8880806 0
0.4008253 0.8846364 0
0.4012137 0.8811401 0
0.4016020 0.8775917 0
0.4019903 0.8739913 0
0.4023786 0.8703389 0
0.4027670 0.8666342 0
0.4031553 0.8628775 0
0.4035437 0.8590687 0
0.4039320 0.8552079 0
0.4043203 0.8512950 0
0.4047086 0.8473300 0
0.4050970 0.8433128 0
0.4054855 0.8392437 0
0.4058738 0.8351224 0
0.4062622 0.8309491 0
0.4066505 0.8267237 0
0.4070389 0.8224462 0
0.4074272 0.8181166 0
0.4078155 0.8137349 0
0.4082039 0.8093011 0
0.4085922 0.8048153 0
0.4089805 0.8002774 0
0.4093689 0.7956851 0
0.4097573 0.7910408 0
0.4101457 0.7863443 0
0.4105341 0.7815958 0
0.4109223 0.7767953 0
0.4113107 0.7719427 0
0.4116990 0.7670379 0
0.4120874 0.7620810 0
0.4124757 0.7570721 0
0.4128641 0.7520111 0
0.4132524 0.7468980 0
0.4136407 0.7417329 0
0.4140291 0.7365157 0
0.4144175 0.7312463 0
0.4148059 0.7259249 0
0.4151942 0.7205514 0
0.4155826 0.7151258 0
0.4159709 0.7096481 0
0.4163592 0.7041185 0
0.4166666 0.6985472 241
0.4166666 0.6929727 241
0.4166666 0.6873983 243
0.4166666 0.6818238 243
0.4166666 0.6762493 241
0.4166666 0.6706749 241
0.4166666 0.6651005 241
0.4166666 0.6595261 241
0.4166666 0.6539515 243
0.4166666 0.6483772 243
0.4166666 0.6428027 241
0.4166666 0.6372283 241
0.4166666 0.6316539 241
0.4166666 0.6260794 241
0.4166666 0.6205049 243
0.4166666 0.6149305 243
0.4166666 0.6093561 241
0.4166666 0.6037816 241
0.4166666 0.5982071 241
0.4166666 0.5926328 241
0.4166666 0.5870583 241
0.4166666 0.5814839 243
0.4166666 0.5759094 243
0.4166666 0.5703349 241
0.4166666 0.5647605 241
0.4166666 0.5591861 241
0.4166666 0.5536117 241
0.4166666 0.5480373 243
0.4166666 0.5424628 243
0.4166666 0.5368883 241
0.4166666 0.5313139 241
0.4166666 0.5257395 241
0.4166666 0.5201650 241
0.4166666 0.5145905 243
0.4166666 0.5090161 243
0.4166666 0.5034417 241
0.4166666 0.4978673 241
0.4166666 0.4922929 241
0.4166666 0.4867184 241
0.4166666 0.4811439 243
0.4166666 0.4755695 243
0.4166666 0.4699950 241
0.4166666 0.4644206 241
0.4166666 0.4588461 241
0.4166666 0.4532717 241
0.4166666 0.4476973 241
0.4166666 0.4421229 243
0.4166666 0.4365485 243
0.4166666 0.4309740 241
0.4166666 0.4253995 241
0.4166666 0.4198251 241
0.4166666 0.4142506 241
0.4166666 0.4086762 243
0.4166666 0.4031019 243
0.4166666 0.3975273 241
0.4166666 0.3919529 241
0.4166666 0.3863785 241
0.4166666 0.3808040 241
0.4166666 0.3752295 243
0.4166666 0.3696551 243
0.4166666 0.3640806 241
0.4166666 0.3585062 241
0.4166666 0.3529318 241
0.4166666 0.3473574 241
0.4166666 0.3417829 243
0.4166666 0.3362084 243
0.4166666 0.3306340 241
0.4166666 0.3250596 241
0.4166666 0.3194851 241
0.4166666 0.3139107 241
0.4166666 0.3083362 241
0.4166666 0.3027618 243
0.4166666 0.2971873 243
0.4166666 0.2916130 241
0.4166666 0.2860385 241
0.4166666 0.2804640 241
0.4166666 0.2748895 241
0.4166666 0.2693152 243
0.4166666 0.2637407 243
0.4166666 0.2581662 241
0.4166666 0.2525918 241
0.4166666 0.2470175 241
0.4166666 0.2414429 241
0.4166666 0.2358685 243
0.4166666 0.2302941 243
0.4166666 0.2247196 241
0.4166666 0.2191452 241
0.4166666 0.2135708 241
0.4166666 0.2079963 241
0.4166666 0.2024218 243
0.4166666 0.1968474 243
0.4166666 0.1912730 241
0.4166666 0.1856986 241
0.4166666 0.1801241 241
0.4166666 0.1745497 241
0.4166666 0.1689752 241
0.4166666 0.1634008 243
0.4166666 0.1578263 243
0.4166666 0.1522520 241
0.4166666 0.1466775 241
0.4166666 0.1411031 241
0.4166666 0.1355286 241
0.4166666 0.1299542 243
0.4166666 0.1243797 243
0.4166666 0.1188052 241
0.4166666 0.1132308 241
0.4166666 0.1076564 241
0.4166666 0.1020818 241
0.4166666 0.0965075 243
0.4166666 0.0909331 243
0.4166666 0.0853586 241
0.4166666 0.0797842 241
0.4166666 0.0742098 241
0.4166666 0.0686353 241
0.4166666 0.0630608 243
0.4166666 0.0574864 243
0.4166666 0.0519120 241
0.4166666 0.0463376 241
0.4166666 0.0407631 241
0.4166666 0.0351887 241
0.4166666 0.0296142 241
0.4166666 0.0240398 243
0.4166666 0.0184654 243
0.4166666 0.0128909 241
0.4166666 0.0073164 241
0.4166666 0.0017420 241
0.4166666 -0.0038325 241
0.4166666 -0.0094069 243
0.4166666 -0.0149813 243
0.4166666 -0.0205558 241
0.4166666 -0.0261303 241
0.4166666 -0.0317046 241
0.4166666 -0.0372791 241
0.4166666 -0.0428536 243
0.4166666 -0.0484280 243
0.4166666 -0.0540025 241
0.4166666 -0.0595769 241
0.4166666 -0.0651513 241
0.4166666 -0.0707258 241
0.4166666 -0.0763002 243
0.4166666 -0.0818746 243
0.4166666 -0.0874491 241
0.4166666 -0.0930235 241
0.4166666 -0.0985980 241
0.4166666 -0.1041724 241
0.4166666 -0.1097468 241
0.4166666 -0.1153213 243
0.4166666 -0.1208957 243
0.4166666 -0.1264702 241
0.4166666 -0.1320446 241
0.4166666 -0.1376190 241
0.4166666 -0.1431935 241
0.4166666 -0.1487679 243
0.4166666 -0.1543424 243
0.4166666 -0.1599168 241
0.4166666 -0.1654912 241
0.4166666 -0.1710657 241
0.4166666 -0.1766402 241
0.4166666 -0.1822146 243
0.4166666 -0.1877890 243
0.4166666 -0.1933635 241
0.4166666 -0.1989379 241
0.4166666 -0.2045123 241
0.4166666 -0.2100868 241
0.4166666 -0.2156612 243
0.4166666 -0.2212356 243
0.4166666 -0.2268101 241
0.4166666 -0.2323845 241
0.4166666 -0.2379590 241
0.4166666 -0.2435334 241
0.4166666 -0.2491078 241
0.4166666 -0.2546822 243
0.4166666 -0.2602567 243
0.4166666 -0.2658312 241
0.4166666 -0.2714056 241
0.4166666 -0.2769800 241
0.4166666 -0.2825545 241
0.4166666 -0.2881289 243
0.4166666 -0.2937033 243
0.4166666 -0.2992779 241
0.4166666 -0.3048522 241
0.4166666 -0.3104266 241
0.4166666 -0.3160011 241
0.4166666 -0.3215756 243
0.4166666 -0.3271500 243
0.4166666 -0.3327245 241
0.4166666 -0.3382989 241
0.4166666 -0.3438734 241
0.4166666 -0.3494479 241
0.4166666 -0.3550222 243
0.4166666 -0.3605966 243
0.4166666 -0.3661711 241
0.4166666 -0.3717455 241
0.4166666 -0.3773200 241
0.4166666 -0.3828944 241
0.4166666 -0.3884689 241
0.4166666 -0.3940433 243
0.4166666 -0.3996178 243
0.4166666 -0.4051922 241
0.4166666 -0.4107666 241
0.4166666 -0.4163410 241
0.4166666 -0.4219155 241
0.4166666 -0.4274899 243
0.4166666 -0.4330644 243
0.4166666 -0.4386389 241
0.4166666 -0.4442133 241
0.4166666 -0.4497877 241
0.4166666 -0.4553621 241
0.4166666 -0.4609366 243
0.4166666 -0.4665110 243
0.4166666 -0.4720855 241
0.4166666 -0.4776599 241
0.4166666 -0.4832343 241
0.4166666 -0.4888088 241
0.4166666 -0.4943833 243
0.4166666 -0.4999577 243
0.4166666 -0.5055321 241
0.4166666 -0.5111065 241
0.4166666 -0.5166810 241
0.4166666 -0.5222554 241
0.4166666 -0.5278299 241
0.4166666 -0.5334043 243
0.4166666 -0.5389787 243
0.4166666 -0.5445532 241
0.4166666 -0.5501277 241
0.4166666 -0.5557021 241
0.4166666 -0.5612765 241
0.4166666 -0.5668509 243
0.4166666 -0.5724253 243
0.4166666 -0.5779999 241
0.4166666 -0.5835743 241
0.4166666 -0.5891487 241
0.4166666 -0.5947232 241
0.4166666 -0.6002977 243
0.4166666 -0.6058721 243
0.4166666 -0.6114465 241
0.4166666 -0.6170209 241
0.4166666 -0.6225953 241
0.4166666 -0.6281698 241
0.4166666 -0.6337443 243
0.4166666 -0.6393187 243
0.4166666 -0.6448932 241
0.4166666 -0.6504675 241
0.4166666 -0.6560420 241
0.4166666 -0.6616165 241
0.4166666 -0.6671909 241
0.4166666 -0.6727653 243
0.4166666 -0.6783397 243
0.4166666 -0.6839142 241
0.4166666 -0.6894887 241
0.4167475 -0.6950631 0
0.4171359 -0.7006460 0
0.4175242 -0.7062639 0
0.4179126 -0.7118287 0
0.4183010 -0.7173403 0
0.4186893 -0.7227989 0
0.4190778 -0.7282021 0
0.4194660 -0.7335522 0
0.4198544 -0.7388492 0
0.4202428 -0.7440930 0
0.4206311 -0.7492837 0
0.4210194 -0.7544214 0
0.4214078 -0.7595059 0
0.4217961 -0.7645373 0
0.4221844 -0.7695156 0
0.4225728 -0.7744408 0
0.4229611 -0.7793129 0
0.4233494 -0.7841318 0
0.4237379 -0.7888977 0
0.4241263 -0.7936105 0
0.4245146 -0.7982701 0
0.4249030 -0.8028767 0
0.4252912 -0.8074302 0
0.4256796 -0.8119305 0
0.4260680 -0.8163777 0
0.4264563 -0.8207718 0
0.4268446 -0.8251128 0
0.4272330 -0.8294007 0
0.4276213 -0.8336355 0
0.4280096 -0.8378172 0
0.4283981 -0.8419458 0
0.4287864 -0.8460189 0
0.4291748 -0.8500389 0
0.4295632 -0.8540059 0
0.4299515 -0.8579197 0
0.4303399 -0.8617805 0
0.4307281 -0.8655881 0
0.4311164 -0.8693426 0
0.4315048 -0.8730440 0
0.4318932 -0.8766922 0
0.4322815 -0.8802874 0
0.4326699 -0.8838295 0
0.4330583 -0.8873185 0
0.4334467 -0.8907543 0
0.4338350 -0.8941372 0
0.4342233 -0.8974668 0
0.4346117 -0.9007433 0
0.4350000 -0.9039667 0
0.4353884 -0.9071370 0
0.4357767 -0.9102542 0
0.4361651 -0.9133183 0
0.4365533 -0.9163294 0
0.4369417 -0.9192873 0
0.4373301 -0.9221920 0
0.4377185 -0.9250437 0
0.4381069 -0.9278423 0
0.4384952 -0.9305854 0
0.4388834 -0.9332755 0
0.4392718 -0.9359124 0
0.4396602 -0.9384962 0
0.4400485 -0.9410270 0
0.4404369 -0.9435046 0
0.4408252 -0.9459290 0
0.4412135 -0.9483004 0
0.4416018 -0.9506187 0
0.4419902 -0.9528839 0
0.4423786 -0.9550960 0
0.4427670 -0.9572549 0
0.4431554 -0.9593608 0
0.4435437 -0.9614135 0
0.4439321 -0.9634131 0
0.4443204 -0.9653597 0
0.4447087 -0.9672531 0
0.4450971 -0.9690934 0
0.4454854 -0.9708806 0
0.4458737 -0.9726147 0
0.4462621 -0.9742957 0
0.4466505 -0.9759235 0
0.4470390 -0.9774983 0
0.4474273 -0.9790200 0
0.4478155 -0.9804885 0
0.4482039 -0.9819017 0
0.4485922 -0.9832618 0
0.4489806 -0.9845686 0
0.4493690 -0.9858225 0
0.4497573 -0.9870232 0
0.4501455 -0.9881708 0
0.4505339 -0.9892653 0
0.4509223 -0.9903066 0
0.4513107 -0.9912949 0
0.4516991 -0.9922301 0
0.4520874 -0.9931121 0
0.4524758 -0.9939411 0
0.4528642 -0.9947169 0
0.4532524 -0.9954396 0
0.4536407 -0.9961093 0
0.4540291 -0.9967258 0
0.4544174 -0.9972892 0
0.4548058 -0.9977995 0
0.4551942 -0.9982566 0
0.4555825 -0.9986607 0
0.4559708 -0.9990117 0
0.4563592 -0.9993096 0
0.4567476 -0.9995544 0
0.4571360 -0.9997460 0
0.4575243 -0.9998845 0
0.4579126 -0.9999677 0
0.4583010 -0.9999977 8
0.4586894 -0.9999751 8
0.4590776 -0.9999004 8
0.4594660 -0.9997735 8
0.4598543 -0.9995946 8
0.4602426 -0.9993637 8
0.4606311 -0.9990806 8
0.4610195 -0.9987455 8
0.4614079 -0.9983583 8
0.4617962 -0.9979190 8
0.4621844 -0.9974276 8
0.4625728 -0.9968842 8
0.4629612 -0.9962886 8
0.4633495 -0.9956410 8
0.4637379 -0.9949413 8
0.4641262 -0.9941895 8
0.4645145 -0.9933856 8
0.4649028 -0.9925296 8
0.4652912 -0.9916217 8
0.4656796 -0.9906615 8
0.4660680 -0.9896493 8
0.4664564 -0.9885851 8
0.4668447 -0.9874687 8
0.4672331 -0.9863002 8
0.4676213 -0.9850774 8
0.4680096 -0.9838025 8
0.4683980 -0.9824756 8
0.4687864 -0.9810965 8
0.4691747 -0.9796654 8
0.4695631 -0.9781822 8
0.4699515 -0.9766470 8
0.4703399 -0.9750596 8
0.4707282 -0.9734202 8
0.4711165 -0.9717286 8
0.4715049 -0.9699850 8
0.4718932 -0.9681893 8
0.4722816 -0.9663416 8
0.4726699 -0.9644417 8
0.4730583 -0.9624897 8
0.4734465 -0.9604857 8
0.4738349 -0.9584297 8
0.4742233 -0.9563215 8
0.4746117 -0.9541612 8
0.4750001 -0.9519488 8
0.4753884 -0.9496844 8
0.4757768 -0.9473679 8
0.4761652 -0.9449994 8
0.4765534 -0.9425787 8
0.4769417 -0.9401059 8
0.4773301 -0.9375788 8
0.4777184 -0.9349995 8
0.4781068 -0.9323683 8
0.4784952 -0.9296850 8
0.4788834 -0.9269496 8
0.4792719 -0.9241620 8
0.4796602 -0.9213225 8
0.4800486 -0.9184308 8
0.4804369 -0.9154870 8
0.4808253 -0.9124912 8
0.4812136 -0.9094432 8
0.4816019 -0.9063432 8
0.4819903 -0.9031912 8
0.4823786 -0.8999870 8
0.4827669 -0.8967307 8
0.4831553 -0.8934224 8
0.4835436 -0.8900620 8
0.4839320 -0.8866495 8
0.4843205 -0.8831849 8
0.4847087 -0.8796682 8
0.4850971 -0.8760995 8
0.4854854 -0.8724787 8
0.4858738 -0.8688058 8
0.4862622 -0.8650808 8
0.4866505 -0.8613037 8
0.4870387 -0.8574723 8
0.4874271 -0.8535888 8
0.4878155 -0.8496533 8
0.4882038 -0.8456656 8
0.4885923 -0.8416259 8
0.4889806 -0.8375341 8
0.4893690 -0.8333901 8
0.4897574 -0.8291941 8
0.4901456 -0.8249461 8
0.4905340 -0.8206459 8
0.4909223 -0.8162937 8
0.4913106 -0.8118894 8
0.4916990 -0.8074330 8
0.4920874 -0.8029245 8
0.4924757 -0.7983640 8
0.4928640 -0.7937513 8
0.4932525 -0.7890866 8
0.4936408 -0.7843697 8
0.4940292 -0.7796009 8
0.4944175 -0.7747800 8
0.4948058 -0.7699069 8
0.4951942 -0.7649817 8
0.4955826 -0.7600046 8
0.4959708 -0.7549753 8
0.4963592 -0.7498938 8
0.4967475 -0.7447581 8
0.4971358 -0.7395703 8
0.4975242 -0.7343304 8
0.4979127 -0.7290385 8
0.4983011 -0.7236944 8
0.4986893 -0.7182983 8
0.4990776 -0.7128500 8
0.4994660 -0.7073498 8
0.4998544 -0.7017974 249
0.5000000 -0.6962245 249
0.5000000 -0.6906500 251
0.5000000 -0.6850756 251
0.5000000 -0.6795011 251
0.5000000 -0.6739267 249
0.5000000 -0.6683522 249
0.5000000 -0.6627778 249
0.5000000 -0.6572034 249
0.5000000 -0.6516289 251
0.5000000 -0.6460545 251
0.5000000 -0.6404801 249
0.5000000 -0.6349056 249
0.5000000 -0.6293312 249
0.5000000 -0.6237567 249
0.5000000 -0.6181822 251
0.5000000 -0.6126078 251
0.5000000 -0.6070335 249
0.5000000 -0.6014589 249
0.5000000 -0.5958845 249
0.5000000 -0.5903101 249
0.5000000 -0.5847356 251
0.5000000 -0.5791612 251
0.5000000 -0.5735867 249
0.5000000 -0.5680122 249
0.5000000 -0.5624378 249
0.5000000 -0.5568634 249
0.5000000 -0.5512890 251
0.5000000 -0.5457146 251
0.5000000 -0.5401401 251
0.5000000 -0.5345657 249
0.5000000 -0.5289912 249
0.5000000 -0.5234168 249
0.5000000 -0.5178423 249
0.5000000 -0.5122678 251
0.5000000 -0.5066934 251
0.5000000 -0.5011191 249
0.5000000 -0.4955446 249
0.5000000 -0.4899702 249
0.5000000 -0.4843957 249
0.5000000 -0.4788212 251
0.5000000 -0.4732468 251
0.5000000 -0.4676724 249
0.5000000 -0.4620979 249
0.5000000 -0.4565234 249
0.5000000 -0.4509491 249
0.5000000 -0.4453746 251
0.5000000 -0.4398002 251
0.5000000 -0.4342258 249
0.5000000 -0.4286513 249
0.5000000 -0.4230768 249
0.5000000 -0.4175024 249
0.5000000 -0.4119279 251
0.5000000 -0.4063536 251
0.5000000 -0.4007791 251
0.5000000 -0.3952047 249
0.5000000 -0.3896302 249
0.5000000 -0.3840558 249
0.5000000 -0.3784814 249
0.5000000 -0.3729069 251
0.5000000 -0.3673324 251
0.5000000 -0.3617580 249
0.5000000 -0.3561835 249
0.5000000 -0.3506092 249
0.5000000 -0.3450347 249
0.5000000 -0.3394602 251
0.5000000 -0.3338857 251
0.5000000 -0.3283114 249
0.5000000 -0.3227368 249
0.5000000 -0.3171624 249
0.5000000 -0.3115880 249
0.5000000 -0.3060135 251
0.5000000 -0.3004390 251
0.5000000 -0.2948646 249
0.5000000 -0.2892902 249
0.5000000 -0.2837158 249
0.5000000 -0.2781413 249
0.5000000 -0.2725669 251
0.5000000 -0.2669925 251
0.5000000 -0.2614180 251
0.5000000 -0.2558436 249
0.5000000 -0.2502692 249
0.5000000 -0.2446948 249
0.5000000 -0.2391203 249
0.5000000 -0.2335458 251
0.5000000 -0.2279714 251
0.5000000 -0.2223970 249
0.5000000 -0.2168225 249
0.5000000 -0.2112481 249
0.5000000 -0.2056736 249
0.5000000 -0.2000991 251
0.5000000 -0.1945248 251
0.5000000 -0.1889504 249
0.5000000 -0.1833758 249
0.5000000 -0.1778014 249
0.5000000 -0.1722270 249
0.5000000 -0.1666525 251
0.5000000 -0.1610781 251
0.5000000 -0.1555037 249
0.5000000 -0.1499293 249
0.5000000 -0.1443548 249
0.5000000 -0.1387804 249
0.5000000 -0.1332059 251
0.5000000 -0.1276315 251
0.5000000 -0.1220570 251
0.5000000 -0.1164826 249
0.5000000 -0.1109081 249
0.5000000 -0.1053337 249
0.5000000 -0.0997592 249
0.5000000 -0.0941848 251
0.5000000 -0.0886104 251
0.5000000 -0.0830360 249
0.5000000 -0.0774615 249
0.5000000 -0.0718871 249
0.5000000 -0.0663126 249
0.5000000 -0.0607381 251
0.5000000 -0.0551637 251
0.5000000 -0.0495894 249
0.5000000 -0.0440148 249
0.5000000 -0.0384404 249
0.5000000 -0.0328660 249
0.5000000 -0.0272915 251
0.5000000 -0.0217171 251
0.5000000 -0.0161427 249
0.5000000 -0.0105682 249
0.5000000 -0.0049937 249
0.5000000 0.0005808 249
0.5000000 0.0061552 251
0.5000000 0.0117296 251
0.5000000 0.0173040 251
0.5000000 0.0228784 249
0.5000000 0.0284529 249
0.5000000 0.0340273 249
0.5000000 0.0396018 249
0.5000000 0.0451763 251
0.5000000 0.0507507 251
0.5000000 0.0563252 249
0.5000000 0.0618996 249
0.5000000 0.0674740 249
0.5000000 0.0730484 249
0.5000000 0.0786229 251
0.5000000 0.0841973 251
0.5000000 0.0897717 249
0.5000000 0.0953462 249
0.5000000 0.1009207 249
0.5000000 0.1064950 249
0.5000000 0.1120695 251
0.5000000 0.1176440 251
0.5000000 0.1232184 249
0.5000000 0.1287929 249
0.5000000 0.1343673 249
0.5000000 0.1399417 249
0.5000000 0.1455162 251
0.5000000 0.1510906 251
0.5000000 0.1566651 251
0.5000000 0.1622394 249
0.5000000 0.1678139 249
0.5000000 0.1733884 249
0.5000000 0.1789628 249
0.5000000 0.1845373 251
0.5000000 0.1901117 251
0.5000000 0.1956861 249
0.5000000 0.2012605 249
0.5000000 0.2068349 249
0.5000000 0.2124094 249
0.5000000 0.2179839 251
0.5000000 0.2235583 251
0.5000000 0.2291328 249
0.5000000 0.2347073 249
0.5000000 0.2402817 249
0.5000000 0.2458561 249
0.5000000 0.2514305 251
0.5000000 0.2570049 251
0.5000000 0.2625793 249
0.5000000 0.2681538 249
0.5000000 0.2737283 249
0.5000000 0.2793028 249
0.5000000 0.2848773 251
0.5000000 0.2904517 251
0.5000000 0.2960261 251
0.5000000 0.3016005 249
0.5000000 0.3071749 249
0.5000000 0.3127493 249
0.5000000 0.3183238 249
0.5000000 0.3238983 251
0.5000000 0.3294727 251
0.5000000 0.3350471 249
0.5000000 0.3406216 249
0.5000000 0.3461961 249
0.5000000 0.3517705 249
0.5000000 0.3573449 251
0.5000000 0.3629193 251
0.5000000 0.3684937 249
0.5000000 0.3740683 249
0.5000000 0.3796427 249
0.5000000 0.3852171 249
0.5000000 0.3907916 251
0.5000000 0.3963660 251
0.5000000 0.4019405 249
0.5000000 0.4075149 249
0.5000000 0.4130893 249
0.5000000 0.4186637 249
0.5000000 0.4242382 251
0.5000000 0.4298126 251
0.5000000 0.4353871 251
0.5000000 0.4409615 249
0.5000000 0.4465360 249
0.5000000 0.4521104 249
0.5000000 0.4576848 249
0.5000000 0.4632593 251
0.5000000 0.4688337 251
0.5000000 0.4744081 249
0.5000000 0.4799826 249
0.5000000 0.4855570 249
0.5000000 0.4911315 249
0.5000000 0.4967060 251
0.5000000 0.5022804 251
0.5000000 0.5078547 249
0.5000000 0.5134292 249
0.5000000 0.5190037 249
0.5000000 0.5245781 249
0.5000000 0.5301526 251
0.5000000 0.5357270 251
0.5000000 0.5413014 249
0.5000000 0.5468759 249
0.5000000 0.5524504 249
0.5000000 0.5580248 249
0.5000000 0.5635992 251
0.5000000 0.5691736 251
0.5000000 0.5747481 251
0.5000000 0.5803225 249
0.5000000 0.5858970 249
0.5000000 0.5914714 249
0.5000000 0.5970459 249
0.5000000 0.6026204 251
0.5000000 0.6081948 251
0.5000000 0.6137691 249
0.5000000 0.6193436 249
0.5000000 0.6249180 249
0.5000000 0.6304925 249
0.5000000 0.6360670 251
0.5000000 0.6416414 251
0.5000000 0.6472158 249
0.5000000 0.6527902 249
0.5000000 0.6583648 249
0.5000000 0.6639391 249
0.5000000 0.6695136 251
0.5000000 0.6750880 251
0.5000000 0.6806624 249
0.5000000 0.6862369 249
0.5000000 0.6918114 8
0.5002427 0.6973858 8
0.5006311 0.7029896 8
0.5010194 0.7085844 8
0.5014077 0.7141262 8
0.5017960 0.7196147 8
0.5021844 0.7250502 8
0.5025729 0.7304326 8
0.5029612 0.7357619 8
0.5033496 0.7410381 8
0.5037379 0.7462612 8
0.5041263 0.7514311 8
0.5045145 0.7565480 8
0.5049029 0.7616118 8
0.5052913 0.7666223 8
0.5056796 0.7715799 8
0.5060679 0.7764843 8
0.5064563 0.7813334 8
0.5068445 0.7861291 8
0.5072331 0.7908719 8
0.5076214 0.7955616 8
0.5080097 0.8001982 8
0.5083981 0.8047817 8
0.5087864 0.8093121 8
0.5091748 0.8137893 8
0.5095631 0.8182134 8
0.5099514 0.8225844 8
0.5103397 0.8269023 8
0.5107281 0.8311671 8
0.5111165 0.8353788 8
0.5115049 0.8395375 8
0.5118933 0.8436429 8
0.5122816 0.8476952 8
0.5126700 0.8516945 8
0.5130583 0.8556407 8
0.5134466 0.8595337 8
0.5138349 0.8633737 8
0.5142233 0.8671605 8
0.5146116 0.8708942 8
0.5150000 0.8745748 8
0.5153884 0.8782023 8
0.5157766 0.8817768 8
0.5161651 0.8852959 8
0.5165534 0.8887616 8
0.5169418 0.8921745 8
0.5173302 0.8955341 8
0.5177185 0.8988406 8
0.5181068 0.9020940 8
0.5184952 0.9052944 8
0.5188835 0.9084416 8
0.5192718 0.9115358 8
0.5196602 0.9145769 8
0.5200485 0.9175647 8
0.5204368 0.9204995 8
0.5208253 0.9233812 8
0.5212136 0.9262098 8
0.5216019 0.9289853 8
0.5219903 0.9317076 8
0.5223786 0.9343769 8
0.5227670 0.9369930 8
0.5231554 0.9395561 8
0.5235437 0.9420661 8
0.5239319 0.9445229 8
0.5243203 0.9469265 8
0.5247087 0.9492771 8
0.5250970 0.9515746 8
0.5254854 0.9538190 8
0.5258738 0.9560081 8
0.5262622 0.9581439 8
0.5266506 0.9602266 8
0.5270388 0.9622563 8
0.5274272 0.9642329 8
0.5278155 0.9661563 8
0.5282038 0.9680266 8
0.5285922 0.9698438 8
0.5289806 0.9716080 8
0.5293688 0.9733190 8
0.5297572 0.9749768 8
0.5301456 0.9765816 8
0.5305340 0.9781333 8
0.5309224 0.9796319 8
0.5313107 0.9810773 8
0.5316991 0.9824696 8
0.5320874 0.9838089 8
0.5324757 0.9850951 8
0.5328640 0.9863281 8
0.5332524 0.9875080 8
0.5336407 0.9886349 8
0.5340291 0.9897085 8
0.5344175 0.9907291 8
0.5348059 0.9916967 8
0.5351943 0.9926111 8
0.5355826 0.9934700 8
0.5359708 0.9942758 8
0.5363592 0.9950287 8
0.5367476 0.9957282 8
0.5371359 0.9963748 8
0.5375243 0.9969682 8
0.5379126 0.9975085 8
0.5383009 0.9979957 8
0.5386892 0.9984298 8
0.5390776 0.9988109 8
0.5394660 0.9991387 8
0.5398544 0.9994135 8
0.5402428 0.9996352 8
0.5406311 0.9998037 8
0.5410195 0.9999192 8
0.5414077 0.9999816 8
0.5417961 0.9999909 0
0.5421845 0.9999479 0
0.5425728 0.9998528 0
0.5429611 0.9997056 0
0.5433495 0.9995063 0
0.5437379 0.9992550 0
0.5441264 0.9989516 0
0.5445146 0.9985961 0
0.5449029 0.9981885 0
0.5452913 0.9977266 0
0.5456796 0.9972125 0
0.5460680 0.9966464 0
0.5464564 0.9960282 0
0.5468446 0.9953579 0
0.5472329 0.9946356 0
0.5476213 0.9938612 0
0.5480097 0.9930346 0
0.5483980 0.9921561 0
0.5487864 0.9912254 0
0.5491748 0.9902426 0
0.5495632 0.9892078 0
0.5499515 0.9881209 0
0.5503398 0.9869818 0
0.5507281 0.9857907 0
0.5511165 0.9845476 0
0.5515048 0.9832523 0
0.5518932 0.9819049 0
0.5522816 0.9805055 0
0.5526698 0.9790540 0
0.5530582 0.9775504 0
0.5534466 0.9759947 0
0.5538350 0.9743871 0
0.5542234 0.9727273 0
0.5546117 0.9710152 0
0.5550000 0.9692491 0
0.5553884 0.9674307 0
0.5557767 0.9655604 0
0.5561650 0.9636378 0
0.5565534 0.9616632 0
0.5569417 0.9596366 0
0.5573300 0.9575579 0
0.5577185 0.9554270 0
0.5581069 0.9532441 0
0.5584953 0.9510091 0
0.5588836 0.9487219 0
0.5592718 0.9463829 0
0.5596602 0.9439917 0
0.5600486 0.9415483 0
0.5604369 0.9390529 0
0.5608253 0.9365054 0
0.5612136 0.9339058 0
0.5616019 0.9312542 0
0.5619902 0.9285506 0
0.5623786 0.9257947 0
0.5627670 0.9229869 0
0.5631554 0.9201269 0
0.5635438 0.9172148 0
0.5639320 0.9142506 0
0.5643204 0.9112344 0
0.5647087 0.9081638 0
0.5650970 0.9050413 0
0.5654854 0.9018665 0
0.5658738 0.8986396 0
0.5662620 0.8953607 0
0.5666504 0.8920298 0
0.5670387 0.8886467 0
0.5674272 0.8852115 0
0.5678156 0.8817243 0
0.5682039 0.8781850 0
0.5685923 0.8745936 0
0.5689806 0.8709502 0
0.5693689 0.8672547 0
0.5697572 0.8635070 0
0.5701456 0.8597073 0
0.5705339 0.8558555 0
0.5709223 0.8519517 0
0.5713107 0.8479957 0
0.5716990 0.8439876 0
0.5720875 0.8399276 0
0.5724758 0.8358154 0
0.5728641 0.8316510 0
0.5732525 0.8274348 0
0.5736408 0.8231663 0
0.5740291 0.8188457 0
0.5744175 0.8144709 0
0.5748058 0.8100438 0
0.5751941 0.8055648 0
0.5755825 0.8010337 0
0.5759708 0.7964505 0
0.5763593 0.7918152 0
0.5767476 0.7871278 0
0.5771360 0.7823884 0
0.5775243 0.7775969 0
0.5779127 0.7727533 0
0.5783010 0.7678576 0
0.5786893 0.7629098 0
0.5790777 0.7579099 0
0.5794660 0.7528580 0
0.5798543 0.7477540 0
0.5802427 0.7425979 0
0.5806310 0.7373897 0
0.5810193 0.7321294 0
0.5814078 0.7268171 0
0.5817961 0.7214526 0
0.5821845 0.7160361 0
0.5825728 0.7105675 0
0.5829612 0.7050469 0
0.5833334 0.6994762 241
0.5833334 0.6939018 241
0.5833334 0.6883274 243
0.5833334 0.6827528 243
0.5833334 0.6771784 241
0.5833334 0.6716040 241
0.5833334 0.6660295 241
0.5833334 0.6604552 241
0.5833334 0.6548806 243
0.5833334 0.6493062 243
0.5833334 0.6437318 241
0.5833334 0.6381574 241
0.5833334 0.6325829 241
0.5833334 0.6270085 241
0.5833334 0.6214340 241
0.5833334 0.6158596 243
0.5833334 0.6102852 243
0.5833334 0.6047107 241
0.5833334 0.5991362 241
0.5833334 0.5935618 241
0.5833334 0.5879874 241
0.5833334 0.5824130 243
0.5833334 0.5768385 243
0.5833334 0.5712640 241
0.5833334 0.5656896 241
0.5833334 0.5601151 241
0.5833334 0.5545408 241
0.5833334 0.5489664 243
0.5833334 0.5433918 243
0.5833334 0.5378174 241
0.5833334 0.5322430 241
0.5833334 0.5266685 241
0.5833334 0.5210941 241
0.5833334 0.5155196 243
0.5833334 0.5099451 243
0.5833334 0.5043708 241
0.5833334 0.4987964 241
0.5833334 0.4932219 241
0.5833334 0.4876475 241
0.5833334 0.4820730 241
0.5833334 0.4764986 243
0.5833334 0.4709241 243
0.5833334 0.4653497 241
0.5833334 0.4597752 241
0.5833334 0.4542008 241
0.5833334 0.4486264 241
0.5833334 0.4430520 243
0.5833334 0.4374775 243
0.5833334 0.4319031 241
0.5833334 0.4263286 241
0.5833334 0.4207541 241
0.5833334 0.4151797 241
0.5833334 0.4096053 243
0.5833334 0.4040309 243
0.5833334 0.3984564 241
0.5833334 0.3928820 241
0.5833334 0.3873075 241
0.5833334 0.3817331 241
0.5833334 0.3761586 243
0.5833334 0.3705841 243
0.5833334 0.3650097 241
0.5833334 0.3594353 241
0.5833334 0.3538609 241
0.5833334 0.3482865 241
0.5833334 0.3427120 241
0.5833334 0.3371375 243
0.5833334 0.3315631 243
0.5833334 0.3259887 241
0.5833334 0.3204142 241
0.5833334 0.3148397 241
0.5833334 0.3092653 241
0.5833334 0.3036908 243
0.5833334 0.2981164 243
0.5833334 0.2925421 241
0.5833334 0.2869676 241
0.5833334 0.2813931 241
0.5833334 0.2758186 241
0.5833334 0.2702443 243
0.5833334 0.2646697 243
0.5833334 0.2590953 241
0.5833334 0.2535209 241
0.5833334 0.2479465 241
0.5833334 0.2423720 241
0.5833334 0.2367976 243
0.5833334 0.2312231 243
0.5833334 0.2256487 241
0.5833334 0.2200743 241
0.5833334 0.2144998 241
0.5833334 0.2089254 241
0.5833334 0.2033509 241
0.5833334 0.1977765 243
0.5833334 0.1922021 243
0.5833334 0.1866277 241
0.5833334 0.1810532 241
0.5833334 0.1754787 241
0.5833334 0.1699043 241
0.5833334 0.1643298 243
0.5833334 0.1587554 243
0.5833334 0.1531811 241
0.5833334 0.1476066 241
0.5833334 0.1420321 241
0.5833334 0.1364577 241
0.5833334 0.1308833 243
0.5833334 0.1253087 243
0.5833334 0.1197343 241
0.5833334 0.1141599 241
0.5833334 0.1085854 241
0.5833334 0.1030109 241
0.5833334 0.0974365 243
0.5833334 0.0918621 243
0.5833334 0.0862877 241
0.5833334 0.0807133 241
0.5833334 0.0751388 241
0.5833334 0.0695644 241
0.5833334 0.0639899 241
0.5833334 0.0584155 243
0.5833334 0.0528411 243
0.5833334 0.0472667 241
0.5833334 0.0416922 241
0.5833334 0.0361177 241
0.5833334 0.0305433 241
0.5833334 0.0249689 243
0.5833334 0.0193944 243
0.5833334 0.0138200 241
0.5833334 0.0082455 241
0.5833334 0.0026710 241
0.5833334 -0.0029034 241
0.5833334 -0.0084778 243
0.5833334 -0.0140523 243
0.5833334 -0.0196267 241
0.5833334 -0.0252012 241
0.5833334 -0.0307756 241
0.5833334 -0.0363500 241
0.5833334 -0.0419245 243
0.5833334 -0.0474990 243
0.5833334 -0.0530734 241
0.5833334 -0.0586478 241
0.5833334 -0.0642223 241
0.5833334 -0.0697967 241
0.5833334 -0.0753711 241
0.5833334 -0.0809455 243
0.5833334 -0.0865200 243
0.5833334 -0.0920944 241
0.5833334 -0.0976689 241
0.5833334 -0.1032433 241
0.5833334 -0.1088177 241
0.5833334 -0.1143922 243
0.5833334 -0.1199667 243
0.5833334 -0.1255411 241
0.5833334 -0.1311155 241
0.5833334 -0.1366900 241
0.5833334 -0.1422644 241
0.5833334 -0.1478388 243
0.5833334 -0.1534134 243
0.5833334 -0.1589877 241
0.5833334 -0.1645621 241
0.5833334 -0.1701366 241
0.5833334 -0.1757111 241
0.5833334 -0.1812855 243
0.5833334 -0.1868600 243
0.5833334 -0.1924344 241
0.5833334 -0.1980088 241
0.5833334 -0.2035833 241
0.5833334 -0.2091577 241
0.5833334 -0.2147321 241
0.5833334 -0.2203065 243
0.5833334 -0.2258810 243
0.5833334 -0.2314555 241
0.5833334 -0.2370299 241
0.5833334 -0.2426044 241
0.5833334 -0.2481788 241
0.5833334 -0.2537532 243
0.5833334 -0.2593277 243
0.5833334 -0.2649021 241
0.5833334 -0.2704765 241
0.5833334 -0.2760510 241
0.5833334 -0.2816254 241
0.5833334 -0.2871998 243
0.5833334 -0.2927743 243
0.5833334 -0.2983488 241
0.5833334 -0.3039231 241
0.5833334 -0.3094976 241
0.5833334 -0.3150720 241
0.5833334 -0.3206465 243
0.5833334 -0.3262210 243
0.5833334 -0.3317954 241
0.5833334 -0.3373698 241
0.5833334 -0.3429443 241
0.5833334 -0.3485188 241
0.5833334 -0.3540932 241
0.5833334 -0.3596675 243
0.5833334 -0.3652420 243
0.5833334 -0.3708164 241
0.5833334 -0.3763909 241
0.5833334 -0.3819654 241
0.5833334 -0.3875398 241
0.5833334 -0.3931142 243
0.5833334 -0.3986887 243
0.5833334 -0.4042632 241
0.5833334 -0.4098375 241
0.5833334 -0.4154120 241
0.5833334 -0.4209864 241
0.5833334 -0.4265608 243
0.5833334 -0.4321354 243
0.5833334 -0.4377098 241
0.5833334 -0.4432842 241
0.5833334 -0.4488587 241
0.5833334 -0.4544330 241
0.5833334 -0.4600075 243
0.5833334 -0.4655820 243
0.5833334 -0.4711564 241
0.5833334 -0.4767308 241
0.5833334 -0.4823053 241
0.5833334 -0.4878797 241
0.5833334 -0.4934542 241
0.5833334 -0.4990286 243
0.5833334 -0.5046030 243
0.5833334 -0.5101774 241
0.5833334 -0.5157519 241
0.5833334 -0.5213264 241
0.5833334 -0.5269008 241
0.5833334 -0.5324752 243
0.5833334 -0.5380497 243
0.5833334 -0.5436241 241
0.5833334 -0.5491986 241
0.5833334 -0.5547731 241
0.5833334 -0.5603474 241
0.5833334 -0.5659218 243
0.5833334 -0.5714963 243
0.5833334 -0.5770708 241
0.5833334 -0.5826452 241
0.5833334 -0.5882197 241
0.5833334 -0.5937941 241
0.5833334 -0.5993686 243
0.5833334 -0.6049431 243
0.5833334 -0.6105174 241
0.5833334 -0.6160918 241
0.5833334 -0.6216663 241
0.5833334 -0.6272407 241
0.5833334 -0.6328152 241
0.5833334 -0.6383896 243
0.5833334 -0.6439641 243
0.5833334 -0.6495385 241
0.5833334 -0.6551129 241
0.5833334 -0.6606874 241
0.5833334 -0.6662618 241
0.5833334 -0.6718362 243
0.5833334 -0.6774107 243
0.5833334 -0.6829851 241
0.5833334 -0.6885596 241
0.5833496 -0.6941341 0
0.5837379 -0.6997085 0
0.5841261 -0.7053333 0
0.5845145 -0.7109051 0
0.5849029 -0.7164237 0
0.5852912 -0.7218891 0
0.5856797 -0.7273015 0
0.5860680 -0.7326609 0
0.5864564 -0.7379671 0
0.5868447 -0.7432202 0
0.5872330 -0.7484201 0
0.5876214 -0.7535670 0
0.5880097 -0.7586608 0
0.5883980 -0.7637014 0
0.5887864 -0.7686889 0
0.5891747 -0.7736234 0
0.5895630 -0.7785047 0
0.5899514 -0.7833329 0
0.5903398 -0.7881080 0
0.5907282 -0.7928300 0
0.5911166 -0.7974989 0
0.5915049 -0.8021147 0
0.5918932 -0.8066774 0
0.5922816 -0.8111869 0
0.5926699 -0.8156434 0
0.5930582 -0.8200468 0
0.5934466 -0.8243970 0
0.5938349 -0.8286918 0
0.5942232 -0.8329335 0
0.5946116 -0.8371222 0
0.5950001 -0.8412577 0
0.5953885 -0.8453400 0
0.5957767 -0.8493693 0
0.5961650 -0.8533455 0
0.5965534 -0.8572686 0
0.5969418 -0.8611386 0
0.5973301 -0.8649554 0
0.5977185 -0.8687191 0
0.5981068 -0.8724298 0
0.5984951 -0.8760873 0
0.5988834 -0.8796917 0
0.5992718 -0.8832430 0
0.5996603 -0.8867412 0
0.6000486 -0.8901863 0
0.6004370 -0.8935784 0
0.6008253 -0.8969172 0
0.6012137 -0.9002030 0
0.6016019 -0.9034357 0
0.6019903 -0.9066152 0
0.6023787 -0.9097416 0
0.6027670 -0.9128149 0
0.6031553 -0.9158353 0
0.6035437 -0.9188001 0
0.6039319 -0.9217118 0
0.6043204 -0.9245704 0
0.6047088 -0.9273759 0
0.6050971 -0.9301282 0
0.6054855 -0.9328275 0
0.6058738 -0.9354737 0
0.6062621 -0.9380667 0
0.6066504 -0.9406067 0
0.6070388 -0.9430936 0
0.6074271 -0.9455273 0
0.6078155 -0.9479079 0
0.6082039 -0.9502354 0
0.6085922 -0.9525098 0
0.6089806 -0.9547311 0
0.6093690 -0.9568994 0
0.6097573 -0.9590144 0
0.6101457 -0.9610764 0
0.6105340 -0.9630852 0
0.6109223 -0.9650410 0
0.6113107 -0.9669437 0
0.6116990 -0.9687932 0
0.6120873 -0.9705897 0
0.6124757 -0.9723330 0
0.6128640 -0.9740232 0
0.6132523 -0.9756580 0
0.6136408 -0.9772397 0
0.6140292 -0.9787683 0
0.6144176 -0.9802437 0
0.6148059 -0.9816662 0
0.6151941 -0.9830355 0
0.6155825 -0.9843516 0
0.6159709 -0.9856147 0
0.6163592 -0.9868246 0
0.6167476 -0.9879814 0
0.6171359 -0.9890852 0
0.6175242 -0.9901358 0
0.6179126 -0.9911332 0
0.6183010 -0.9920777 0
0.6186893 -0.9929690 0
0.6190777 -0.9938072 0
0.6194660 -0.9945922 0
0.6198544 -0.9953241 0
0.6202428 -0.9960030 0
0.6206311 -0.9966288 0
0.6210193 -0.9972014 0
0.6214077 -0.9977210 0
0.6217961 -0.9981873 0
0.6221844 -0.9986007 0
0.6225728 -0.9989609 0
0.6229612 -0.9992657 0
0.6233496 -0.9995174 0
0.6237379 -0.9997160 0
0.6241262 -0.9998614 0
0.6245146 -0.9999539 0
0.6249029 -0.9999931 8
0.6252912 -0.9999796 8
0.6256796 -0.9999140 8
0.6260680 -0.9997962 8
0.6264562 -0.9996263 8
0.6268446 -0.9994045 8
0.6272330 -0.9991305 8
0.6276214 -0.9988044 8
0.6280098 -0.9984263 8
0.6283981 -0.9979960 8
0.6287865 -0.9975137 8
0.6291748 -0.9969793 8
0.6295631 -0.9963928 8
0.6299514 -0.9957542 8
0.6303398 -0.9950636 8
0.6307281 -0.9943209 8
0.6311165 -0.9935260 8
0.6315049 -0.9926791 8
0.6318931 -0.9917802 8
0.6322817 -0.9908291 8
0.6326699 -0.9898237 8
0.6330582 -0.9887662 8
0.6334466 -0.9876567 8
0.6338350 -0.9864950 8
0.6342233 -0.9852812 8
0.6346117 -0.9840154 8
0.6350000 -0.9826975 8
0.6353883 -0.9813275 8
0.6357766 -0.9799054 8
0.6361650 -0.9784313 8
0.6365534 -0.9769051 8
0.6369418 -0.9753268 8
0.6373302 -0.9736964 8
0.6377185 -0.9720139 8
0.6381069 -0.9702794 8
0.6384951 -0.9684928 8
0.6388835 -0.9666540 8
0.6392719 -0.9647633 8
0.6396602 -0.9628204 8
0.6400485 -0.9608253 8
0.6404369 -0.9587784 8
0.6408252 -0.9566793 8
0.6412137 -0.9545280 8
0.6416020 -0.9523247 8
0.6419903 -0.9500693 8
0.6423787 -0.9477596 8
0.6427670 -0.9453979 8
0.6431554 -0.9429840 8
0.6435438 -0.9405180 8
0.6439320 -0.9380000 8
0.6443203 -0.9354298 8
0.6447087 -0.9328076 8
0.6450971 -0.9301333 8
0.6454854 -0.9274070 8
0.6458738 -0.9246285 8
0.6462622 -0.9217980 8
0.6466505 -0.9189154 8
0.6470389 -0.9159807 8
0.6474272 -0.9129939 8
0.6478155 -0.9099550 8
0.6482039 -0.9068641 8
0.6485922 -0.9037211 8
0.6489805 -0.9005259 8
0.6493689 -0.8972787 8
0.6497572 -0.8939794 8
0.6501455 -0.8906281 8
0.6505340 -0.8872246 8
0.6509224 -0.8837691 8
0.6513108 -0.8802615 8
0.6516991 -0.8767018 8
0.6520873 -0.8730878 8
0.6524757 -0.8694217 8
0.6528641 -0.8657035 8
0.6532524 -0.8619332 8
0.6536408 -0.8581109 8
0.6540291 -0.8542364 8
0.6544174 -0.8503100 8
0.6548057 -0.8463313 8
0.6551941 -0.8423007 8
0.6555826 -0.8382179 8
0.6559709 -0.8340831 8
0.6563592 -0.8298961 8
0.6567476 -0.8256571 8
0.6571360 -0.8213660 8
0.6575243 -0.8170229 8
0.6579126 -0.8126276 8
0.6583009 -0.8081802 8
0.6586893 -0.8036808 8
0.6590776 -0.7991293 8
0.6594660 -0.7945258 8
0.6598544 -0.7898701 8
0.6602428 -0.7851623 8
0.6606312 -0.7804025 8
0.6610194 -0.7755906 8
0.6614078 -0.7707266 8
0.6617961 -0.7658082 8
0.6621844 -0.7608379 8
0.6625728 -0.7558154 8
0.6629612 -0.7507407 8
0.6633494 -0.7456140 8
0.6637378 -0.7404353 8
0.6641261 -0.7352045 8
0.6645146 -0.7299216 8
0.6649030 -0.7245866 8
0.6652913 -0.7191995 8
0.6656797 -0.7137603 8
0.6660680 -0.7082691 8
0.6664563 -0.7027259 8
0.6666666 -0.6971536 249
0.6666666 -0.6915791 249
0.6666666 -0.6860047 251
0.6666666 -0.6804302 251
0.6666666 -0.6748557 249
0.6666666 -0.6692813 249
0.6666666 -0.6637069 249
0.6666666 -0.6581325 249
0.6666666 -0.6525579 251
0.6666666 -0.6469836 251
0.6666666 -0.6414091 249
0.6666666 -0.6358347 249
0.6666666 -0.6302603 249
0.6666666 -0.6246857 249
0.6666666 -0.6191113 251
0.6666666 -0.6135369 251
0.6666666 -0.6079625 249
0.6666666 -0.6023880 249
0.6666666 -0.5968136 249
0.6666666 -0.5912391 249
0.6666666 -0.5856647 251
0.6666666 -0.5800903 251
0.6666666 -0.5745158 249
0.6666666 -0.5689413 249
0.6666666 -0.5633669 249
0.6666666 -0.5577925 249
0.6666666 -0.5522181 249
0.6666666 -0.5466437 251
0.6666666 -0.5410692 251
0.6666666 -0.5354947 249
0.6666666 -0.5299203 249
0.6666666 -0.5243459 249
0.6666666 -0.5187714 249
0.6666666 -0.5131969 251
0.6666666 -0.5076225 251
0.6666666 -0.5020481 249
0.6666666 -0.4964737 249
0.6666666 -0.4908993 249
0.6666666 -0.4853247 249
0.6666666 -0.4797503 251
0.6666666 -0.4741759 251
0.6666666 -0.4686014 249
0.6666666 -0.4630270 249
0.6666666 -0.4574525 249
0.6666666 -0.4518781 249
0.6666666 -0.4463037 251
0.6666666 -0.4407293 251
0.6666666 -0.4351548 249
0.6666666 -0.4295804 249
0.6666666 -0.4240059 249
0.6666666 -0.4184315 249
0.6666666 -0.4128570 249
0.6666666 -0.4072826 251
0.6666666 -0.4017082 251
0.6666666 -0.3961337 249
0.6666666 -0.3905593 249
0.6666666 -0.3849849 249
0.6666666 -0.3794104 249
0.6666666 -0.3738360 251
0.6666666 -0.3682615 251
0.6666666 -0.3626870 249
0.6666666 -0.3571126 249
0.6666666 -0.3515383 249
0.6666666 -0.3459637 249
0.6666666 -0.3403893 251
0.6666666 -0.3348148 251
0.6666666 -0.3292404 249
0.6666666 -0.3236659 249
0.6666666 -0.3180915 249
0.6666666 -0.3125170 249
0.6666666 -0.3069426 251
0.6666666 -0.3013681 251
0.6666666 -0.2957937 249
0.6666666 -0.2902193 249
0.6666666 -0.2846449 249
0.6666666 -0.2790704 249
0.6666666 -0.2734960 249
0.6666666 -0.2679216 251
0.6666666 -0.2623471 251
0.6666666 -0.2567726 249
0.6666666 -0.2511982 249
0.6666666 -0.2456238 249
0.6666666 -0.2400493 249
0.6666666 -0.2344749 251
0.6666666 -0.2289005 251
0.6666666 -0.2233260 249
0.6666666 -0.2177516 249
0.6666666 -0.2121772 249
0.6666666 -0.2066026 249
0.6666666 -0.2010282 251
0.6666666 -0.1954539 251
0.6666666 -0.1898794 249
0.6666666 -0.1843049 249
0.6666666 -0.1787305 249
0.6666666 -0.1731560 249
0.6666666 -0.1675816 251
0.6666666 -0.1620072 251
0.6666666 -0.1564328 249
0.6666666 -0.1508584 249
0.6666666 -0.1452839 249
0.6666666 -0.1397095 249
0.6666666 -0.1341350 249
0.6666666 -0.1285606 251
0.6666666 -0.1229861 251
0.6666666 -0.1174116 249
0.6666666 -0.1118372 249
0.6666666 -0.1062627 249
0.6666666 -0.1006882 249
0.6666666 -0.0951139 251
0.6666666 -0.0895395 251
0.6666666 -0.0839650 249
0.6666666 -0.0783906 249
0.6666666 -0.0728162 249
0.6666666 -0.0672416 249
0.6666666 -0.0616672 251
0.6666666 -0.0560928 251
0.6666666 -0.0505184 249
0.6666666 -0.0449439 249
0.6666666 -0.0393695 249
0.6666666 -0.0337950 249
0.6666666 -0.0282206 251
0.6666666 -0.0226462 251
0.6666666 -0.0170717 249
0.6666666 -0.0114973 249
0.6666666 -0.0059228 249
0.6666666 -0.0003483 249
0.6666666 0.0052261 249
0.6666666 0.0108005 251
0.6666666 0.0163749 251
0.6666666 0.0219494 249
0.6666666 0.0275238 249
0.6666666 0.0330982 249
0.6666666 0.0386727 249
0.6666666 0.0442472 251
0.6666666 0.0498216 251
0.6666666 0.0553962 249
0.6666666 0.0609705 249
0.6666666 0.0665449 249
0.6666666 0.0721194 249
0.6666666 0.0776938 251
0.6666666 0.0832682 251
0.6666666 0.0888427 249
0.6666666 0.0944171 249
0.6666666 0.0999916 249
0.6666666 0.1055660 249
0.6666666 0.1111405 251
0.6666666 0.1167149 251
0.6666666 0.1222894 249
0.6666666 0.1278638 249
0.6666666 0.1334382 249
0.6666666 0.1390126 249
0.6666666 0.1445871 249
0.6666666 0.1501615 251
0.6666666 0.1557360 251
0.6666666 0.1613104 249
0.6666666 0.1668848 249
0.6666666 0.1724593 249
0.6666666 0.1780338 249
0.6666666 0.1836082 251
0.6666666 0.1891826 251
0.6666666 0.1947571 249
0.6666666 0.2003314 249
0.6666666 0.2059058 249
0.6666666 0.2114804 249
0.6666666 0.2170548 251
0.6666666 0.2226292 251
0.6666666 0.2282037 249
0.6666666 0.2337782 249
0.6666666 0.2393526 249
0.6666666 0.2449271 249
0.6666666 0.2505014 251
0.6666666 0.2560758 251
0.6666666 0.2616503 249
0.6666666 0.2672247 249
0.6666666 0.2727992 249
0.6666666 0.2783737 249
0.6666666 0.2839482 249
0.6666666 0.2895226 251
0.6666666 0.2950970 251
0.6666666 0.3006714 249
0.6666666 0.3062458 249
0.6666666 0.3118202 249
0.6666666 0.3173947 249
0.6666666 0.3229692 251
0.6666666 0.3285436 251
0.6666666 0.3341181 249
0.6666666 0.3396925 249
0.6666666 0.3452670 249
0.6666666 0.3508415 249
0.6666666 0.3564158 251
0.6666666 0.3619902 251
0.6666666 0.3675647 249
0.6666666 0.3731392 249
0.6666666 0.3787136 249
0.6666666 0.3842881 249
0.6666666 0.3898625 251
0.6666666 0.3954369 251
0.6666666 0.4010114 249
0.6666666 0.4065858 249
0.6666666 0.4121602 249
0.6666666 0.4177346 249
0.6666666 0.4233091 249
0.6666666 0.4288835 251
0.6666666 0.4344580 251
0.6666666 0.4400325 249
0.6666666 0.4456069 249
0.6666666 0.4511813 249
0.6666666 0.4567557 249
0.6666666 0.4623302 251
0.6666666 0.4679046 251
0.6666666 0.4734791 249
0.6666666 0.4790535 249
0.6666666 0.4846279 249
0.6666666 0.4902025 249
0.6666666 0.4957769 251
0.6666666 0.5013513 251
0.6666666 0.5069257 249
0.6666666 0.5125001 249
0.6666666 0.5180746 249
0.6666666 0.5236491 249
0.6666666 0.5292235 251
0.6666666 0.5347979 251
0.6666666 0.5403724 249
0.6666666 0.5459468 249
0.6666666 0.5515213 249
0.6666666 0.5570957 249
0.6666666 0.5626701 249
0.6666666 0.5682445 251
0.6666666 0.5738190 251
0.6666666 0.5793935 249
0.6666666 0.5849679 249
0.6666666 0.5905423 249
0.6666666 0.5961168 249
0.6666666 0.6016913 251
0.6666666 0.6072657 251
0.6666666 0.6128401 249
0.6666666 0.6184145 249
0.6666666 0.6239889 249
0.6666666 0.6295635 249
0.6666666 0.6351379 251
0.6666666 0.6407123 251
0.6666666 0.6462868 249
0.6666666 0.6518611 249
0.6666666 0.6574357 249
0.6666666 0.6630101 249
0.6666666 0.6685845 251
0.6666666 0.6741589 251
0.6666666 0.6797334 249
0.6666666 0.6853078 249
0.6666666 0.6908823 249
0.6668446 0.6964567 8
0.6672330 0.7020521 8
0.6676213 0.7076562 8
0.6680097 0.7132072 8
0.6683981 0.7187050 8
0.6687864 0.7241497 8
0.6691749 0.7295413 8
0.6695631 0.7348799 8
0.6699515 0.7401653 8
0.6703399 0.7453976 8
0.6707282 0.7505767 8
0.6711165 0.7557029 8
0.6715049 0.7607736 8
0.6718931 0.7657911 8
0.6722815 0.7707555 8
0.6726699 0.7756669 8
0.6730582 0.7805252 8
0.6734465 0.7853302 8
0.6738350 0.7900822 8
0.6742234 0.7947812 8
0.6746117 0.7994270 8
0.6750000 0.8040197 8
0.6753883 0.8085593 8
0.6757767 0.8130458 8
0.6761651 0.8174791 8
0.6765534 0.8218594 8
0.6769417 0.8261865 8
0.6773301 0.8304606 8
0.6777183 0.8346815 8
0.6781067 0.8388494 8
0.6784952 0.8429640 8
0.6788835 0.8470255 8
0.6792719 0.8510341 8
0.6796602 0.8549896 8
0.6800486 0.8588918 8
0.6804370 0.8627411 8
0.6808252 0.8665371 8
0.6812135 0.8702777 8
0.6816019 0.8739652 8
0.6819903 0.8775997 8
0.6823786 0.8811811 8
0.6827671 0.8847094 8
0.6831554 0.8881844 8
0.6835438 0.8916064 8
0.6839321 0.8949753 8
0.6843204 0.8982910 8
0.6847088 0.9015537 8
0.6850971 0.9047633 8
0.6854854 0.9079198 8
0.6858738 0.9110232 8
0.6862621 0.9140735 8
0.6866504 0.9170706 8
0.6870388 0.9200146 8
0.6874272 0.9229055 8
0.6878156 0.9257434 8
0.6882040 0.9285281 8
0.6885923 0.9312597 8
0.6889805 0.9339382 8
0.6893689 0.9365635 8
0.6897573 0.9391358 8
0.6901456 0.9416551 8
0.6905340 0.9441211 8
0.6909223 0.9465317 8
0.6913105 0.9488892 8
0.6916989 0.9511936 8
0.6920873 0.9534449 8
0.6924758 0.9556432 8
0.6928641 0.9577883 8
0.6932524 0.9598803 8
0.6936408 0.9619192 8
0.6940292 0.9639050 8
0.6944174 0.9658377 8
0.6948058 0.9677172 8
0.6951941 0.9695437 8
0.6955825 0.9713170 8
0.6959708 0.9730373 8
0.6963592 0.9747044 8
0.6967476 0.9763184 8
0.6971360 0.9778793 8
0.6975243 0.9793871 8
0.6979126 0.9808418 8
0.6983010 0.9822434 8
0.6986893 0.9835919 8
0.6990777 0.9848873 8
0.6994661 0.9861296 8
0.6998544 0.9873186 8
0.7002426 0.9884548 8
0.7006310 0.9895354 8
0.7010193 0.9905629 8
0.7014078 0.9915374 8
0.7017962 0.9924587 8
0.7021845 0.9933269 8
0.7025729 0.9941419 8
0.7029612 0.9949040 8
0.7033495 0.9956128 8
0.7037378 0.9962686 8
0.7041262 0.9968713 8
0.7045145 0.9974208 8
0.7049029 0.9979172 8
0.7052913 0.9983605 8
0.7056795 0.9987508 8
0.7060679 0.9990880 8
0.7064563 0.9993719 8
0.7068447 0.9996028 8
0.7072331 0.9997806 8
0.7076214 0.9999054 8
0.7080097 0.9999770 8
0.7083981 0.9999955 0
0.7087864 0.9999615 0
0.7091747 0.9998755 0
0.7095631 0.9997373 0
0.7099514 0.9995470 0
0.7103397 0.9993026 0
0.7107282 0.9990059 0
0.7111166 0.9986572 0
0.7115050 0.9982564 0
0.7118932 0.9978036 0
0.7122815 0.9972986 0
0.7126699 0.9967415 0
0.7130583 0.9961324 0
0.7134466 0.9954711 0
0.7138350 0.9947579 0
0.7142233 0.9939926 0
0.7146115 0.9931750 0
0.7149999 0.9923055 0
0.7153883 0.9913839 0
0.7157767 0.9904102 0
0.7161651 0.9893845 0
0.7165534 0.9883065 0
0.7169418 0.9871766 0
0.7173302 0.9859945 0
0.7177184 0.9847604 0
0.7181067 0.9834742 0
0.7184951 0.9821359 0
0.7188835 0.9807455 0
0.7192718 0.9793030 0
0.7196602 0.9778086 0
0.7200486 0.9762596 0
0.7204370 0.9746588 0
0.7208253 0.9730058 0
0.7212136 0.9713005 0
0.7216020 0.9695434 0
0.7219903 0.9677342 0
0.7223786 0.9658728 0
0.7227670 0.9639593 0
0.7231553 0.9619938 0
0.7235436 0.9599762 0
0.7239320 0.9579066 0
0.7243204 0.9557848 0
0.7247088 0.9536109 0
0.7250972 0.9513850 0
0.7254855 0.9491069 0
0.7258739 0.9467768 0
0.7262622 0.9443948 0
0.7266505 0.9419605 0
0.7270388 0.9394741 0
0.7274272 0.9369357 0
0.7278155 0.9343451 0
0.7282039 0.9317025 0
0.7285923 0.9290080 0
0.7289805 0.9262612 0
0.7293690 0.9234624 0
0.7297573 0.9206092 0
0.7301456 0.9177039 0
0.7305340 0.9147465 0
0.7309224 0.9117371 0
0.7313106 0.9086756 0
0.7316990 0.9055621 0
0.7320873 0.9023964 0
0.7324757 0.8991786 0
0.7328640 0.8959087 0
0.7332524 0.8925868 0
0.7336407 0.8892128 0
0.7340291 0.8857867 0
0.7344175 0.8823085 0
0.7348058 0.8787783 0
0.7351942 0.8751960 0
0.7355825 0.8715616 0
0.7359709 0.8678752 0
0.7363593 0.8641365 0
0.7367476 0.8603459 0
0.7371358 0.8565032 0
0.7375242 0.8526083 0
0.7379125 0.8486615 0
0.7383009 0.8446624 0
0.7386894 0.8406114 0
0.7390777 0.8365083 0
0.7394661 0.8323507 0
0.7398544 0.8281413 0
0.7402427 0.8238796 0
0.7406311 0.8195658 0
0.7410194 0.8152000 0
0.7414077 0.8107820 0
0.7417961 0.8063121 0
0.7421845 0.8017900 0
0.7425727 0.7972159 0
0.7429612 0.7925897 0
0.7433496 0.7879113 0
0.7437379 0.7831809 0
0.7441263 0.7783985 0
0.7445146 0.7735640 0
0.7449029 0.7686773 0
0.7452913 0.7637385 0
0.7456796 0.7587478 0
0.7460679 0.7537049 0
0.7464563 0.7486099 0
0.7468446 0.7434629 0
0.7472329 0.7382638 0
0.7476214 0.7330126 0
0.7480098 0.7277093 0
0.7483982 0.7223539 0
0.7487864 0.7169464 0
0.7491747 0.7114846 0
0.7495631 0.7059708 0
0.7499515 0.7004048 241
0.7500000 0.6948309 241
0.7500000 0.6892564 243
0.7500000 0.6836819 243
0.7500000 0.6781075 241
0.7500000 0.6725330 241
0.7500000 0.6669586 241
0.7500000 0.6613842 241
0.7500000 0.6558097 243
0.7500000 0.6502353 243
0.7500000 0.6446609 243
0.7500000 0.6390865 241
0.7500000 0.6335120 241
0.7500000 0.6279376 241
0.7500000 0.6223631 241
0.7500000 0.6167886 243
0.7500000 0.6112142 243
0.7500000 0.6056398 241
0.7500000 0.6000652 241
0.7500000 0.5944909 241
0.7500000 0.5889165 241
0.7500000 0.5833420 243
0.7500000 0.5777676 243
0.7500000 0.5721931 241
0.7500000 0.5666186 241
0.7500000 0.5610442 241
0.7500000 0.5554699 241
0.7500000 0.5498954 243
0.7500000 0.5443209 243
0.7500000 0.5387465 241
0.7500000 0.5331720 241
0.7500000 0.5275976 241
0.7500000 0.5220232 241
0.7500000 0.5164487 243
0.7500000 0.5108742 243
0.7500000 0.5052998 243
0.7500000 0.4997255 241
0.7500000 0.4941510 241
0.7500000 0.4885766 241
0.7500000 0.4830021 241
0.7500000 0.4774276 243
0.7500000 0.4718532 243
0.7500000 0.4662788 241
0.7500000 0.4607043 241
0.7500000 0.4551298 241
0.7500000 0.4495555 241
0.7500000 0.4439810 243
0.7500000 0.4384066 243
0.7500000 0.4328322 241
0.7500000 0.4272576 241
0.7500000 0.4216832 241
0.7500000 0.4161088 241
0.7500000 0.4105343 243
0.7500000 0.4049600 243
0.7500000 0.3993855 241
0.7500000 0.3938110 241
0.7500000 0.3882366 241
0.7500000 0.3826622 241
0.7500000 0.3770877 243
0.7500000 0.3715132 243
0.7500000 0.3659388 243
0.7500000 0.3603644 241
0.7500000 0.3547900 241
0.7500000 0.3492156 241
0.7500000 0.3436411 241
0.7500000 0.3380666 243
0.7500000 0.3324921 243
0.7500000 0.3269177 241
0.7500000 0.3213432 241
0.7500000 0.3157688 241
0.7500000 0.3101944 241
0.7500000 0.3046199 243
0.7500000 0.2990454 243
0.7500000 0.2934712 241
0.7500000 0.2878966 241
0.7500000 0.2823222 241
0.7500000 0.2767477 241
0.7500000 0.2711733 243
0.7500000 0.2655988 243
0.7500000 0.2600244 241
0.7500000 0.2544499 241
0.7500000 0.2488756 241
0.7500000 0.2433011 241
0.7500000 0.2377266 243
0.7500000 0.2321522 243
0.7500000 0.2265778 243
0.7500000 0.2210034 241
0.7500000 0.2154289 241
0.7500000 0.2098545 241
0.7500000 0.2042800 241
0.7500000 0.1987056 243
0.7500000 0.1931312 243
0.7500000 0.1875567 241
0.7500000 0.1819822 241
0.7500000 0.1764078 241
0.7500000 0.1708334 241
0.7500000 0.1652589 243
0.7500000 0.1596844 243
0.7500000 0.1541102 241
0.7500000 0.1485356 241
0.7500000 0.1429612 241
0.7500000 0.1373868 241
0.7500000 0.1318123 243
0.7500000 0.1262378 243
0.7500000 0.1206634 241
0.7500000 0.1150889 241
0.7500000 0.1095145 241
0.7500000 0.1039400 241
0.7500000 0.0983656 243
0.7500000 0.0927912 243
0.7500000 0.0872168 243
0.7500000 0.0816424 241
0.7500000 0.0760679 241
0.7500000 0.0704935 241
0.7500000 0.0649190 241
0.7500000 0.0593445 243
0.7500000 0.0537701 243
0.7500000 0.0481957 241
0.7500000 0.0426212 241
0.7500000 0.0370468 241
0.7500000 0.0314724 241
0.7500000 0.0258979 243
0.7500000 0.0203235 243
0.7500000 0.0147491 241
0.7500000 0.0091745 241
0.7500000 0.0036001 241
0.7500000 -0.0019743 241
0.7500000 -0.0075488 243
0.7500000 -0.0131232 243
0.7500000 -0.0186976 241
0.7500000 -0.0242721 241
0.7500000 -0.0298465 241
0.7500000 -0.0354209 241
0.7500000 -0.0409954 243
0.7500000 -0.0465699 243
0.7500000 -0.0521443 243
0.7500000 -0.0577187 241
0.7500000 -0.0632932 241
0.7500000 -0.0688676 241
0.7500000 -0.0744420 241
0.7500000 -0.0800165 243
0.7500000 -0.0855909 243
0.7500000 -0.0911653 241
0.7500000 -0.0967398 241
0.7500000 -0.1023143 241
0.7500000 -0.1078886 241
0.7500000 -0.1134632 243
0.7500000 -0.1190376 243
0.7500000 -0.1246120 241
0.7500000 -0.1301865 241
0.7500000 -0.1357609 241
0.7500000 -0.1413353 241
0.7500000 -0.1469098 243
0.7500000 -0.1524843 243
0.7500000 -0.1580587 241
0.7500000 -0.1636331 241
0.7500000 -0.1692076 241
0.7500000 -0.1747820 241
0.7500000 -0.1803565 243
0.7500000 -0.1859309 243
0.7500000 -0.1915053 243
0.7500000 -0.1970797 241
0.7500000 -0.2026542 241
0.7500000 -0.2082286 241
0.7500000 -0.2138030 241
0.7500000 -0.2193775 243
0.7500000 -0.2249519 243
0.7500000 -0.2305264 241
0.7500000 -0.2361008 241
0.7500000 -0.2416753 241
0.7500000 -0.2472497 241
0.7500000 -0.2528241 243
0.7500000 -0.2583986 243
0.7500000 -0.2639730 241
0.7500000 -0.2695475 241
0.7500000 -0.2751219 241
0.7500000 -0.2806963 241
0.7500000 -0.2862708 243
0.7500000 -0.2918452 243
0.7500000 -0.2974197 241
0.7500000 -0.3029941 241
0.7500000 -0.3085685 241
0.7500000 -0.3141429 241
0.7500000 -0.3197174 243
0.7500000 -0.3252919 243
0.7500000 -0.3308663 243
0.7500000 -0.3364407 241
0.7500000 -0.3420152 241
0.7500000 -0.3475897 241
0.7500000 -0.3531641 241
0.7500000 -0.3587385 243
0.7500000 -0.3643129 243
0.7500000 -0.3698874 241
0.7500000 -0.3754619 241
0.7500000 -0.3810363 241
0.7500000 -0.3866107 241
0.7500000 -0.3921852 243
0.7500000 -0.3977596 243
0.7500000 -0.4033341 241
0.7500000 -0.4089085 241
0.7500000 -0.4144829 241
0.7500000 -0.4200573 241
0.7500000 -0.4256318 243
0.7500000 -0.4312063 243
0.7500000 -0.4367807 241
0.7500000 -0.4423552 241
0.7500000 -0.4479296 241
0.7500000 -0.4535040 241
0.7500000 -0.4590784 243
0.7500000 -0.4646529 243
0.7500000 -0.4702273 243
0.7500000 -0.4758017 241
0.7500000 -0.4813762 241
0.7500000 -0.4869506 241
0.7500000 -0.4925251 241
0.7500000 -0.4980996 243
0.7500000 -0.5036740 243
0.7500000 -0.5092483 241
0.7500000 -0.5148228 241
0.7500000 -0.5203973 241
0.7500000 -0.5259717 241
0.7500000 -0.5315462 243
0.7500000 -0.5371206 243
0.7500000 -0.5426950 241
0.7500000 -0.5482696 241
0.7500000 -0.5538440 241
0.7500000 -0.5594183 241
0.7500000 -0.5649928 243
0.7500000 -0.5705672 243
0.7500000 -0.5761417 241
0.7500000 -0.5817162 241
0.7500000 -0.5872906 241
0.7500000 -0.5928650 241
0.7500000 -0.5984395 243
0.7500000 -0.6040140 243
0.7500000 -0.6095884 243
0.7500000 -0.6151627 241
0.7500000 -0.6207372 241
0.7500000 -0.6263116 241
0.7500000 -0.6318861 241
0.7500000 -0.6374606 243
0.7500000 -0.6430350 243
0.7500000 -0.6486094 241
0.7500000 -0.6541838 241
0.7500000 -0.6597584 241
0.7500000 -0.6653327 241
0.7500000 -0.6709072 243
0.7500000 -0.6764816 243
0.7500000 -0.6820560 241
0.7500000 -0.6876306 241
0.7500000 -0.6932050 0
0.7503398 -0.6987794 0
0.7507282 -0.7043959 0
0.7511165 -0.7099768 0
0.7515048 -0.7155047 0
0.7518931 -0.7209794 0
0.7522815 -0.7264010 0
0.7526700 -0.7317696 0
0.7530583 -0.7370850 0
0.7534466 -0.7423474 0
0.7538350 -0.7475566 0
0.7542233 -0.7527127 0
0.7546116 -0.7578157 0
0.7550000 -0.7628655 0
0.7553883 -0.7678623 0
0.7557767 -0.7728060 0
0.7561650 -0.7776965 0
0.7565534 -0.7825340 0
0.7569417 -0.7873183 0
0.7573302 -0.7920495 0
0.7577185 -0.7967277 0
0.7581068 -0.8013527 0
0.7584952 -0.8059247 0
0.7588835 -0.8104411 0
0.7592718 -0.8149045 0
0.7596602 -0.8193148 0
0.7600485 -0.8236720 0
0.7604368 -0.8279760 0
0.7608252 -0.8322270 0
0.7612135 -0.8364248 0
0.7616020 -0.8405696 0
0.7619904 -0.8446612 0
0.7623787 -0.8486997 0
0.7627671 -0.8526851 0
0.7631554 -0.8566174 0
0.7635437 -0.8604967 0
0.7639320 -0.8643227 0
0.7643204 -0.8680957 0
0.7647087 -0.8718156 0
0.7650971 -0.8754823 0
0.7654854 -0.8790960 0
0.7658737 -0.8826565 0
0.7662622 -0.8861640 0
0.7666505 -0.8896182 0
0.7670389 -0.8930196 0
0.7674273 -0.8963677 0
0.7678156 -0.8996627 0
0.7682039 -0.9029046 0
0.7685923 -0.9060910 0
0.7689805 -0.9092244 0
0.7693689 -0.9123046 0
0.7697573 -0.9153319 0
0.7701456 -0.9183059 0
0.7705339 -0.9212269 0
0.7709224 -0.9240947 0
0.7713107 -0.9269094 0
0.7716990 -0.9296710 0
0.7720874 -0.9323796 0
0.7724757 -0.9350350 0
0.7728641 -0.9376372 0
0.7732525 -0.9401865 0
0.7736407 -0.9426826 0
0.7740290 -0.9451255 0
0.7744174 -0.9475153 0
0.7748057 -0.9498521 0
0.7751941 -0.9521358 0
0.7755825 -0.9543663 0
0.7759709 -0.9565438 0
0.7763593 -0.9586681 0
0.7767476 -0.9607392 0
0.7771359 -0.9627573 0
0.7775243 -0.9647224 0
0.7779126 -0.9666343 0
0.7783009 -0.9684907 0
0.7786893 -0.9702941 0
0.7790777 -0.9720444 0
0.7794659 -0.9737415 0
0.7798543 -0.9753855 0
0.7802427 -0.9769765 0
0.7806311 -0.9785143 0
0.7810195 -0.9799990 0
0.7814078 -0.9814306 0
0.7817962 -0.9828092 0
0.7821845 -0.9841345 0
0.7825728 -0.9854068 0
0.7829611 -0.9866260 0
0.7833495 -0.9877921 0
0.7837378 -0.9889051 0
0.7841262 -0.9899649 0
0.7845146 -0.9909716 0
0.7849030 -0.9919253 0
0.7852914 -0.9928258 0
0.7856797 -0.9936732 0
0.7860679 -0.9944676 0
0.7864563 -0.9952087 0
0.7868447 -0.9958968 0
0.7872330 -0.9965318 0
0.7876214 -0.9971137 0
0.7880097 -0.9976402 0
0.7883979 -0.9981135 0
0.7887863 -0.9985337 0
0.7891747 -0.9989009 0
0.7895632 -0.9992149 0
0.7899515 -0.9994758 0
0.7903398 -0.9996836 0
0.7907282 -0.9998383 0
0.7911165 -0.9999400 0
0.7915048 -0.9999885 8
0.7918932 -0.9999842 8
0.7922815 -0.9999276 8
0.7926699 -0.9998188 8
0.7930582 -0.9996580 8
0.7934466 -0.9994452 8
0.7938350 -0.9991803 8
0.7942234 -0.9988633 8
0.7946117 -0.9984942 8
0.7950000 -0.9980730 8
0.7953884 -0.9975997 8
0.7957767 -0.9970744 8
0.7961651 -0.9964970 8
0.7965535 -0.9958674 8
0.7969417 -0.9951858 8
0.7973300 -0.9944522 8
0.7977184 -0.9936641 8
0.7981067 -0.9928240 8
0.7984951 -0.9919319 8
0.7988835 -0.9909876 8
0.7992719 -0.9899913 8
0.7996603 -0.9889428 8
0.8000486 -0.9878423 8
0.8004369 -0.9866897 8
0.8008252 -0.9854850 8
0.8012136 -0.9842283 8
0.8016019 -0.9829194 8
0.8019903 -0.9815585 8
0.8023786 -0.9801455 8
0.8027669 -0.9786804 8
0.8031553 -0.9771632 8
0.8035437 -0.9755940 8
0.8039321 -0.9739727 8
0.8043205 -0.9722993 8
0.8047088 -0.9705737 8
0.8050971 -0.9687962 8
0.8054855 -0.9669665 8
0.8058737 -0.9650848 8
0.8062621 -0.9631510 8
0.8066505 -0.9611650 8
0.8070388 -0.9591271 8
0.8074271 -0.9570348 8
0.8078156 -0.9548903 8
0.8082040 -0.9526938 8
0.8085924 -0.9504452 8
0.8089806 -0.9481446 8
0.8093689 -0.9457919 8
0.8097573 -0.9433871 8
0.8101457 -0.9409302 8
0.8105340 -0.9384212 8
0.8109224 -0.9358600 8
0.8113107 -0.9332469 8
0.8116989 -0.9305817 8
0.8120873 -0.9278644 8
0.8124757 -0.9250950 8
0.8128641 -0.9222735 8
0.8132525 -0.9194000 8
0.8136408 -0.9164743 8
0.8140291 -0.9134966 8
0.8144175 -0.9104668 8
0.8148058 -0.9073849 8
0.8151941 -0.9042509 8
0.8155825 -0.9010649 8
0.8159709 -0.8978267 8
0.8163591 -0.8945364 8
0.8167475 -0.8911942 8
0.8171358 -0.8877975 8
0.8175243 -0.8843488 8
0.8179127 -0.8808480 8
0.8183010 -0.8772951 8
0.8186894 -0.8736901 8
0.8190777 -0.8700331 8
0.8194660 -0.8663240 8
0.8198543 -0.8625627 8
0.8202427 -0.8587495 8
0.8206310 -0.8548841 8
0.8210194 -0.8509666 8
0.8214077 -0.8469971 8
0.8217962 -0.8429754 8
0.8221846 -0.8389018 8
0.8225729 -0.8347760 8
0.8229612 -0.8305981 8
0.8233495 -0.8263682 8
0.8237379 -0.8220861 8
0.8241262 -0.8177520 8
0.8245146 -0.8133658 8
0.8249029 -0.8089275 8
0.8252912 -0.8044372 8
0.8256796 -0.7998947 8
0.8260679 -0.7953002 8
0.8264564 -0.7906536 8
0.8268447 -0.7859526 8
0.8272330 -0.7811996 8
0.8276214 -0.7763945 8
0.8280098 -0.7715373 8
0.8283980 -0.7666280 8
0.8287864 -0.7616667 8
0.8291747 -0.7566532 8
0.8295631 -0.7515876 8
0.8299514 -0.7464700 8
0.8303398 -0.7413003 8
0.8307281 -0.7360786 8
0.8311164 -0.7308048 8
0.8315049 -0.7254788 8
0.8318932 -0.7201008 8
0.8322816 -0.7146706 8
0.8326699 -0.7091885 8
0.8330583 -0.7036543 8
0.8333334 -0.6980826 249
0.8333334 -0.6925082 249
0.8333334 -0.6869337 251
0.8333334 -0.6813592 251
0.8333334 -0.6757848 249
0.8333334 -0.6702104 249
0.8333334 -0.6646359 249
0.8333334 -0.6590616 249
0.8333334 -0.6534870 251
0.8333334 -0.6479126 251
0.8333334 -0.6423382 249
0.8333334 -0.6367638 249
0.8333334 -0.6311893 249
0.8333334 -0.6256148 249
0.8333334 -0.6200404 251
0.8333334 -0.6144659 251
0.8333334 -0.6088916 249
0.8333334 -0.6033171 249
0.8333334 -0.5977426 249
0.8333334 -0.5921682 249
0.8333334 -0.5865938 249
0.8333334 -0.5810194 251
0.8333334 -0.5754449 251
0.8333334 -0.5698704 249
0.8333334 -0.5642960 249
0.8333334 -0.5587216 249
0.8333334 -0.5531472 249
0.8333334 -0.5475727 251
0.8333334 -0.5419982 251
0.8333334 -0.5364238 249
0.8333334 -0.5308494 249
0.8333334 -0.5252749 249
0.8333334 -0.5197005 249
0.8333334 -0.5141260 251
0.8333334 -0.5085515 251
0.8333334 -0.5029772 249
0.8333334 -0.4974028 249
0.8333334 -0.4918283 249
0.8333334 -0.4862538 249
0.8333334 -0.4806794 251
0.8333334 -0.4751049 251
0.8333334 -0.4695305 249
0.8333334 -0.4639561 249
0.8333334 -0.4583816 249
0.8333334 -0.4528072 249
0.8333334 -0.4472328 249
0.8333334 -0.4416584 251
0.8333334 -0.4360839 251
0.8333334 -0.4305095 249
0.8333334 -0.4249350 249
0.8333334 -0.4193605 249
0.8333334 -0.4137861 249
0.8333334 -0.4082117 251
0.8333334 -0.4026373 251
0.8333334 -0.3970628 249
0.8333334 -0.3914884 249
0.8333334 -0.3859139 249
0.8333334 -0.3803395 249
0.8333334 -0.3747651 251
0.8333334 -0.3691905 251
0.8333334 -0.3636161 249
0.8333334 -0.3580417 249
0.8333334 -0.3524673 249
0.8333334 -0.3468928 249
0.8333334 -0.3413184 251
0.8333334 -0.3357439 251
0.8333334 -0.3301695 249
0.8333334 -0.3245950 249
0.8333334 -0.3190205 249
0.8333334 -0.3134461 249
0.8333334 -0.3078717 249
0.8333334 -0.3022972 251
0.8333334 -0.2967228 251
0.8333334 -0.2911484 249
0.8333334 -0.2855740 249
0.8333334 -0.2799995 249
0.8333334 -0.2744250 249
0.8333334 -0.2688506 251
0.8333334 -0.2632761 251
0.8333334 -0.2577017 249
0.8333334 -0.2521273 249
0.8333334 -0.2465529 249
0.8333334 -0.2409784 249
0.8333334 -0.2354040 251
0.8333334 -0.2298295 251
0.8333334 -0.2242551 249
0.8333334 -0.2186807 249
0.8333334 -0.2131062 249
0.8333334 -0.2075317 249
0.8333334 -0.2019573 251
0.8333334 -0.1963829 251
0.8333334 -0.1908085 249
0.8333334 -0.1852340 249
0.8333334 -0.1796595 249
0.8333334 -0.1740851 249
0.8333334 -0.1685107 249
0.8333334 -0.1629363 251
0.8333334 -0.1573619 251
0.8333334 -0.1517875 249
0.8333334 -0.1462130 249
0.8333334 -0.1406385 249
0.8333334 -0.1350641 249
0.8333334 -0.1294896 251
0.8333334 -0.1239151 251
0.8333334 -0.1183407 249
0.8333334 -0.1127663 249
0.8333334 -0.1071918 249
0.8333334 -0.1016173 249
0.8333334 -0.0960430 251
0.8333334 -0.0904685 251
0.8333334 -0.0848941 249
0.8333334 -0.0793197 249
0.8333334 -0.0737452 249
0.8333334 -0.0681707 249
0.8333334 -0.0625963 251
0.8333334 -0.0570218 251
0.8333334 -0.0514475 249
0.8333334 -0.0458730 249
0.8333334 -0.0402985 249
0.8333334 -0.0347241 249
0.8333334 -0.0291497 249
0.8333334 -0.0235753 251
0.8333334 -0.0180008 251
0.8333334 -0.0124264 249
0.8333334 -0.0068519 249
0.8333334 -0.0012774 249
0.8333334 0.0042971 249
0.8333334 0.0098714 251
0.8333334 0.0154459 251
0.8333334 0.0210203 249
0.8333334 0.0265947 249
0.8333334 0.0321692 249
0.8333334 0.0377436 249
0.8333334 0.0433181 251
0.8333334 0.0488926 251
0.8333334 0.0544671 249
0.8333334 0.0600414 249
0.8333334 0.0656159 249
0.8333334 0.0711903 249
0.8333334 0.0767647 251
0.8333334 0.0823392 251
0.8333334 0.0879136 249
0.8333334 0.0934880 249
0.8333334 0.0990625 249
0.8333334 0.1046369 249
0.8333334 0.1102114 249
0.8333334 0.1157858 251
0.8333334 0.1213603 251
0.8333334 0.1269347 249
0.8333334 0.1325091 249
0.8333334 0.1380836 249
0.8333334 0.1436580 249
0.8333334 0.1492325 251
0.8333334 0.1548070 251
0.8333334 0.1603813 249
0.8333334 0.1659557 249
0.8333334 0.1715303 249
0.8333334 0.1771047 249
0.8333334 0.1826791 251
0.8333334 0.1882536 251
0.8333334 0.1938280 249
0.8333334 0.1994023 249
0.8333334 0.2049768 249
0.8333334 0.2105513 249
0.8333334 0.2161257 251
0.8333334 0.2217002 251
0.8333334 0.2272747 249
0.8333334 0.2328491 249
0.8333334 0.2384236 249
0.8333334 0.2439980 249
0.8333334 0.2495724 249
0.8333334 0.2551467 251
0.8333334 0.2607212 251
0.8333334 0.2662956 249
0.8333334 0.2718701 249
0.8333334 0.2774446 249
0.8333334 0.2830191 249
0.8333334 0.2885935 251
0.8333334 0.2941680 251
0.8333334 0.2997424 249
0.8333334 0.3053167 249
0.8333334 0.3108912 249
0.8333334 0.3164656 249
0.8333334 0.3220401 251
0.8333334 0.3276146 251
0.8333334 0.3331890 249
0.8333334 0.3387634 249
0.8333334 0.3443379 249
0.8333334 0.3499124 249
0.8333334 0.3554868 251
0.8333334 0.3610612 251
0.8333334 0.3666356 249
0.8333334 0.3722101 249
0.8333334 0.3777846 249
0.8333334 0.3833590 249
0.8333334 0.3889334 249
0.8333334 0.3945078 251
0.8333334 0.4000823 251
0.8333334 0.4056568 249
0.8333334 0.4112311 249
0.8333334 0.4168056 249
0.8333334 0.4223800 249
0.8333334 0.4279545 251
0.8333334 0.4335290 251
0.8333334 0.4391034 249
0.8333334 0.4446778 249
0.8333334 0.4502523 249
0.8333334 0.4558266 249
0.8333334 0.4614011 251
0.8333334 0.4669756 251
0.8333334 0.4725500 249
0.8333334 0.4781244 249
0.8333334 0.4836989 249
0.8333334 0.4892734 249
0.8333334 0.4948478 251
0.8333334 0.5004223 251
0.8333334 0.5059966 249
0.8333334 0.5115710 249
0.8333334 0.5171455 249
0.8333334 0.5227200 249
0.8333334 0.5282944 249
0.8333334 0.5338688 251
0.8333334 0.5394433 251
0.8333334 0.5450177 249
0.8333334 0.5505922 249
0.8333334 0.5561666 249
0.8333334 0.5617410 249
0.8333334 0.5673154 251
0.8333334 0.5728899 251
0.8333334 0.5784644 249
0.8333334 0.5840388 249
0.8333334 0.5896133 249
0.8333334 0.5951877 249
0.8333334 0.6007622 251
0.8333334 0.6063367 251
0.8333334 0.6119110 249
0.8333334 0.6174854 249
0.8333334 0.6230599 249
0.8333334 0.6286344 249
0.8333334 0.6342088 251
0.8333334 0.6397833 251
0.8333334 0.6453577 249
0.8333334 0.6509321 249
0.8333334 0.6565066 249
0.8333334 0.6620810 249
0.8333334 0.6676554 249
0.8333334 0.6732298 251
0.8333334 0.6788043 251
0.8333334 0.6843787 249
0.8333334 0.6899532 249
0.8334467 0.6955277 8
0.8338350 0.7011147 8
0.8342232 0.7067279 8
0.8346116 0.7122882 8
0.8349999 0.7177952 8
0.8353883 0.7232492 8
0.8357768 0.7286500 8
0.8361651 0.7339978 8
0.8365535 0.7392902 8
0.8369417 0.7445294 8
0.8373301 0.7497154 8
0.8377185 0.7548485 8
0.8381068 0.7599285 8
0.8384951 0.7649552 8
0.8388835 0.7699289 8
0.8392718 0.7748495 8
0.8396601 0.7797170 8
0.8400485 0.7845313 8
0.8404369 0.7892925 8
0.8408253 0.7940007 8
0.8412137 0.7986557 8
0.8416020 0.8032577 8
0.8419903 0.8078066 8
0.8423787 0.8123023 8
0.8427669 0.8167448 8
0.8431553 0.8211343 8
0.8435437 0.8254707 8
0.8439320 0.8297540 8
0.8443203 0.8339841 8
0.8447088 0.8381613 8
0.8450972 0.8422852 8
0.8454856 0.8463559 8
0.8458738 0.8503737 8
0.8462621 0.8543361 8
0.8466505 0.8582452 8
0.8470389 0.8621014 8
0.8474272 0.8659044 8
0.8478156 0.8696543 8
0.8482038 0.8733510 8
0.8485921 0.8769947 8
0.8489805 0.8805853 8
0.8493689 0.8841228 8
0.8497574 0.8876071 8
0.8501457 0.8910384 8
0.8505340 0.8944165 8
0.8509224 0.8977415 8
0.8513107 0.9010134 8
0.8516990 0.9042322 8
0.8520874 0.9073979 8
0.8524757 0.9105105 8
0.8528641 0.9135701 8
0.8532524 0.9165765 8
0.8536408 0.9195297 8
0.8540291 0.9224299 8
0.8544175 0.9252769 8
0.8548059 0.9280709 8
0.8551942 0.9308117 8
0.8555826 0.9334995 8
0.8559709 0.9361317 8
0.8563591 0.9387110 8
0.8567475 0.9412371 8
0.8571359 0.9437101 8
0.8575242 0.9461299 8
0.8579126 0.9484967 8
0.8583009 0.9508103 8
0.8586893 0.9530709 8
0.8590777 0.9552784 8
0.8594660 0.9574327 8
0.8598544 0.9595339 8
0.8602427 0.9615820 8
0.8606311 0.9635771 8
0.8610194 0.9655191 8
0.8614078 0.9674078 8
0.8617961 0.9692435 8
0.8621844 0.9710261 8
0.8625728 0.9727556 8
0.8629611 0.9744319 8
0.8633494 0.9760551 8
0.8637379 0.9776253 8
0.8641263 0.9791424 8
0.8645147 0.9806063 8
0.8649030 0.9820171 8
0.8652912 0.9833748 8
0.8656796 0.9846771 8
0.8660679 0.9859264 8
0.8664563 0.9871224 8
0.8668447 0.9882654 8
0.8672330 0.9893553 8
0.8676212 0.9903920 8
0.8680098 0.9913757 8
0.8683981 0.9923063 8
0.8687864 0.9931837 8
0.8691748 0.9940080 8
0.8695631 0.9947793 8
0.8699515 0.9954973 8
0.8703399 0.9961623 8
0.8707281 0.9967743 8
0.8711164 0.9973331 8
0.8715048 0.9978387 8
0.8718931 0.9982913 8
0.8722815 0.9986908 8
0.8726699 0.9990372 8
0.8730583 0.9993304 8
0.8734467 0.9995705 8
0.8738349 0.9997575 8
0.8742233 0.9998915 8
0.8746117 0.9999724 8
0.8750000 1.0000000 0
0.8753883 0.9999728 0
0.8757767 0.9998936 0
0.8761651 0.9997622 0
0.8765533 0.9995787 0
0.8769417 0.9993433 0
0.8773301 0.9990557 0
0.8777185 0.9987161 0
0.8781069 0.9983244 0
0.8784952 0.9978806 0
0.8788836 0.9973847 0
0.8792719 0.9968366 0
0.8796601 0.9962365 0
0.8800485 0.9955844 0
0.8804369 0.9948802 0
0.8808252 0.9941239 0
0.8812136 0.9933154 0
0.8816019 0.9924549 0
0.8819902 0.9915424 0
0.8823788 0.9905777 0
0.8827670 0.9895611 0
0.8831553 0.9884922 0
0.8835437 0.9873713 0
0.8839321 0.9861983 0
0.8843204 0.9849733 0
0.8847088 0.9836961 0
0.8850970 0.9823646 0
0.8854853 0.9809810 0
0.8858737 0.9795453 0
0.8862621 0.9780577 0
0.8866506 0.9765178 0
0.8870389 0.9749260 0
0.8874272 0.9732820 0
0.8878156 0.9715859 0
0.8882039 0.9698378 0
0.8885922 0.9680376 0
0.8889806 0.9661853 0
0.8893689 0.9642809 0
0.8897573 0.9623244 0
0.8901456 0.9603159 0
0.8905340 0.9582553 0
0.8909223 0.9561426 0
0.8913107 0.9539777 0
0.8916991 0.9517609 0
0.8920874 0.9494919 0
0.8924758 0.9471708 0
0.8928641 0.9447978 0
0.8932525 0.9423726 0
0.8936409 0.9398953 0
0.8940291 0.9373659 0
0.8944174 0.9347844 0
0.8948058 0.9321486 0
0.8951941 0.9294609 0
0.8955825 0.9267209 0
0.8959709 0.9239289 0
0.8963592 0.9210847 0
0.8967476 0.9181885 0
0.8971359 0.9152402 0
0.8975243 0.9122398 0
0.8979126 0.9091874 0
0.8983010 0.9060829 0
0.8986893 0.9029263 0
0.8990776 0.8997175 0
0.8994660 0.8964567 0
0.8998543 0.8931438 0
0.9002426 0.8897789 0
0.9006311 0.8863619 0
0.9010195 0.8828928 0
0.9014079 0.8793716 0
0.9017962 0.8757983 0
0.9021844 0.8721730 0
0.9025728 0.8684956 0
0.9029611 0.8647661 0
0.9033495 0.8609844 0
0.9037379 0.8571508 0
0.9041262 0.8532650 0
0.9045144 0.8493250 0
0.9049028 0.8453327 0
0.9052912 0.8412885 0
0.9056797 0.8371922 0
0.9060680 0.8330437 0
0.9064563 0.8288432 0
0.9068447 0.8245906 0
0.9072331 0.8202859 0
0.9076213 0.8159292 0
0.9080097 0.8115203 0
0.9083980 0.8070593 0
0.9087863 0.8025464 0
0.9091747 0.7979813 0
0.9095631 0.7933641 0
0.9099515 0.7886948 0
0.9103399 0.7839735 0
0.9107282 0.7792001 0
0.9111165 0.7743747 0
0.9115049 0.7694971 0
0.9118932 0.7645673 0
0.9122815 0.7595856 0
0.9126699 0.7545518 0
0.9130583 0.7494659 0
0.9134465 0.7443279 0
0.9138349 0.7391379 0
0.9142232 0.7338934 0
0.9146117 0.7285970 0
0.9150001 0.7232483 0
0.9153884 0.7178476 0
0.9157768 0.7123949 0
0.9161650 0.7068901 0
0.9165533 0.7013332 241
0.9166666 0.6957599 241
0.9166666 0.6901855 243
0.9166666 0.6846110 243
0.9166666 0.6790365 241
0.9166666 0.6734621 241
0.9166666 0.6678877 241
0.9166666 0.6623133 241
0.9166666 0.6567388 241
0.9166666 0.6511643 243
0.9166666 0.6455900 243
0.9166666 0.6400155 241
0.9166666 0.6344411 241
0.9166666 0.6288666 241
0.9166666 0.6232921 241
0.9166666 0.6177177 243
0.9166666 0.6121433 243
0.9166666 0.6065689 241
0.9166666 0.6009943 241
0.9166666 0.5954200 241
0.9166666 0.5898455 241
0.9166666 0.5842711 243
0.9166666 0.5786967 243
0.9166666 0.5731222 241
0.9166666 0.5675477 241
0.9166666 0.5619733 241
0.9166666 0.5563989 241
0.9166666 0.5508245 243
0.9166666 0.5452500 243
0.9166666 0.5396755 241
0.9166666 0.5341011 241
0.9166666 0.5285267 241
0.9166666 0.5229523 241
0.9166666 0.5173778 241
0.9166666 0.5118033 243
0.9166666 0.5062289 243
0.9166666 0.5006545 241
0.9166666 0.4950801 241
0.9166666 0.4895056 241
0.9166666 0.4839311 241
0.9166666 0.4783567 243
0.9166666 0.4727823 243
0.9166666 0.4672078 241
0.9166666 0.4616334 241
0.9166666 0.4560589 241
0.9166666 0.4504845 241
0.9166666 0.4449101 243
0.9166666 0.4393357 243
0.9166666 0.4337612 241
0.9166666 0.4281867 241
0.9166666 0.4226123 241
0.9166666 0.4170378 241
0.9166666 0.4114634 243
0.9166666 0.4058890 243
0.9166666 0.4003146 241
0.9166666 0.3947401 241
0.9166666 0.3891657 241
0.9166666 0.3835913 241
0.9166666 0.3780168 241
0.9166666 0.3724423 243
0.9166666 0.3668679 243
0.9166666 0.3612934 241
0.9166666 0.3557190 241
0.9166666 0.3501446 241
0.9166666 0.3445701 241
0.9166666 0.3389957 243
0.9166666 0.3334212 243
0.9166666 0.3278468 241
0.9166666 0.3222723 241
0.9166666 0.3166979 241
0.9166666 0.3111234 241
0.9166666 0.3055490 243
0.9166666 0.2999745 243
0.9166666 0.2944002 241
0.9166666 0.2888257 241
0.9166666 0.2832513 241
0.9166666 0.2776768 241
0.9166666 0.2721024 243
0.9166666 0.2665279 243
0.9166666 0.2609534 241
0.9166666 0.2553790 241
0.9166666 0.2498046 241
0.9166666 0.2442302 241
0.9166666 0.2386557 241
0.9166666 0.2330813 243
0.9166666 0.2275069 243
0.9166666 0.2219324 241
0.9166666 0.2163580 241
0.9166666 0.2107835 241
0.9166666 0.2052090 241
0.9166666 0.1996346 243
0.9166666 0.1940603 243
0.9166666 0.1884858 241
0.9166666 0.1829113 241
0.9166666 0.1773369 241
0.9166666 0.1717624 241
0.9166666 0.1661880 243
0.9166666 0.1606135 243
0.9166666 0.1550392 241
0.9166666 0.1494647 241
0.9166666 0.1438903 241
0.9166666 0.1383158 241
0.9166666 0.1327414 243
0.9166666 0.1271669 243
0.9166666 0.1215924 241
0.9166666 0.1160180 241
0.9166666 0.1104436 241
0.9166666 0.1048691 241
0.9166666 0.0992947 241
0.9166666 0.0937203 243
0.9166666 0.0881459 243
0.9166666 0.0825714 241
0.9166666 0.0769970 241
0.9166666 0.0714225 241
0.9166666 0.0658480 241
0.9166666 0.0602736 243
0.9166666 0.0546992 243
0.9166666 0.0491248 241
0.9166666 0.0435503 241
0.9166666 0.0379759 241
0.9166666 0.0324014 241
0.9166666 0.0268270 243
0.9166666 0.0212526 243
0.9166666 0.0156781 241
0.9166666 0.0101036 241
0.9166666 0.0045292 241
0.9166666 -0.0010453 241
0.9166666 -0.0066197 243
0.9166666 -0.0121941 243
0.9166666 -0.0177686 241
0.9166666 -0.0233430 241
0.9166666 -0.0289175 241
0.9166666 -0.0344918 241
0.9166666 -0.0400663 241
0.9166666 -0.0456408 243
0.9166666 -0.0512152 243
0.9166666 -0.0567897 241
0.9166666 -0.0623641 241
0.9166666 -0.0679385 241
0.9166666 -0.0735130 241
0.9166666 -0.0790874 243
0.9166666 -0.0846618 243
0.9166666 -0.0902363 241
0.9166666 -0.0958107 241
0.9166666 -0.1013852 241
0.9166666 -0.1069596 241
0.9166666 -0.1125341 243
0.9166666 -0.1181085 243
0.9166666 -0.1236830 241
0.9166666 -0.1292574 241
0.9166666 -0.1348318 241
0.9166666 -0.1404063 241
0.9166666 -0.1459807 243
0.9166666 -0.1515552 243
0.9166666 -0.1571296 241
0.9166666 -0.1627040 241
0.9166666 -0.1682785 241
0.9166666 -0.1738529 241
0.9166666 -0.1794274 241
0.9166666 -0.1850018 243
0.9166666 -0.1905762 243
0.9166666 -0.1961507 241
0.9166666 -0.2017251 241
0.9166666 -0.2072995 241
0.9166666 -0.2128740 241
0.9166666 -0.2184484 243
0.9166666 -0.2240228 243
0.9166666 -0.2295974 241
0.9166666 -0.2351717 241
0.9166666 -0.2407462 241
0.9166666 -0.2463207 241
0.9166666 -0.2518950 243
0.9166666 -0.2574695 243
0.9166666 -0.2630440 241
0.9166666 -0.2686184 241
0.9166666 -0.2741928 241
0.9166666 -0.2797673 241
0.9166666 -0.2853417 243
0.9166666 -0.2909161 243
0.9166666 -0.2964906 241
0.9166666 -0.3020650 241
0.9166666 -0.3076394 241
0.9166666 -0.3132138 241
0.9166666 -0.3187883 241
0.9166666 -0.3243628 243
0.9166666 -0.3299372 243
0.9166666 -0.3355117 241
0.9166666 -0.3410861 241
0.9166666 -0.3466606 241
0.9166666 -0.3522351 241
0.9166666 -0.3578094 243
0.9166666 -0.3633838 243
0.9166666 -0.3689583 241
0.9166666 -0.3745328 241
0.9166666 -0.3801072 241
0.9166666 -0.3856817 241
0.9166666 -0.3912561 243
0.9166666 -0.3968305 243
0.9166666 -0.4024050 241
0.9166666 -0.4079794 241
0.9166666 -0.4135538 241
0.9166666 -0.4191283 241
0.9166666 -0.4247027 243
0.9166666 -0.4302772 243
0.9166666 -0.4358517 241
0.9166666 -0.4414261 241
0.9166666 -0.4470005 241
0.9166666 -0.4525749 241
0.9166666 -0.4581493 241
0.9166666 -0.4637238 243
0.9166666 -0.4692982 243
0.9166666 -0.4748727 241
0.9166666 -0.4804471 241
0.9166666 -0.4860216 241
0.9166666 -0.4915961 241
0.9166666 -0.4971705 243
0.9166666 -0.5027449 243
0.9166666 -0.5083193 241
0.9166666 -0.5138937 241
0.9166666 -0.5194682 241
0.9166666 -0.5250427 241
0.9166666 -0.5306171 243
0.9166666 -0.5361915 243
0.9166666 -0.5417660 241
0.9166666 -0.5473405 241
0.9166666 -0.5529149 241
0.9166666 -0.5584893 241
0.9166666 -0.5640637 243
0.9166666 -0.5696381 243
0.9166666 -0.5752126 241
0.9166666 -0.5807871 241
0.9166666 -0.5863615 241
0.9166666 -0.5919359 241
0.9166666 -0.5975104 241
0.9166666 -0.6030849 243
0.9166666 -0.6086593 243
0.9166666 -0.6142337 241
0.9166666 -0.6198081 241
0.9166666 -0.6253826 241
0.9166666 -0.6309571 241
0.9166666 -0.6365315 243
0.9166666 -0.6421059 243
0.9166666 -0.6476804 241
0.9166666 -0.6532547 241
0.9166666 -0.6588293 241
0.9166666 -0.6644037 241
0.9166666 -0.6699781 243
0.9166666 -0.6755525 243
0.9166666 -0.6811270 241
0.9166666 -0.6867015 241
0.9166666 -0.6922759 0
0.9169417 -0.6978504 0
0.9173301 -0.7034584 0
0.9177184 -0.7090486 0
0.9181068 -0.7145857 0
0.9184951 -0.7200696 0
0.9188836 -0.7255005 0
0.9192719 -0.7308783 0
0.9196602 -0.7362030 0
0.9200486 -0.7414745 0
0.9204369 -0.7466930 0
0.9208253 -0.7518583 0
0.9212136 -0.7569706 0
0.9216020 -0.7620296 0
0.9219902 -0.7670356 0
0.9223786 -0.7719886 0
0.9227670 -0.7768884 0
0.9231553 -0.7817350 0
0.9235436 -0.7865286 0
0.9239321 -0.7912668 0
0.9243204 -0.7959519 0
0.9247088 -0.8005838 0
0.9250971 -0.8051627 0
0.9254854 -0.8096884 0
0.9258738 -0.8141610 0
0.9262621 -0.8185805 0
0.9266505 -0.8229469 0
0.9270388 -0.8272602 0
0.9274271 -0.8315204 0
0.9278154 -0.8357275 0
0.9282038 -0.8398815 0
0.9285923 -0.8439823 0
0.9289806 -0.8480300 0
0.9293690 -0.8520247 0
0.9297573 -0.8559663 0
0.9301457 -0.8598547 0
0.9305340 -0.8636901 0
0.9309223 -0.8674723 0
0.9313106 -0.8712014 0
0.9316990 -0.8748774 0
0.9320873 -0.8785002 0
0.9324757 -0.8820700 0
0.9328642 -0.8855867 0
0.9332525 -0.8890502 0
0.9336409 -0.8924585 0
0.9340291 -0.8958135 0
0.9344175 -0.8991154 0
0.9348059 -0.9023643 0
0.9351942 -0.9055600 0
0.9355825 -0.9087025 0
0.9359709 -0.9117920 0
0.9363592 -0.9148285 0
0.9367475 -0.9178118 0
0.9371359 -0.9207420 0
0.9375243 -0.9236190 0
0.9379127 -0.9264430 0
0.9383011 -0.9292139 0
0.9386893 -0.9319316 0
0.9390776 -0.9345963 0
0.9394660 -0.9372077 0
0.9398543 -0.9397662 0
0.9402427 -0.9422716 0
0.9406311 -0.9447237 0
0.9410194 -0.9471228 0
0.9414076 -0.9494688 0
0.9417960 -0.9517617 0
0.9421844 -0.9540014 0
0.9425729 -0.9561882 0
0.9429612 -0.9583217 0
0.9433495 -0.9603998 0
0.9437379 -0.9624248 0
0.9441263 -0.9643968 0
0.9445145 -0.9663156 0
0.9449029 -0.9681813 0
0.9452912 -0.9699939 0
0.9456795 -0.9717534 0
0.9460679 -0.9734598 0
0.9464563 -0.9751131 0
0.9468447 -0.9767132 0
0.9472331 -0.9782603 0
0.9476214 -0.9797542 0
0.9480097 -0.9811951 0
0.9483981 -0.9825829 0
0.9487864 -0.9839175 0
0.9491748 -0.9851990 0
0.9495631 -0.9864275 0
0.9499514 -0.9876028 0
0.9503397 -0.9887250 0
0.9507281 -0.9897941 0
0.9511165 -0.9908099 0
0.9515049 -0.9917729 0
0.9518933 -0.9926827 0
0.9522816 -0.9935393 0
0.9526700 -0.9943429 0
0.9530583 -0.9950909 0
0.9534465 -0.9957860 0
0.9538349 -0.9964279 0
0.9542233 -0.9970167 0
0.9546116 -0.9975524 0
0.9550000 -0.9980350 0
0.9553883 -0.9984645 0
0.9557766 -0.9988408 0
0.9561650 -0.9991641 0
0.9565534 -0.9994343 0
0.9569418 -0.9996513 0
0.9573301 -0.9998152 0
0.9577185 -0.9999261 0
0.9581068 -0.9999839 0
0.9584952 -0.9999887 8
0.9588835 -0.9999411 8
0.9592718 -0.9998415 8
0.9596602 -0.9996897 8
0.9600485 -0.9994860 8
0.9604368 -0.9992301 8
0.9608253 -0.9989221 8
0.9612137 -0.9985621 8
0.9616021 -0.9981500 8
0.9619903 -0.9976858 8
0.9623786 -0.9971695 8
0.9627670 -0.9965989 8
0.9631553 -0.9959761 8
0.9635437 -0.9953013 8
0.9639321 -0.9945745 8
0.9643203 -0.9937955 8
0.9647086 -0.9929644 8
0.9650970 -0.9920813 8
0.9654854 -0.9911461 8
0.9658738 -0.9901588 8
0.9662622 -0.9891195 8
0.9666505 -0.9880280 8
0.9670389 -0.9868845 8
0.9674272 -0.9856888 8
0.9678155 -0.9844411 8
0.9682038 -0.9831413 8
0.9685922 -0.9817895 8
0.9689805 -0.9803855 8
0.9693689 -0.9789295 8
0.9697573 -0.9774214 8
0.9701457 -0.9758612 8
0.9705341 -0.9742489 8
0.9709223 -0.9725846 8
0.9713107 -0.9708681 8
0.9716991 -0.9690996 8
0.9720874 -0.9672790 8
0.9724757 -0.9654041 8
0.9728641 -0.9634771 8
0.9732524 -0.9614979 8
0.9736407 -0.9594667 8
0.9740291 -0.9573835 8
0.9744175 -0.9552481 8
0.9748059 -0.9530607 8
0.9751943 -0.9508211 8
0.9755826 -0.9485295 8
0.9759710 -0.9461859 8
0.9763593 -0.9437901 8
0.9767475 -0.9413423 8
0.9771359 -0.9388423 8
0.9775243 -0.9362903 8
0.9779126 -0.9336862 8
0.9783010 -0.9310300 8
0.9786893 -0.9283218 8
0.9790776 -0.9255615 8
0.9794661 -0.9227490 8
0.9798544 -0.9198846 8
0.9802427 -0.9169680 8
0.9806311 -0.9139993 8
0.9810195 -0.9109785 8
0.9814077 -0.9079057 8
0.9817961 -0.9047808 8
0.9821844 -0.9016016 8
0.9825727 -0.8983702 8
0.9829611 -0.8950867 8
0.9833495 -0.8917512 8
0.9837378 -0.8883636 8
0.9841263 -0.8849240 8
0.9845146 -0.8814322 8
0.9849029 -0.8778884 8
0.9852913 -0.8742925 8
0.9856796 -0.8706445 8
0.9860680 -0.8669444 8
0.9864563 -0.8631923 8
0.9868446 -0.8593880 8
0.9872329 -0.8555317 8
0.9876213 -0.8516233 8
0.9880096 -0.8476628 8
0.9883980 -0.8436502 8
0.9887865 -0.8395857 8
0.9891748 -0.8354689 8
0.9895632 -0.8313000 8
0.9899515 -0.8270792 8
0.9903398 -0.8228062 8
0.9907282 -0.8184811 8
0.9911165 -0.8141040 8
0.9915048 -0.8096747 8
0.9918932 -0.8051912 8
0.9922815 -0.8006556 8
0.9926698 -0.7960678 8
0.9930583 -0.7914280 8
0.9934466 -0.7867361 8
0.9938350 -0.7819921 8
0.9942233 -0.7771961 8
0.9946117 -0.7723479 8
0.9950000 -0.7674477 8
0.9953884 -0.7624954 8
0.9957767 -0.7574911 8
0.9961650 -0.7524345 8
0.9965534 -0.7473259 8
0.9969417 -0.7421653 8
0.9973300 -0.7369526 8
0.9977185 -0.7316879 8
0.9981069 -0.7263710 8
0.9984952 -0.7210020 8
0.9988835 -0.7155809 8
0.9992718 -0.7101078 8
0.9996602 -0.7045827 8
1.0000000 -0.6990117 249
1.0000000 -0.6934373 249
1.0000000 -0.6878628 251
1.0000000 -0.6822883 251
1.0000000 -0.6767139 249
1.0000000 -0.6711394 249
1.0000000 -0.6655650 249
1.0000000 -0.6599907 249
1.0000000 -0.6544161 251
1.0000000 -0.6488417 251
1.0000000 -0.6432673 249
1.0000000 -0.6376928 249
1.0000000 -0.6321184 249
1.0000000 -0.6265439 249
1.0000000 -0.6209694 251
1.0000000 -0.6153950 251
1.0000000 -0.6098206 251
1.0000000 -0.6042462 249
1.0000000 -0.5986717 249
1.0000000 -0.5930973 249
1.0000000 -0.5875229 249
1.0000000 -0.5819484 251
1.0000000 -0.5763740 251
1.0000000 -0.5707995 249
1.0000000 -0.5652250 249
1.0000000 -0.5596506 249
1.0000000 -0.5540763 249
1.0000000 -0.5485018 251
1.0000000 -0.5429273 251
1.0000000 -0.5373529 249
1.0000000 -0.5317784 249
1.0000000 -0.5262040 249
1.0000000 -0.5206296 249
1.0000000 -0.5150551 251
1.0000000 -0.5094806 251
1.0000000 -0.5039062 249
1.0000000 -0.4983318 249
1.0000000 -0.4927574 249
1.0000000 -0.4871829 249
1.0000000 -0.4816084 251
1.0000000 -0.4760340 251
1.0000000 -0.4704596 251
1.0000000 -0.4648852 249
1.0000000 -0.4593107 249
1.0000000 -0.4537362 249
1.0000000 -0.4481619 249
1.0000000 -0.4425874 251
1.0000000 -0.4370130 251
1.0000000 -0.4314385 249
1.0000000 -0.4258640 249
1.0000000 -0.4202896 249
1.0000000 -0.4147152 249
1.0000000 -0.4091407 251
1.0000000 -0.4035664 251
1.0000000 -0.3979919 249
1.0000000 -0.3924174 249
1.0000000 -0.3868430 249
1.0000000 -0.3812686 249
1.0000000 -0.3756941 251
1.0000000 -0.3701196 251
1.0000000 -0.3645452 249
1.0000000 -0.3589707 249
1.0000000 -0.3533964 249
1.0000000 -0.3478219 249
1.0000000 -0.3422474 251
1.0000000 -0.3366730 251
1.0000000 -0.3310985 251
1.0000000 -0.3255241 249
1.0000000 -0.3199496 249
1.0000000 -0.3143752 249
1.0000000 -0.3088008 249
1.0000000 -0.3032263 251
1.0000000 -0.2976518 251
1.0000000 -0.2920775 249
1.0000000 -0.2865030 249
1.0000000 -0.2809286 249
1.0000000 -0.2753541 249
1.0000000 -0.2697797 251
1.0000000 -0.2642052 251
1.0000000 -0.2586308 249
1.0000000 -0.2530563 249
1.0000000 -0.2474820 249
1.0000000 -0.2419075 249
1.0000000 -0.2363330 251
1.0000000 -0.2307586 251
1.0000000 -0.2251842 249
1.0000000 -0.2196097 249
1.0000000 -0.2140353 249
1.0000000 -0.2084608 249
1.0000000 -0.2028863 251
1.0000000 -0.1973120 251
1.0000000 -0.1917376 251
1.0000000 -0.1861631 249
1.0000000 -0.1805886 249
1.0000000 -0.1750142 249
1.0000000 -0.1694398 249
1.0000000 -0.1638653 251
1.0000000 -0.1582909 251
1.0000000 -0.1527165 249
1.0000000 -0.1471420 249
1.0000000 -0.1415676 249
1.0000000 -0.1359932 249
1.0000000 -0.1304187 251
1.0000000 -0.1248442 251
1.0000000 -0.1192698 249
1.0000000 -0.1136953 249
1.0000000 -0.1081209 249
1.0000000 -0.1025464 249
1.0000000 -0.0969720 251
1.0000000 -0.0913976 251
1.0000000 -0.0858232 249
1.0000000 -0.0802487 249
1.0000000 -0.0746743 249
1.0000000 -0.0690998 249
1.0000000 -0.0635253 251
1.0000000 -0.0579509 251
1.0000000 -0.0523765 251
1.0000000 -0.0468021 249
1.0000000 -0.0412276 249
1.0000000 -0.0356532 249
1.0000000 -0.0300788 249
1.0000000 -0.0245043 251
1.0000000 -0.0189299 251
1.0000000 -0.0133554 249
1.0000000 -0.0077809 249
1.0000000 -0.0022065 249
1.0000000 0.0033680 249
1.0000000 0.0089424 251
1.0000000 0.0145168 251
1.0000000 0.0200912 249
1.0000000 0.0256657 249
1.0000000 0.0312401 249
1.0000000 0.0368145 249
1.0000000 0.0423890 251
1.0000000 0.0479635 251
1.0000000 0.0535380 249
1.0000000 0.0591124 249
1.0000000 0.0646868 249
1.0000000 0.0702612 249
1.0000000 0.0758357 251
1.0000000 0.0814101 251
1.0000000 0.0869845 251
1.0000000 0.0925589 249
1.0000000 0.0981334 249
1.0000000 0.1037079 249
1.0000000 0.1092823 249
1.0000000 0.1148568 251
1.0000000 0.1204312 251
1.0000000 0.1260056 249
1.0000000 0.1315801 249
1.0000000 0.1371545 249
1.0000000 0.1427289 249
1.0000000 0.1483034 251
1.0000000 0.1538779 251
1.0000000 0.1594522 249
1.0000000 0.1650267 249
1.0000000 0.1706012 249
1.0000000 0.1761756 249
1.0000000 0.1817501 251
1.0000000 0.1873245 251
1.0000000 0.1928989 249
1.0000000 0.1984733 249
1.0000000 0.2040477 249
1.0000000 0.2096222 249
1.0000000 0.2151967 251
1.0000000 0.2207711 251
1.0000000 0.2263456 251
1.0000000 0.2319200 249
1.0000000 0.2374945 249
1.0000000 0.2430689 249
1.0000000 0.2486433 249
1.0000000 0.2542177 251
1.0000000 0.2597921 251
1.0000000 0.2653666 249
1.0000000 0.2709411 249
1.0000000 0.2765155 249
1.0000000 0.2820900 249
1.0000000 0.2876645 251
1.0000000 0.2932389 251
1.0000000 0.2988133 249
1.0000000 0.3043877 249
1.0000000 0.3099621 249
1.0000000 0.3155365 249
1.0000000 0.3211110 251
1.0000000 0.3266855 251
1.0000000 0.3322599 249
1.0000000 0.3378344 249
1.0000000 0.3434089 249
1.0000000 0.3489833 249
1.0000000 0.3545577 251
1.0000000 0.3601321 251
1.0000000 0.3657065 251
1.0000000 0.3712810 249
1.0000000 0.3768555 249
1.0000000 0.3824299 249
1.0000000 0.3880043 249
1.0000000 0.3935788 251
1.0000000 0.3991532 251
1.0000000 0.4047277 249
1.0000000 0.4103021 249
1.0000000 0.4158765 249
1.0000000 0.4214509 249
1.0000000 0.4270254 251
1.0000000 0.4325999 251
1.0000000 0.4381743 249
1.0000000 0.4437488 249
1.0000000 0.4493232 249
1.0000000 0.4548975 249
1.0000000 0.4604720 251
1.0000000 0.4660465 251
1.0000000 0.4716209 249
1.0000000 0.4771954 249
1.0000000 0.4827698 249
1.0000000 0.4883443 249
1.0000000 0.4939188 251
1.0000000 0.4994932 251
1.0000000 0.5050676 251
1.0000000 0.5106419 249
1.0000000 0.5162164 249
1.0000000 0.5217909 249
1.0000000 0.5273653 249
1.0000000 0.5329398 251
1.0000000 0.5385142 251
1.0000000 0.5440887 249
1.0000000 0.5496632 249
1.0000000 0.5552376 249
1.0000000 0.5608119 249
1.0000000 0.5663864 251
1.0000000 0.5719608 251
1.0000000 0.5775353 249
1.0000000 0.5831098 249
1.0000000 0.5886842 249
1.0000000 0.5942586 249
1.0000000 0.5998331 251
1.0000000 0.6054076 251
1.0000000 0.6109820 249
1.0000000 0.6165564 249
1.0000000 0.6221308 249
1.0000000 0.6277053 249
1.0000000 0.6332798 251
1.0000000 0.6388542 251
1.0000000 0.6444286 251
1.0000000 0.6500030 249
1.0000000 0.6555775 249
1.0000000 0.6611520 249
1.0000000 0.6667263 249
1.0000000 0.6723008 251
1.0000000 0.6778752 251
1.0000000 0.6834497 249
1.0000000 0.6890242 249
1.0000000 0.6945986 8
1.0000000 0.7001772 8
1.0000000 0.7057997 8
1.0000000 0.7113692 8
1.0000000 0.7168832 8
1.0000000 0.7223440 8
1.0000000 0.7277518 8
1.0000000 0.7331065 8
1.0000000 0.7384081 8
1.0000000 0.7436566 8
1.0000000 0.7488519 8
1.0000000 0.7539942 8
1.0000000 0.7590834 8
1.0000000 0.7641194 8
1.0000000 0.7691022 8
1.0000000 0.7740321 8
1.0000000 0.7789088 8
1.0000000 0.7837324 8
1.0000000 0.7885028 8
1.0000000 0.7932202 8
1.0000000 0.7978845 8
1.0000000 0.8024957 8
1.0000000 0.8070538 8
1.0000000 0.8115588 8
1.0000000 0.8160106 8
1.0000000 0.8204093 8
1.0000000 0.8247549 8
1.0000000 0.8290474 8
1.0000000 0.8332868 8
1.0000000 0.8374709 8
1.0000000 0.8416018 8
1.0000000 0.8456794 8
1.0000000 0.8497041 8
1.0000000 0.8536757 8
1.0000000 0.8575941 8
1.0000000 0.8614595 8
1.0000000 0.8652718 8
1.0000000 0.8690309 8
1.0000000 0.8727368 8
1.0000000 0.8763897 8
1.0000000 0.8799896 8
1.0000000 0.8835363 8
1.0000000 0.8870299 8
1.0000000 0.8904703 8
1.0000000 0.8938578 8
1.0000000 0.8971920 8
1.0000000 0.9004731 8
1.0000000 0.9037011 8
1.0000000 0.9068761 8
1.0000000 0.9099979 8
1.0000000 0.9130667 8
1.0000000 0.9160824 8
1.0000000 0.9190448 8
1.0000000 0.9219542 8
1.0000000 0.9248082 8
1.0000000 0.9276091 8
1.0000000 0.9303568 8
1.0000000 0.9330515 8
1.0000000 0.9356930 8
1.0000000 0.9382815 8
1.0000000 0.9408169 8
1.0000000 0.9432991 8
1.0000000 0.9457281 8
1.0000000 0.9481041 8
1.0000000 0.9504270 8
1.0000000 0.9526968 8
1.0000000 0.9549135 8
1.0000000 0.9570772 8
1.0000000 0.9591876 8
1.0000000 0.9612449 8
1.0000000 0.9632492 8
1.0000000 0.9652004 8
1.0000000 0.9670984 8
1.0000000 0.9689433 8
1.0000000 0.9707351 8
1.0000000 0.9724739 8
1.0000000 0.9741594 8
1.0000000 0.9757919 8
1.0000000 0.9773713 8
1.0000000 0.9788953 8
1.0000000 0.9803661 8
1.0000000 0.9817839 8
1.0000000 0.9831485 8
1.0000000 0.9844601 8
1.0000000 0.9857186 8
1.0000000 0.9869238 8
1.0000000 0.9880761 8
1.0000000 0.9891752 8
1.0000000 0.9902211 8
1.0000000 0.9912141 8
1.0000000 0.9921539 8
1.0000000 0.9930406 8
1.0000000 0.9938741 8
1.0000000 0.9946546 8
1.0000000 0.9953819 8
1.0000000 0.9960561 8
1.0000000 0.9966773 8
1.0000000 0.9972453 8
1.0000000 0.9977602 8
1.0000000 0.9982220 8
1.0000000 0.9986307 8
1.0000000 0.9989864 8
1.0000000 0.9992888 8
1.0000000 0.9995382 8
1.0000000 0.9997321 8
1.0000000 0.9998730 8
1.0000000 0.9999608 8
1.0000000 0.9999712 0
0.9999920 0.9999631 0
0.9999670 0.9999382 0
0.9999236 0.9998948 0
0.9998617 0.9998328 0
0.9997812 0.9997524 0
0.9996823 0.9996535 0
0.9995649 0.9995360 0
0.9994289 0.9994001 0
0.9992745 0.9992456 0
0.9991016 0.9990727 0
0.9989101 0.9988812 0
0.9987002 0.9986712 0
0.9984718 0.9984428 0
0.9982248 0.9981959 0
0.9979593 0.9979306 0
0.9976755 0.9976466 0
0.9973731 0.9973441 0
0.9970520 0.9970233 0
0.9967124 0.9966838 0
0.9963546 0.9963259 0
0.9959782 0.9959495 0
0.9955825 0.9955538 0
0.9951684 0.9951396 0
0.9947357 0.9947068 0
0.9942843 0.9942556 0
0.9938145 0.9937858 0
0.9933262 0.9932976 0
0.9928194 0.9927909 0
0.9922942 0.9922657 0
0.9917505 0.9917219 0
0.9911882 0.9911596 0
0.9906075 0.9905789 0
0.9900083 0.9899796 0
0.9893906 0.9893619 0
0.9887543 0.9887257 0
0.9880995 0.9880710 0
0.9874263 0.9873977 0
0.9867346 0.9867060 0
0.9860242 0.9859958 0
0.9852956 0.9852671 0
0.9845483 0.9845199 0
0.9837825 0.9837542 0
0.9829983 0.9829698 0
0.9821955 0.9821670 0
0.9813742 0.9813459 0
0.9805344 0.9805062 0
0.9796754 0.9796472 0
0.9787978 0.9787697 0
0.9779017 0.9778736 0
0.9769872 0.9769590 0
0.9760542 0.9760260 0
0.9751028 0.9750745 0
0.9741327 0.9741045 0
0.9731441 0.9731159 0
0.9721370 0.9721089 0
0.9711115 0.9710834 0
0.9700674 0.9700394 0
0.9690048 0.9689769 0
0.9679238 0.9678959 0
0.9668242 0.9667964 0
0.9657061 0.9656783 0
0.9645696 0.9645418 0
0.9634146 0.9633868 0
0.9622409 0.9622132 0
0.9610488 0.9610212 0
0.9598382 0.9598107 0
0.9586091 0.9585816 0
0.9573618 0.9573341 0
0.9560956 0.9560681 0
0.9548112 0.9547835 0
0.9535080 0.9534805 0
0.9521858 0.9521582 0
0.9508449 0.9508173 0
0.9494853 0.9494580 0
0.9481074 0.9480801 0
0.9467112 0.9466839 0
0.9452963 0.9452690 0
0.9438629 0.9438358 0
0.9424109 0.9423840 0
0.9409406 0.9409136 0
0.9394517 0.9394247 0
0.9379443 0.9379175 0
0.9364185 0.9363916 0
0.9348742 0.9348472 0
0.9333114 0.9332844 0
0.9317300 0.9317030 0
0.9301301 0.9301033 0
0.9285119 0.9284850 0
0.9268749 0.9268481 0
0.9252194 0.9251928 0
0.9235455 0.9235189 0
0.9218532 0.9218266 0
0.9201423 0.9201158 0
0.9184130 0.9183865 0
0.9166650 0.9166387 0
0.9148988 0.9148724 0
0.9131130 0.9130867 0
0.9113090 0.9112826 0
0.9094862 0.9094599 0
0.9076451 0.9076189 0
0.9057854 0.9057593 0
0.9039072 0.9038811 0
0.9020105 0.9019845 0
0.9000954 0.9000694 0
0.8981617 0.8981357 0
0.8962094 0.8961835 0
0.8942388 0.8942129 0
0.8922496 0.8922238 0
0.8902419 0.8902162 0
0.8882157 0.8881900 0
0.8861710 0.8861454 0
0.8841079 0.8840824 0
0.8820262 0.8820008 0
0.8799260 0.8799006 0
0.8778073 0.8777820 0
0.8756703 0.8756450 0
0.8735145 0.8734892 0
0.8713402 0.8713150 0
0.8691475 0.8691225 0
0.8669363 0.8669114 0
0.8647066 0.8646817 0
0.8624575 0.8624327 0
0.8601902 0.8601654 0
0.8579042 0.8578794 0
0.8555997 0.8555751 0
0.8532767 0.8532521 0
0.8509352 0.8509107 0
0.8485752 0.8485508 0
0.8461968 0.8461724 0
0.8437998 0.8437755 0
0.8413843 0.8413600 0
0.8389503 0.8389261 0
0.8364979 0.8364737 0
0.8340269 0.8340027 0
0.8315374 0.8315133 0
0.8290294 0.8290054 0
0.8265029 0.8264791 0
0.8239578 0.8239341 0
0.8213944 0.8213707 0
0.8188123 0.8187887 0
0.8162118 0.8161882 0
0.8135928 0.8135694 0
0.8109552 0.8109320 0
0.8082994 0.8082761 0
0.8056248 0.8056017 0
0.8029319 0.8029088 0
0.8002195 0.8001964 0
0.7974888 0.7974657 0
0.7947396 0.7947166 0
0.7919717 0.7919489 0
0.7891854 0.7891627 0
0.7863806 0.7863579 0
0.7835573 0.7835347 0
0.7807155 0.7806929 0
0.7778552 0.7778327 0
0.7749763 0.7749540 0
0.7720791 0.7720568 0
0.7691633 0.7691411 0
0.7662290 0.7662068 0
0.7632762 0.7632541 0
0.7603049 0.7602829 0
0.7573150 0.7572932 0
0.7543068 0.7542851 0
0.7512799 0.7512583 0
0.7482347 0.7482131 0
0.7451709 0.7451493 0
0.7420885 0.7420671 0
0.7389877 0.7389663 0
0.7358684 0.7358471 0
0.7327306 0.7327095 0
0.7295742 0.7295532 0
0.7263987 0.7263777 0
0.7232046 0.7231836 0
0.7199920 0.7199712 0
0.7167607 0.7167401 0
0.7135112 0.7134906 0
0.7102431 0.7102227 0
0.7069565 0.7069361 0
0.7036515 0.7036311 0
0.7003278 0.7003076 0
0.6969856 0.6969656 0
0.6936250 0.6936050 0
0.6902459 0.6902260 0
0.6868483 0.6868285 0
0.6834322 0.6834126 0
0.6799975 0.6799780 0
0.6765445 0.6765250 0
0.6730729 0.6730535 0
0.6695828 0.6695634 0
0.6660741 0.6660549 0
0.6625469 0.6625278 0
0.6590014 0.6589823 0
0.6554373 0.6554183 0
0.6518546 0.6518358 0
0.6482534 0.6482348 0
0.6446339 0.6446153 0
0.6409950 0.6409764 0
0.6373375 0.6373192 0
0.6336617 0.6336434 0
0.6299672 0.6299491 0
0.6262543 0.6262363 0
0.6225229 0.6225049 0
0.6187730 0.6187551 0
0.6150045 0.6149868 0
0.6112176 0.6112000 0
0.6074121 0.6073947 0
0.6035882 0.6035709 0
0.5997459 0.5997286 0
0.5958849 0.5958677 0
0.5920054 0.5919884 0
0.5881075 0.5880905 0
0.5841911 0.5841742 0
0.5802562 0.5802395 0
0.5763027 0.5762861 0
0.5723308 0.5723143 0
0.5683404 0.5683241 0
0.5643315 0.5643152 0
0.5603041 0.5602879 0
0.5562582 0.5562422 0
0.5521937 0.5521778 0
0.5481106 0.5480950 0
0.5440084 0.5439928 0
0.5398877 0.5398722 0
0.5357486 0.5357331 0
0.5315909 0.5315754 0
0.5274147 0.5273994 0
0.5232199 0.5232047 0
0.5190067 0.5189917 0
0.5147749 0.5147600 0
0.5105246 0.5105100 0
0.5062558 0.5062413 0
0.5019686 0.5019542 0
0.4976734 0.4976590 0
0.4933877 0.4933735 0
0.4891206 0.4891065 0
0.4848720 0.4848580 0
0.4806418 0.4806280 0
0.4764303 0.4764164 0
0.4722370 0.4722234 0
0.4680625 0.4680490 0
0.4639064 0.4638930 0
0.4597688 0.4597555 0
0.4556495 0.4556364 0
0.4515490 0.4515360 0
0.4474668 0.4474540 0
0.4434032 0.4433905 0
0.4393589 0.4393463 0
0.4353331 0.4353206 0
0.4313258 0.4313133 0
0.4273369 0.4273247 0
0.4233667 0.4233545 0
0.4194149 0.4194027 0
0.4154815 0.4154696 0
0.4115666 0.4115549 0
0.4076703 0.4076586 0
0.4037925 0.4037809 0
0.3999332 0.3999217 0
0.3960925 0.3960810 0
0.3922701 0.3922588 0
0.3884663 0.3884551 0
0.3846810 0.3846699 0
0.3809142 0.3809031 0
0.3771657 0.3771550 0
0.3734359 0.3734252 0
0.3697247 0.3697139 0
0.3660319 0.3660213 0
0.3623577 0.3623471 0
0.3587017 0.3586914 0
0.3550645 0.3550543 0
0.3514458 0.3514355 0
0.3478454 0.3478353 0
0.3442643 0.3442544 0
0.3407018 0.3406920 0
0.3371579 0.3371481 0
0.3336323 0.3336227 0
0.3301253 0.3301158 0
0.3266367 0.3266274 0
0.3231668 0.3231575 0
0.3197153 0.3197061 0
0.3162823 0.3162731 0
0.3128678 0.3128586 0
0.3094717 0.3094628 0
0.3060943 0.3060855 0
0.3027353 0.3027265 0
0.2993947 0.2993861 0
0.2960727 0.2960642 0
0.2927692 0.2927608 0
0.2894842 0.2894759 0
0.2862177 0.2862094 0
0.2829697 0.2829615 0
0.2797402 0.2797321 0
0.2765292 0.2765212 0
0.2733367 0.2733288 0
0.2701627 0.2701549 0
0.2670072 0.2669994 0
0.2638702 0.2638626 0
0.2607525 0.2607450 0
0.2576532 0.2576458 0
0.2545726 0.2545652 0
0.2515104 0.2515031 0
0.2484667 0.2484595 0
0.2454414 0.2454344 0
0.2424348 0.2424279 0
0.2394466 0.2394397 0
0.2364769 0.2364701 0
0.2335257 0.2335190 0
0.2305931 0.2305864 0
0.2276789 0.2276723 0
0.2247832 0.2247767 0
0.2219060 0.2218996 0
0.2190472 0.2190410 0
0.2162070 0.2162008 0
0.2133853 0.2133792 0
0.2105821 0.2105761 0
0.2077975 0.2077914 0
0.2050313 0.2050254 0
0.2022836 0.2022777 0
0.1995545 0.1995486 0
0.1968437 0.1968380 0
0.1941515 0.1941459 0
0.1914778 0.1914723 0
0.1888234 0.1888180 0
0.1861875 0.1861822 0
0.1835703 0.1835649 0
0.1809713 0.1809660 0
0.1783908 0.1783857 0
0.1758290 0.1758239 0
0.1732856 0.1732806 0
0.1707607 0.1707557 0
0.1682543 0.1682494 0
0.1657665 0.1657617 0
0.1632971 0.1632924 0
0.1608462 0.1608415 0
0.1584138 0.1584092 0
0.1560000 0.1559955 0
0.1536046 0.1536001 0
0.1512276 0.1512233 0
0.1488693 0.1488650 0
0.1465294 0.1465251 0
0.1442080 0.1442038 0
0.1419051 0.1419010 0
0.1396207 0.1396167 0
0.1373548 0.1373509 0
0.1351074 0.1351036 0
0.1328786 0.1328748 0
0.1306682 0.1306645 0
0.1284771 0.1284734 0
0.1263047 0.1263010 0
0.1241506 0.1241470 0
0.1220149 0.1220114 0
0.1198979 0.1198944 0
0.1177993 0.1177959 0
0.1157192 0.1157159 0
0.1136576 0.1136543 0
0.1116145 0.1116113 0
0.1095900 0.1095868 0
0.1075839 0.1075808 0
0.1055963 0.1055933 0
0.1036273 0.1036243 0
0.1016767 0.1016737 0
0.0997446 0.0997418 0
0.0978310 0.0978282 0
0.0959359 0.0959332 0
0.0940594 0.0940568 0
0.0922013 0.0921987 0
0.0903618 0.0903592 0
0.0885408 0.0885381 0
0.0867381 0.0867356 0
0.0849540 0.0849515 0
0.0831885 0.0831861 0
0.0814414 0.0814390 0
0.0797136 0.0797113 0
0.0780044 0.0780022 0
0.0763136 0.0763114 0
0.0746413 0.0746391 0
0.0729876 0.0729854 0
0.0713523 0.0713503 0
0.0697355 0.0697336 0
0.0681373 0.0681353 0
0.0665576 0.0665556 0
0.0649963 0.0649944 0
0.0634535 0.0634517 0
0.0619292 0.0619274 0
0.0604235 0.0604217 0
0.0589362 0.0589345 0
0.0574674 0.0574658 0
0.0560172 0.0560156 0
0.0545855 0.0545839 0
0.0531722 0.0531707 0
0.0517774 0.0517760 0
0.0504012 0.0503998 0
0.0490435 0.0490420 0
0.0477041 0.0477027 0
0.0463834 0.0463821 0
0.0450812 0.0450799 0
0.0437974 0.0437961 0
0.0425329 0.0425317 0
0.0412870 0.0412858 0
0.0400595 0.0400584 0
0.0388505 0.0388495 0
0.0376601 0.0376590 0
0.0364882 0.0364872 0
0.0353347 0.0353337 0
0.0341997 0.0341987 0
0.0330833 0.0330823 0
0.0319853 0.0319844 0
0.0309059 0.0309050 0
0.0298449 0.0298441 0
0.0288025 0.0288017 0
0.0277785 0.0277777 0
0.0267731 0.0267723 0
0.0257862 0.0257854 0
0.0248177 0.0248170 0
0.0238677 0.0238670 0
0.0229364 0.0229357 0
0.0220234 0.0220228 0
0.0211289 0.0211283 0
0.0202530 0.0202524 0
0.0193954 0.0193950 0
0.0185565 0.0185560 0
0.0177362 0.0177356 0
0.0169350 0.0169345 0
0.0161524 0.0161519 0
0.0153882 0.0153877 0
0.0146426 0.0146422 0
0.0139154 0.0139151 0
0.0132068 0.0132065 0
0.0125166 0.0125164 0
0.0118450 0.0118447 0
0.0111919 0.0111915 0
0.0105573 0.0105569 0
0.0099411 0.0099407 0
0.0093435 0.0093431 0
0.0087644 0.0087641 0
0.0082037 0.0082034 0
0.0076615 0.0076613 0
0.0071379 0.0071377 0
0.0066327 0.0066325 0
0.0061461 0.0061459 0
0.0056780 0.0056778 0
0.0052284 0.0052281 0
0.0047972 0.0047970 0
0.0043845 0.0043844 0
0.0039904 0.0039902 0
0.0036148 0.0036147 0
0.0032576 0.0032575 0
0.0029198 0.0029198 0
0.0026005 0.0026004 0
0.0022996 0.0022996 0
0.0020173 0.0020173 0
0.0017535 0.0017535 0
0.0015082 0.0015081 0
0.0012814 0.0012813 0
0.0010730 0.0010730 0
0.0008832 0.0008832 0
0.0007119 0.0007119 0
0.0005591 0.0005591 0
0.0004247 0.0004247 0
0.0003088 0.0003088 0
0.0002115 0.0002115 0
0.0001327 0.0001327 0
0.0000724 0.0000724 0
0.0000305 0.0000305 0
0.0000100 0.0000100 0
