sps 100000
0.0000000 0.0000000 0
-0.0000007 -0.0000029 0
-0.0000029 -0.0000116 0
-0.0000065 -0.0000262 0
-0.0000116 -0.0000465 0
-0.0000182 -0.0000727 0
-0.0000262 -0.0001046 0
-0.0000356 -0.0001424 0
-0.0000465 -0.0001860 0
-0.0000588 -0.0002354 0
-0.0000727 -0.0002906 0
-0.0000879 -0.0003516 0
-0.0001046 -0.0004185 0
-0.0001228 -0.0004911 0
-0.0001424 -0.0005696 0
-0.0001635 -0.0006539 0
-0.0001860 -0.0007440 0
-0.0002100 -0.0008398 0
-0.0002354 -0.0009416 0
-0.0002623 -0.0010491 0
-0.0002906 -0.0011624 0
-0.0003204 -0.0012816 0
-0.0003516 -0.0014066 0
-0.0003843 -0.0015373 0
-0.0004185 -0.0016739 0
-0.0004541 -0.0018163 0
-0.0004911 -0.0019645 0
-0.0005297 -0.0021185 0
-0.0005696 -0.0022784 0
-0.0006110 -0.0024440 0
-0.0006539 -0.0026155 0
-0.0006982 -0.0027928 0
-0.0007440 -0.0029758 0
-0.0007912 -0.0031648 0
-0.0008399 -0.0033594 0
-0.0008900 -0.0035599 0
-0.0009416 -0.0037663 0
-0.0009946 -0.0039784 0
-0.0010491 -0.0041964 0
-0.0011050 -0.0044202 0
-0.0011624 -0.0046498 0
-0.0012213 -0.0048851 0
-0.0012816 -0.0051264 0
-0.0013434 -0.0053734 0
-0.0014065 -0.0056263 0
-0.0014712 -0.0058849 0
-0.0015373 -0.0061494 0
-0.0016049 -0.0064196 0
-0.0016739 -0.0066957 0
-0.0017444 -0.0069776 0
-0.0018163 -0.0072653 0
-0.0018897 -0.0075588 0
-0.0019645 -0.0078582 0
-0.0020408 -0.0081633 0
-0.0021185 -0.0084742 0
-0.0021977 -0.0087910 0
-0.0022784 -0.0091136 0
-0.0023605 -0.0094420 0
-0.0024440 -0.0097762 0
-0.0025290 -0.0101162 0
-0.0026155 -0.0104620 0
-0.0027034 -0.0108136 0
-0.0027927 -0.0111711 0
-0.0028836 -0.0115343 0
-0.0029759 -0.0119034 0
-0.0030696 -0.0122783 0
-0.0031648 -0.0126590 0
-0.0032614 -0.0130455 0
-0.0033595 -0.0134379 0
-0.0034590 -0.0138360 0
-0.0035600 -0.0142399 0
-0.0036624 -0.0146497 0
-0.0037663 -0.0150653 0
-0.0038717 -0.0154867 0
-0.0039785 -0.0159138 0
-0.0040867 -0.0163469 0
-0.0041964 -0.0167857 0
-0.0043076 -0.0172303 0
-0.0044202 -0.0176808 0
-0.0045343 -0.0181370 0
-0.0046498 -0.0185992 0
-0.0047668 -0.0190670 0
-0.0048852 -0.0195407 0
-0.0050050 -0.0200202 0
-0.0051264 -0.0205055 0
-0.0052492 -0.0209967 0
-0.0053734 -0.0214936 0
-0.0054991 -0.0219964 0
-0.0056262 -0.0225049 0
-0.0057548 -0.0230193 0
-0.0058849 -0.0235395 0
-0.0060164 -0.0240655 0
-0.0061493 -0.0245973 0
-0.0062837 -0.0251349 0
-0.0064196 -0.0256784 0
-0.0065569 -0.0262277 0
-0.0066957 -0.0267827 0
-0.0068359 -0.0273436 0
-0.0069776 -0.0279103 0
-0.0071207 -0.0284828 0
-0.0072653 -0.0290611 0
-0.0074113 -0.0296453 0
-0.0075588 -0.0302352 0
-0.0077077 -0.0308310 0
-0.0078581 -0.0314325 0
-0.0080100 -0.0320399 0
-0.0081633 -0.0326530 0
-0.0083180 -0.0332721 0
-0.0084742 -0.0338969 0
-0.0086319 -0.0345275 0
-0.0087910 -0.0351639 0
-0.0089516 -0.0358062 0
-0.0091136 -0.0364543 0
-0.0092770 -0.0371081 0
-0.0094420 -0.0377678 0
-0.0096083 -0.0384333 0
-0.0097762 -0.0391046 0
-0.0099454 -0.0397817 0
-0.0101162 -0.0404647 0
-0.0102884 -0.0411534 0
-0.0104620 -0.0418480 0
-0.0106371 -0.0425484 0
-0.0108137 -0.0432546 0
-0.0109917 -0.0439665 0
-0.0111711 -0.0446844 0
-0.0113520 -0.0454080 0
-0.0115344 -0.0461375 0
-0.0117182 -0.0468727 0
-0.0119034 -0.0476137 0
-0.0120901 -0.0483606 0
-0.0122783 -0.0491133 0
-0.0124680 -0.0498718 0
-0.0126590 -0.0506361 0
-0.0128516 -0.0514062 0
-0.0130455 -0.0521821 0
-0.0132410 -0.0529639 0
-0.0134378 -0.0537514 0
-0.0136362 -0.0545448 0
-0.0138360 -0.0553440 0
-0.0140372 -0.0561489 0
-0.0142400 -0.0569597 0
-0.0144441 -0.0577764 0
-0.0146497 -0.0585988 0
-0.0148568 -0.0594271 0
-0.0150653 -0.0602611 0
-0.0152752 -0.0611010 0
-0.0154867 -0.0619467 0
-0.0156995 -0.0627981 0
-0.0159139 -0.0636555 0
-0.0161296 -0.0645186 0
-0.0163469 -0.0653875 0
-0.0165656 -0.0662622 0
-0.0167857 -0.0671428 0
-0.0170073 -0.0680292 0
-0.0172303 -0.0689213 0
-0.0174548 -0.0698193 0
-0.0176808 -0.0707231 0
-0.0179082 -0.0716327 0
-0.0181370 -0.0725482 0
-0.0183674 -0.0734694 0
-0.0185991 -0.0743964 0
-0.0188323 -0.0753293 0
-0.0190670 -0.0762680 0
-0.0193031 -0.0772125 0
-0.0195407 -0.0781628 0
-0.0197797 -0.0791188 0
-0.0200202 -0.0800808 0
-0.0202621 -0.0810485 0
-0.0205055 -0.0820221 0
-0.0207504 -0.0830014 0
-0.0209966 -0.0839866 0
-0.0212444 -0.0849776 0
-0.0214936 -0.0859744 0
-0.0217443 -0.0869770 0
-0.0219963 -0.0879854 0
-0.0222499 -0.0889996 0
-0.0225049 -0.0900197 0
-0.0227614 -0.0910456 0
-0.0230193 -0.0920772 0
-0.0232787 -0.0931147 0
-0.0235395 -0.0941580 0
-0.0238018 -0.0952071 0
-0.0240655 -0.0962620 0
-0.0243307 -0.0973228 0
-0.0245973 -0.0983893 0
-0.0248654 -0.0994617 0
-0.0251350 -0.1005398 0
-0.0254059 -0.1016238 0
-0.0256784 -0.1027136 0
-0.0259523 -0.1038092 0
-0.0262277 -0.1049106 0
-0.0265045 -0.1060178 0
-0.0267827 -0.1071309 0
-0.0270624 -0.1082497 0
-0.0273436 -0.1093744 0
-0.0276262 -0.1105049 0
-0.0279103 -0.1116412 0
-0.0281958 -0.1127833 0
-0.0284828 -0.1139312 0
-0.0287712 -0.1150849 0
-0.0290611 -0.1162444 0
-0.0293524 -0.1174098 0
-0.0296452 -0.1185809 0
-0.0299395 -0.1197580 0
-0.0302352 -0.1209407 0
-0.0305323 -0.1221293 0
-0.0308309 -0.1233237 0
-0.0311310 -0.1245239 0
-0.0314325 -0.1257300 0
-0.0317355 -0.1269418 0
-0.0320399 -0.1281595 0
-0.0323457 -0.1293830 0
-0.0326531 -0.1306123 0
-0.0329618 -0.1318473 0
-0.0332721 -0.1330882 0
-0.0335837 -0.1343349 0
-0.0338969 -0.1355875 0
-0.0342115 -0.1368459 0
-0.0345275 -0.1381100 0
-0.0348450 -0.1393800 0
-0.0351640 -0.1406558 0
-0.0354843 -0.1419374 0
-0.0358062 -0.1432248 0
-0.0361295 -0.1445180 0
-0.0364543 -0.1458170 0
-0.0367805 -0.1471218 0
-0.0371081 -0.1484326 0
-0.0374373 -0.1497490 0
-0.0377678 -0.1510713 0
-0.0380998 -0.1523994 0
-0.0384333 -0.1537333 0
-0.0387682 -0.1550730 0
-0.0391046 -0.1564185 0
-0.0394425 -0.1577699 0
-0.0397817 -0.1591270 0
-0.0401225 -0.1604900 0
-0.0404647 -0.1618587 0
-0.0408083 -0.1632334 0
-0.0411534 -0.1646137 0
-0.0415000 -0.1660000 0
-0.0418480 -0.1673920 0
-0.0421975 -0.1687898 0
-0.0425484 -0.1701935 0
-0.0429007 -0.1716029 0
-0.0432546 -0.1730182 0
-0.0436098 -0.1744393 0
-0.0439665 -0.1758662 0
-0.0443247 -0.1772989 0
-0.0446844 -0.1787375 0
-0.0450454 -0.1801818 0
-0.0454080 -0.1816319 0
-0.0457720 -0.1830879 0
-0.0461374 -0.1845497 0
-0.0465043 -0.1860172 0
-0.0468727 -0.1874906 0
-0.0472425 -0.1889699 0
-0.0476137 -0.1904548 0
-0.0479864 -0.1919457 0
-0.0483606 -0.1934423 0
-0.0487362 -0.1949448 0
-0.0491133 -0.1964531 0
-0.0494918 -0.1979672 0
-0.0498718 -0.1994871 0
-0.0502532 -0.2010128 0
-0.0506361 -0.2025443 0
-0.0510204 -0.2040817 0
-0.0514062 -0.2056248 0
-0.0517934 -0.2071737 0
-0.0521821 -0.2087285 0
-0.0525723 -0.2102891 0
-0.0529639 -0.2118555 0
-0.0533569 -0.2134277 0
-0.0537514 -0.2150057 0
-0.0541474 -0.2165896 0
-0.0545448 -0.2181792 0
-0.0549437 -0.2197746 0
-0.0553440 -0.2213759 0
-0.0557458 -0.2229830 0
-0.0561490 -0.2245959 0
-0.0565537 -0.2262146 0
-0.0569598 -0.2278391 0
-0.0573674 -0.2294694 0
-0.0577764 -0.2311056 0
-0.0581869 -0.2327476 0
-0.0585988 -0.2343953 0
-0.0590122 -0.2360489 0
-0.0594271 -0.2377082 0
-0.0598434 -0.2393734 0
-0.0602611 -0.2410445 0
-0.0606803 -0.2427213 0
-0.0611010 -0.2444040 0
-0.0615231 -0.2460923 0
-0.0619467 -0.2477866 0
-0.0623717 -0.2494867 0
-0.0627982 -0.2511926 0
-0.0632261 -0.2529043 0
-0.0636555 -0.2546218 0
-0.0640863 -0.2563452 0
-0.0645186 -0.2580743 0
-0.0649523 -0.2598092 0
-0.0653875 -0.2615499 0
-0.0658242 -0.2632965 0
-0.0662622 -0.2650489 0
-0.0667018 -0.2668071 0
-0.0671428 -0.2685711 0
-0.0675852 -0.2703410 0
-0.0680292 -0.2721166 0
-0.0684745 -0.2738980 0
-0.0689213 -0.2756853 0
-0.0693696 -0.2774783 0
-0.0698193 -0.2792772 0
-0.0702705 -0.2810820 0
-0.0707231 -0.2828924 0
-0.0711772 -0.2847088 0
-0.0716327 -0.2865309 0
-0.0720897 -0.2883589 0
-0.0725482 -0.2901926 0
-0.0730080 -0.2920321 0
-0.0734694 -0.2938775 0
-0.0739322 -0.2957287 0
-0.0743964 -0.2975858 0
-0.0748621 -0.2994486 0
-0.0753293 -0.3013172 0
-0.0757979 -0.3031917 0
-0.0762680 -0.3050719 0
-0.0767395 -0.3069580 0
-0.0772125 -0.3088498 0
-0.0776869 -0.3107475 0
-0.0781628 -0.3126511 0
-0.0786401 -0.3145604 0
-0.0791189 -0.3164755 0
-0.0795991 -0.3183964 0
-0.0800808 -0.3203231 0
-0.0805639 -0.3222557 0
-0.0810485 -0.3241942 0
-0.0815346 -0.3261383 0
-0.0820221 -0.3280883 0
-0.0825110 -0.3300441 0
-0.0830014 -0.3320057 0
-0.0834933 -0.3339732 0
-0.0839866 -0.3359464 0
-0.0844814 -0.3379255 0
-0.0849776 -0.3399103 0
-0.0854753 -0.3419010 0
-0.0859744 -0.3438976 0
-0.0864750 -0.3458998 0
-0.0869770 -0.3479080 0
-0.0874805 -0.3499219 0
-0.0879854 -0.3519416 0
-0.0884918 -0.3539672 0
-0.0889996 -0.3559986 0
-0.0895089 -0.3580358 0
-0.0900197 -0.3600787 0
-0.0905319 -0.3621276 0
-0.0910456 -0.3641822 0
-0.0915607 -0.3662426 0
-0.0920772 -0.3683088 0
-0.0925952 -0.3703810 0
-0.0931147 -0.3724588 0
-0.0936356 -0.3745425 0
-0.0941580 -0.3766319 0
-0.0946818 -0.3787273 0
-0.0952071 -0.3808284 0
-0.0957338 -0.3829353 0
-0.0962620 -0.3850481 0
-0.0967916 -0.3871666 0
-0.0973228 -0.3892910 0
-0.0978553 -0.3914212 0
-0.0983893 -0.3935572 0
-0.0989248 -0.3956990 0
-0.0994616 -0.3978465 0
-0.1000000 -0.4000000 0
-0.1005384 -0.4021535 0
-0.1010753 -0.4043010 0
-0.1016107 -0.4064429 0
-0.1021447 -0.4085788 0
-0.1026773 -0.4107090 0
-0.1032084 -0.4128334 0
-0.1037380 -0.4149519 0
-0.1042662 -0.4170647 0
-0.1047929 -0.4191716 0
-0.1053182 -0.4212728 0
-0.1058420 -0.4233681 0
-0.1063644 -0.4254575 0
-0.1068853 -0.4275412 0
-0.1074048 -0.4296190 0
-0.1079228 -0.4316912 0
-0.1084393 -0.4337574 0
-0.1089545 -0.4358178 0
-0.1094681 -0.4378724 0
-0.1099803 -0.4399213 0
-0.1104911 -0.4419642 0
-0.1110004 -0.4440014 0
-0.1115082 -0.4460328 0
-0.1120146 -0.4480584 0
-0.1125195 -0.4500781 0
-0.1130230 -0.4520920 0
-0.1135250 -0.4541002 0
-0.1140256 -0.4561025 0
-0.1145247 -0.4580990 0
-0.1150224 -0.4600897 0
-0.1155186 -0.4620745 0
-0.1160134 -0.4640536 0
-0.1165067 -0.4660268 0
-0.1169986 -0.4679943 0
-0.1174890 -0.4699559 0
-0.1179779 -0.4719117 0
-0.1184654 -0.4738617 0
-0.1189515 -0.4758058 0
-0.1194361 -0.4777443 0
-0.1199192 -0.4796769 0
-0.1204009 -0.4816036 0
-0.1208811 -0.4835245 0
-0.1213599 -0.4854396 0
-0.1218372 -0.4873489 0
-0.1223131 -0.4892525 0
-0.1227875 -0.4911502 0
-0.1232605 -0.4930421 0
-0.1237320 -0.4949281 0
-0.1242021 -0.4968084 0
-0.1246707 -0.4986828 0
-0.1251379 -0.5005515 0
-0.1256036 -0.5024142 0
-0.1260678 -0.5042713 0
-0.1265306 -0.5061225 0
-0.1269920 -0.5079678 0
-0.1274518 -0.5098074 0
-0.1279103 -0.5116411 0
-0.1283673 -0.5134691 0
-0.1288228 -0.5152912 0
-0.1292769 -0.5171076 0
-0.1297295 -0.5189180 0
-0.1301807 -0.5207227 0
-0.1306304 -0.5225216 0
-0.1310787 -0.5243147 0
-0.1315255 -0.5261019 0
-0.1319709 -0.5278834 0
-0.1324148 -0.5296590 0
-0.1328572 -0.5314289 0
-0.1332982 -0.5331929 0
-0.1337378 -0.5349511 0
-0.1341759 -0.5367035 0
-0.1346125 -0.5384501 0
-0.1350477 -0.5401908 0
-0.1354814 -0.5419257 0
-0.1359137 -0.5436549 0
-0.1363446 -0.5453782 0
-0.1367739 -0.5470957 0
-0.1372018 -0.5488074 0
-0.1376283 -0.5505133 0
-0.1380533 -0.5522134 0
-0.1384769 -0.5539077 0
-0.1388990 -0.5555961 0
-0.1393197 -0.5572788 0
-0.1397389 -0.5589556 0
-0.1401566 -0.5606266 0
-0.1405729 -0.5622917 0
-0.1409878 -0.5639511 0
-0.1414012 -0.5656047 0
-0.1418131 -0.5672525 0
-0.1422236 -0.5688944 0
-0.1426326 -0.5705306 0
-0.1430402 -0.5721609 0
-0.1434464 -0.5737854 0
-0.1438510 -0.5754041 0
-0.1442543 -0.5770170 0
-0.1446560 -0.5786241 0
-0.1450563 -0.5802253 0
-0.1454552 -0.5818208 0
-0.1458526 -0.5834104 0
-0.1462486 -0.5849943 0
-0.1466431 -0.5865723 0
-0.1470361 -0.5881445 0
-0.1474277 -0.5897109 0
-0.1478179 -0.5912715 0
-0.1482066 -0.5928262 0
-0.1485938 -0.5943753 0
-0.1489796 -0.5959184 0
-0.1493639 -0.5974557 0
-0.1497468 -0.5989872 0
-0.1501282 -0.6005129 0
-0.1505082 -0.6020328 0
-0.1508867 -0.6035469 0
-0.1512638 -0.6050552 0
-0.1516394 -0.6065577 0
-0.1520136 -0.6080543 0
-0.1523863 -0.6095451 0
-0.1527575 -0.6110302 0
-0.1531273 -0.6125094 0
-0.1534957 -0.6139828 0
-0.1538626 -0.6154503 0
-0.1542280 -0.6169121 0
-0.1545920 -0.6183680 0
-0.1549546 -0.6198182 0
-0.1553156 -0.6212626 0
-0.1556753 -0.6227010 0
-0.1560335 -0.6241338 0
-0.1563902 -0.6255606 0
-0.1567454 -0.6269818 0
-0.1570993 -0.6283971 0
-0.1574516 -0.6298065 0
-0.1578026 -0.6312102 0
-0.1581520 -0.6326081 0
-0.1585000 -0.6340000 0
-0.1588466 -0.6353863 0
-0.1591917 -0.6367666 0
-0.1595353 -0.6381413 0
-0.1598775 -0.6395100 0
-0.1602183 -0.6408730 0
-0.1605575 -0.6422302 0
-0.1608954 -0.6435815 0
-0.1612318 -0.6449270 0
-0.1615667 -0.6462668 0
-0.1619002 -0.6476007 0
-0.1622322 -0.6489288 0
-0.1625628 -0.6502510 0
-0.1628919 -0.6515675 0
-0.1632195 -0.6528782 0
-0.1635458 -0.6541830 0
-0.1638705 -0.6554820 0
-0.1641938 -0.6567752 0
-0.1645157 -0.6580626 0
-0.1648361 -0.6593443 0
-0.1651550 -0.6606200 0
-0.1654725 -0.6618900 0
-0.1657885 -0.6631541 0
-0.1661031 -0.6644125 0
-0.1664163 -0.6656650 0
-0.1667279 -0.6669117 0
-0.1670382 -0.6681527 0
-0.1673469 -0.6693877 0
-0.1676543 -0.6706170 0
-0.1679601 -0.6718405 0
-0.1682646 -0.6730582 0
-0.1685675 -0.6742700 0
-0.1688690 -0.6754761 0
-0.1691691 -0.6766763 0
-0.1694677 -0.6778707 0
-0.1697648 -0.6790593 0
-0.1700605 -0.6802421 0
-0.1703548 -0.6814191 0
-0.1706475 -0.6825902 0
-0.1709389 -0.6837556 0
-0.1712288 -0.6849151 0
-0.1715172 -0.6860688 0
-0.1718042 -0.6872168 0
-0.1720897 -0.6883588 0
-0.1723738 -0.6894951 0
-0.1726564 -0.6906256 0
-0.1729376 -0.6917503 0
-0.1732173 -0.6928691 0
-0.1734955 -0.6939822 0
-0.1737723 -0.6950894 0
-0.1740477 -0.6961908 0
-0.1743216 -0.6972864 0
-0.1745941 -0.6983762 0
-0.1748650 -0.6994602 0
-0.1751346 -0.7005383 0
-0.1754027 -0.7016107 0
-0.1756693 -0.7026772 0
-0.1759345 -0.7037380 0
-0.1761982 -0.7047929 0
-0.1764605 -0.7058420 0
-0.1767213 -0.7068853 0
-0.1769807 -0.7079228 0
-0.1772386 -0.7089545 0
-0.1774951 -0.7099803 0
-0.1777501 -0.7110004 0
-0.1780036 -0.7120146 0
-0.1782558 -0.7130230 0
-0.1785064 -0.7140256 0
-0.1787556 -0.7150224 0
-0.1790034 -0.7160134 0
-0.1792496 -0.7169986 0
-0.1794945 -0.7179779 0
-0.1797379 -0.7189515 0
-0.1799798 -0.7199192 0
-0.1802203 -0.7208812 0
-0.1804593 -0.7218372 0
-0.1806969 -0.7227876 0
-0.1809330 -0.7237321 0
-0.1811677 -0.7246707 0
-0.1814009 -0.7256036 0
-0.1816327 -0.7265306 0
-0.1818630 -0.7274519 0
-0.1820918 -0.7283673 0
-0.1823192 -0.7292769 0
-0.1825452 -0.7301807 0
-0.1827697 -0.7310787 0
-0.1829927 -0.7319708 0
-0.1832143 -0.7328572 0
-0.1834344 -0.7337378 0
-0.1836531 -0.7346125 0
-0.1838704 -0.7354814 0
-0.1840861 -0.7363445 0
-0.1843005 -0.7372019 0
-0.1845133 -0.7380533 0
-0.1847248 -0.7388991 0
-0.1849347 -0.7397389 0
-0.1851432 -0.7405729 0
-0.1853503 -0.7414012 0
-0.1855559 -0.7422236 0
-0.1857601 -0.7430403 0
-0.1859628 -0.7438511 0
-0.1861640 -0.7446560 0
-0.1863638 -0.7454552 0
-0.1865622 -0.7462486 0
-0.1867590 -0.7470362 0
-0.1869545 -0.7478179 0
-0.1871485 -0.7485938 0
-0.1873410 -0.7493639 0
-0.1875321 -0.7501282 0
-0.1877217 -0.7508867 0
-0.1879099 -0.7516394 0
-0.1880966 -0.7523863 0
-0.1882818 -0.7531273 0
-0.1884656 -0.7538626 0
-0.1886480 -0.7545921 0
-0.1888289 -0.7553157 0
-0.1890084 -0.7560334 0
-0.1891864 -0.7567455 0
-0.1893629 -0.7574517 0
-0.1895380 -0.7581520 0
-0.1897116 -0.7588466 0
-0.1898838 -0.7595353 0
-0.1900546 -0.7602183 0
-0.1902238 -0.7608954 0
-0.1903917 -0.7615667 0
-0.1905580 -0.7622322 0
-0.1907230 -0.7628919 0
-0.1908864 -0.7635458 0
-0.1910485 -0.7641938 0
-0.1912090 -0.7648361 0
-0.1913681 -0.7654725 0
-0.1915258 -0.7661031 0
-0.1916820 -0.7667279 0
-0.1918367 -0.7673470 0
-0.1919900 -0.7679601 0
-0.1921419 -0.7685675 0
-0.1922923 -0.7691690 0
-0.1924412 -0.7697648 0
-0.1925887 -0.7703547 0
-0.1927347 -0.7709389 0
-0.1928793 -0.7715172 0
-0.1930224 -0.7720897 0
-0.1931641 -0.7726564 0
-0.1933043 -0.7732173 0
-0.1934431 -0.7737724 0
-0.1935804 -0.7743216 0
-0.1937163 -0.7748651 0
-0.1938507 -0.7754027 0
-0.1939836 -0.7759345 0
-0.1941151 -0.7764605 0
-0.1942452 -0.7769807 0
-0.1943738 -0.7774951 0
-0.1945009 -0.7780036 0
-0.1946266 -0.7785064 0
-0.1947508 -0.7790033 0
-0.1948736 -0.7794945 0
-0.1949950 -0.7799798 0
-0.1951148 -0.7804593 0
-0.1952333 -0.7809330 0
-0.1953502 -0.7814009 0
-0.1954657 -0.7818629 0
-0.1955798 -0.7823192 0
-0.1956924 -0.7827697 0
-0.1958036 -0.7832143 0
-0.1959133 -0.7836531 0
-0.1960215 -0.7840862 0
-0.1961283 -0.7845134 0
-0.1962337 -0.7849347 0
-0.1963376 -0.7853503 0
-0.1964400 -0.7857601 0
-0.1965410 -0.7861640 0
-0.1966405 -0.7865621 0
-0.1967386 -0.7869545 0
-0.1968352 -0.7873410 0
-0.1969304 -0.7877217 0
-0.1970242 -0.7880966 0
-0.1971164 -0.7884657 0
-0.1972072 -0.7888290 0
-0.1972966 -0.7891864 0
-0.1973845 -0.7895380 0
-0.1974710 -0.7898838 0
-0.1975560 -0.7902238 0
-0.1976395 -0.7905580 0
-0.1977216 -0.7908864 0
-0.1978023 -0.7912090 0
-0.1978814 -0.7915258 0
-0.1979592 -0.7918367 0
-0.1980355 -0.7921419 0
-0.1981103 -0.7924412 0
-0.1981837 -0.7927347 0
-0.1982556 -0.7930225 0
-0.1983261 -0.7933044 0
-0.1983951 -0.7935804 0
-0.1984627 -0.7938507 0
-0.1985288 -0.7941151 0
-0.1985935 -0.7943738 0
-0.1986566 -0.7946267 0
-0.1987184 -0.7948737 0
-0.1987787 -0.7951148 0
-0.1988376 -0.7953503 0
-0.1988950 -0.7955799 0
-0.1989509 -0.7958035 0
-0.1990054 -0.7960216 0
-0.1990584 -0.7962337 0
-0.1991100 -0.7964401 0
-0.1991601 -0.7966406 0
-0.1992088 -0.7968352 0
-0.1992560 -0.7970242 0
-0.1993018 -0.7972073 0
-0.1993461 -0.7973845 0
-0.1993890 -0.7975560 0
-0.1994304 -0.7977216 0
-0.1994704 -0.7978814 0
-0.1995089 -0.7980355 0
-0.1995459 -0.7981837 0
-0.1995815 -0.7983261 0
-0.1996157 -0.7984627 0
-0.1996484 -0.7985935 0
-0.1996796 -0.7987184 0
-0.1997094 -0.7988376 0
-0.1997377 -0.7989509 0
-0.1997646 -0.7990584 0
-0.1997900 -0.7991601 0
-0.1998140 -0.7992560 0
-0.1998365 -0.7993461 0
-0.1998576 -0.7994304 0
-0.1998772 -0.7995089 0
-0.1998954 -0.7995815 0
-0.1999121 -0.7996484 0
-0.1999273 -0.7997094 0
-0.1999412 -0.7997646 0
-0.1999535 -0.7998140 0
-0.1999644 -0.7998576 0
-0.1999739 -0.7998954 0
-0.1999818 -0.7999274 0
-0.1999884 -0.7999535 0
-0.1999935 -0.7999739 0
-0.1999971 -0.7999884 0
-0.1999993 -0.7999971 0
-0.2000000 -0.8000000 0
-0.2000000 -0.7999918 0
-0.2000000 -0.7999672 0
-0.2000000 -0.7999262 0
-0.2000000 -0.7998689 0
-0.2000000 -0.7997952 0
-0.2000000 -0.7997051 0
-0.2000000 -0.7995986 0
-0.2000000 -0.7994757 0
-0.2000000 -0.7993364 0
-0.2000000 -0.7991807 0
-0.2000000 -0.7990086 0
-0.2000000 -0.7988202 0
-0.2000000 -0.7986153 0
-0.2000000 -0.7983941 0
-0.2000000 -0.7981565 0
-0.2000000 -0.7979025 0
-0.2000000 -0.7976322 0
-0.2000000 -0.7973454 0
-0.2000000 -0.7970423 0
-0.2000000 -0.7967227 0
-0.2000000 -0.7963868 0
-0.2000000 -0.7960345 0
-0.2000000 -0.7956657 0
-0.2000000 -0.7952806 0
-0.2000000 -0.7948792 0
-0.2000000 -0.7944614 0
-0.2000000 -0.7940271 0
-0.2000000 -0.7935765 0
-0.2000000 -0.7931095 0
-0.2000000 -0.7926261 0
-0.2000000 -0.7921263 0
-0.2000000 -0.7916101 0
-0.2000000 -0.7910776 0
-0.2000000 -0.7905285 0
-0.2000000 -0.7899632 0
-0.2000000 -0.7893815 0
-0.2000000 -0.7887834 0
-0.2000000 -0.7881689 0
-0.2000000 -0.7875380 0
-0.2000000 -0.7868907 0
-0.2000000 -0.7862271 0
-0.2000000 -0.7855470 0
-0.2000000 -0.7848506 0
-0.2000000 -0.7841378 0
-0.2000000 -0.7834086 0
-0.2000000 -0.7826630 0
-0.2000000 -0.7819011 0
-0.2000000 -0.7811227 0
-0.2000000 -0.7803279 0
-0.2000000 -0.7795168 0
-0.2000000 -0.7786893 0
-0.2000000 -0.7778454 0
-0.2000000 -0.7769851 0
-0.2000000 -0.7761084 0
-0.2000000 -0.7752153 0
-0.2000000 -0.7743059 0
-0.2000000 -0.7733800 0
-0.2000000 -0.7724378 0
-0.2000000 -0.7714792 0
-0.2000000 -0.7705042 0
-0.2000000 -0.7695128 0
-0.2000000 -0.7685050 0
-0.2000000 -0.7674809 0
-0.2000000 -0.7664403 0
-0.2000000 -0.7653834 0
-0.2000000 -0.7643101 0
-0.2000000 -0.7632204 0
-0.2000000 -0.7621143 0
-0.2000000 -0.7609918 0
-0.2000000 -0.7598529 0
-0.2000000 -0.7586977 0
-0.2000000 -0.7575261 0
-0.2000000 -0.7563381 0
-0.2000000 -0.7551336 0
-0.2000000 -0.7539128 0
-0.2000000 -0.7526757 0
-0.2000000 -0.7514220 0
-0.2000000 -0.7501521 0
-0.2000000 -0.7488658 0
-0.2000000 -0.7475631 0
-0.2000000 -0.7462439 0
-0.2000000 -0.7449084 0
-0.2000000 -0.7435565 0
-0.2000000 -0.7421883 0
-0.2000000 -0.7408035 0
-0.2000000 -0.7394025 0
-0.2000000 -0.7379851 0
-0.2000000 -0.7365512 0
-0.2000000 -0.7351010 0
-0.2000000 -0.7336345 0
-0.2000000 -0.7321514 0
-0.2000000 -0.7306521 0
-0.2000000 -0.7291363 0
-0.2000000 -0.7276042 0
-0.2000000 -0.7260556 0
-0.2000000 -0.7244908 0
-0.2000000 -0.7229094 0
-0.2000000 -0.7213117 0
-0.2000000 -0.7196977 0
-0.2000000 -0.7180672 0
-0.2000000 -0.7164204 0
-0.2000000 -0.7147571 0
-0.2000000 -0.7130775 0
-0.2000000 -0.7113815 0
-0.2000000 -0.7096691 0
-0.2000000 -0.7079403 0
-0.2000000 -0.7061952 0
-0.2000000 -0.7044336 0
-0.2000000 -0.7026557 0
-0.2000000 -0.7008614 0
-0.2000000 -0.6990506 0
-0.2000000 -0.6972235 0
-0.2000000 -0.6953800 0
-0.2000000 -0.6935202 0
-0.2000000 -0.6916439 0
-0.2000000 -0.6897513 0
-0.2000000 -0.6878422 0
-0.2000000 -0.6859168 0
-0.2000000 -0.6839749 0
-0.2000000 -0.6820168 0
-0.2000000 -0.6800422 0
-0.2000000 -0.6780512 0
-0.2000000 -0.6760439 0
-0.2000000 -0.6740202 0
-0.2000000 -0.6719800 0
-0.2000000 -0.6699235 0
-0.2000000 -0.6678506 0
-0.2000000 -0.6657613 0
-0.2000000 -0.6636556 0
-0.2000000 -0.6615335 0
-0.2000000 -0.6593951 0
-0.2000000 -0.6572403 0
-0.2000000 -0.6550691 0
-0.2000000 -0.6528815 0
-0.2000000 -0.6506775 0
-0.2000000 -0.6484571 0
-0.2000000 -0.6462203 0
-0.2000000 -0.6439672 0
-0.2000000 -0.6416976 0
-0.2000000 -0.6394117 0
-0.2000000 -0.6371094 0
-0.2000000 -0.6347907 0
-0.2000000 -0.6324556 0
-0.2000000 -0.6301042 0
-0.2000000 -0.6277363 0
-0.2000000 -0.6253520 0
-0.2000000 -0.6229514 0
-0.2000000 -0.6205344 0
-0.2000000 -0.6181010 0
-0.2000000 -0.6156512 0
-0.2000000 -0.6131850 0
-0.2000000 -0.6107025 0
-0.2000000 -0.6082035 0
-0.2000000 -0.6056882 0
-0.2000000 -0.6031564 0
-0.2000000 -0.6006083 0
-0.2000000 -0.5980439 0
-0.2000000 -0.5954630 0
-0.2000000 -0.5928657 0
-0.2000000 -0.5902520 0
-0.2000000 -0.5876220 8
-0.2000000 -0.5849756 8
-0.2000000 -0.5823128 8
-0.2000000 -0.5796336 8
-0.2000000 -0.5769380 8
-0.2000000 -0.5742260 8
-0.2000000 -0.5714976 8
-0.2000000 -0.5687529 8
-0.2000000 -0.5659918 8
-0.2000000 -0.5632142 8
-0.2000000 -0.5604203 8
-0.2000000 -0.5576252 8
-0.2000000 -0.5548301 8
-0.2000000 -0.5520350 8
-0.2000000 -0.5492399 8
-0.2000000 -0.5464448 8
-0.2000000 -0.5436497 8
-0.2000000 -0.5408546 8
-0.2000000 -0.5380595 8
-0.2000000 -0.5352643 8
-0.2000000 -0.5324692 8
-0.2000000 -0.5296741 8
-0.2000000 -0.5268790 8
-0.2000000 -0.5240839 8
-0.2000000 -0.5212888 8
-0.2000000 -0.5184937 8
-0.2000000 -0.5156986 8
-0.2000000 -0.5129035 8
-0.2000000 -0.5101083 8
-0.2000000 -0.5073131 8
-0.2000000 -0.5045180 8
-0.2000000 -0.5017229 8
-0.2000000 -0.4989278 8
-0.2000000 -0.4961328 8
-0.2000000 -0.4933376 8
-0.2000000 -0.4905425 8
-0.2000000 -0.4877473 8
-0.2000000 -0.4849523 8
-0.2000000 -0.4821571 8
-0.2000000 -0.4793620 8
-0.2000000 -0.4765669 8
-0.2000000 -0.4737718 8
-0.2000000 -0.4709767 8
-0.2000000 -0.4681816 8
-0.2000000 -0.4653865 8
-0.2000000 -0.4625913 8
-0.2000000 -0.4597962 8
-0.2000000 -0.4570011 8
-0.2000000 -0.4542060 8
-0.2000000 -0.4514109 8
-0.2000000 -0.4486158 8
-0.2000000 -0.4458207 8
-0.2000000 -0.4430255 8
-0.2000000 -0.4402305 8
-0.2000000 -0.4374353 8
-0.2000000 -0.4346402 8
-0.2000000 -0.4318451 8
-0.2000000 -0.4290500 8
-0.2000000 -0.4262548 8
-0.2000000 -0.4234597 8
-0.2000000 -0.4206646 8
-0.2000000 -0.4178695 8
-0.2000000 -0.4150744 8
-0.2000000 -0.4122793 8
-0.2000000 -0.4094842 8
-0.2000000 -0.4066891 8
-0.2000000 -0.4038939 8
-0.2000000 -0.4010988 8
-0.2000000 -0.3983037 8
-0.2000000 -0.3955086 8
-0.2000000 -0.3927135 8
-0.2000000 -0.3899184 8
-0.2000000 -0.3871232 8
-0.2000000 -0.3843282 8
-0.2000000 -0.3815331 8
-0.2000000 -0.3787379 8
-0.2000000 -0.3759428 8
-0.2000000 -0.3731477 8
-0.2000000 -0.3703526 8
-0.2000000 -0.3675574 8
-0.2000000 -0.3647624 8
-0.2000000 -0.3619672 8
-0.2000000 -0.3591722 8
-0.2000000 -0.3563770 8
-0.2000000 -0.3535819 8
-0.2000000 -0.3507868 8
-0.2000000 -0.3479917 8
-0.2000000 -0.3451965 8
-0.2000000 -0.3424015 8
-0.2000000 -0.3396064 8
-0.2000000 -0.3368112 8
-0.2000000 -0.3340161 8
-0.2000000 -0.3312210 8
-0.2000000 -0.3284259 8
-0.2000000 -0.3256308 8
-0.2000000 -0.3228357 8
-0.2000000 -0.3200405 8
-0.2000000 -0.3172455 8
-0.2000000 -0.3144503 8
-0.2000000 -0.3116551 8
-0.2000000 -0.3088601 8
-0.2000000 -0.3060650 8
-0.2000000 -0.3032699 8
-0.2000000 -0.3004747 8
-0.2000000 -0.2976796 8
-0.2000000 -0.2948845 8
-0.2000000 -0.2920894 8
-0.2000000 -0.2892942 8
-0.2000000 -0.2864991 8
-0.2000000 -0.2837041 8
-0.2000000 -0.2809089 8
-0.2000000 -0.2781138 8
-0.2000000 -0.2753187 8
-0.2000000 -0.2725236 8
-0.2000000 -0.2697285 8
-0.2000000 -0.2669334 8
-0.2000000 -0.2641382 8
-0.2000000 -0.2613431 8
-0.2000000 -0.2585481 8
-0.2000000 -0.2557529 8
-0.2000000 -0.2529578 8
-0.2000000 -0.2501627 8
-0.2000000 -0.2473676 8
-0.2000000 -0.2445725 8
-0.2000000 -0.2417774 8
-0.2000000 -0.2389823 8
-0.2000000 -0.2361871 8
-0.2000000 -0.2333920 8
-0.2000000 -0.2305969 8
-0.2000000 -0.2278017 8
-0.2000000 -0.2250066 8
-0.2000000 -0.2222115 8
-0.2000000 -0.2194164 8
-0.2000000 -0.2166213 8
-0.2000000 -0.2138262 8
-0.2000000 -0.2110311 8
-0.2000000 -0.2082360 8
-0.2000000 -0.2054409 8
-0.2000000 -0.2026457 8
-0.2000000 -0.1998506 8
-0.2000000 -0.1970555 8
-0.2000000 -0.1942604 8
-0.2000000 -0.1914653 8
-0.2000000 -0.1886702 8
-0.2000000 -0.1858751 8
-0.2000000 -0.1830800 8
-0.2000000 -0.1802849 8
-0.2000000 -0.1774897 8
-0.2000000 -0.1746946 8
-0.2000000 -0.1718995 8
-0.2000000 -0.1691044 8
-0.2000000 -0.1663093 8
-0.2000000 -0.1635141 8
-0.2000000 -0.1607190 8
-0.2000000 -0.1579239 8
-0.2000000 -0.1551288 8
-0.2000000 -0.1523337 8
-0.2000000 -0.1495385 8
-0.2000000 -0.1467435 8
-0.2000000 -0.1439484 8
-0.2000000 -0.1411532 8
-0.2000000 -0.1383581 8
-0.2000000 -0.1355630 8
-0.2000000 -0.1327679 8
-0.2000000 -0.1299728 8
-0.2000000 -0.1271777 8
-0.2000000 -0.1243826 8
-0.2000000 -0.1215875 8
-0.2000000 -0.1187924 8
-0.2000000 -0.1159972 8
-0.2000000 -0.1132021 8
-0.2000000 -0.1104070 253
-0.2000000 -0.1076119 249
-0.2000000 -0.1048168 249
-0.2000000 -0.1020216 249
-0.2000000 -0.0992266 251
-0.2000000 -0.0964314 251
-0.2000000 -0.0936363 251
-0.2000000 -0.0908412 249
-0.2000000 -0.0880461 249
-0.2000000 -0.0852510 249
-0.2000000 -0.0824559 249
-0.2000000 -0.0796608 249
-0.2000000 -0.0768656 249
-0.2000000 -0.0740706 249
-0.2000000 -0.0712754 251
-0.2000000 -0.0684803 251
-0.2000000 -0.0656852 251
-0.2000000 -0.0628901 249
-0.2000000 -0.0600950 249
-0.2000000 -0.0572998 249
-0.2000000 -0.0545048 249
-0.2000000 -0.0517096 249
-0.2000000 -0.0489146 249
-0.2000000 -0.0461194 249
-0.2000000 -0.0433243 251
-0.2000000 -0.0405291 251
-0.2000000 -0.0377340 251
-0.2000000 -0.0349389 249
-0.2000000 -0.0321438 249
-0.2000000 -0.0293487 249
-0.2000000 -0.0265536 249
-0.2000000 -0.0237585 249
-0.2000000 -0.0209634 249
-0.2000000 -0.0181683 249
-0.2000000 -0.0153731 251
-0.2000000 -0.0125780 251
-0.2000000 -0.0097829 251
-0.2000000 -0.0069878 249
-0.2000000 -0.0041927 249
-0.2000000 -0.0013976 249
-0.2000000 0.0013975 249
-0.2000000 0.0041927 249
-0.2000000 0.0069878 249
-0.2000000 0.0097830 249
-0.2000000 0.0125780 251
-0.2000000 0.0153731 251
-0.2000000 0.0181683 251
-0.2000000 0.0209633 249
-0.2000000 0.0237585 249
-0.2000000 0.0265535 249
-0.2000000 0.0293487 249
-0.2000000 0.0321438 249
-0.2000000 0.0349390 249
-0.2000000 0.0377340 249
-0.2000000 0.0405291 251
-0.2000000 0.0433243 251
-0.2000000 0.0461193 251
-0.2000000 0.0489146 249
-0.2000000 0.0517095 249
-0.2000000 0.0545048 249
-0.2000000 0.0572998 249
-0.2000000 0.0600950 249
-0.2000000 0.0628901 249
-0.2000000 0.0656851 249
-0.2000000 0.0684803 251
-0.2000000 0.0712754 251
-0.2000000 0.0740706 251
-0.2000000 0.0768656 249
-0.2000000 0.0796608 249
-0.2000000 0.0824558 249
-0.2000000 0.0852510 249
-0.2000000 0.0880461 249
-0.2000000 0.0908411 249
-0.2000000 0.0936363 249
-0.2000000 0.0964314 251
-0.2000000 0.0992266 251
-0.2000000 0.1020216 251
-0.2000000 0.1048168 249
-0.2000000 0.1076118 249
-0.2000000 0.1104071 249
-0.2000000 0.1132021 249
-0.2000000 0.1159972 249
-0.2000000 0.1187924 249
-0.2000000 0.1215874 249
-0.2000000 0.1243826 251
-0.2000000 0.1271776 251
-0.2000000 0.1299728 251
-0.2000000 0.1327679 249
-0.2000000 0.1355631 249
-0.2000000 0.1383581 249
-0.2000000 0.1411532 249
-0.2000000 0.1439484 249
-0.2000000 0.1467434 249
-0.2000000 0.1495386 249
-0.2000000 0.1523336 251
-0.2000000 0.1551288 251
-0.2000000 0.1579239 251
-0.2000000 0.1607191 249
-0.2000000 0.1635141 249
-0.2000000 0.1663092 249
-0.2000000 0.1691044 249
-0.2000000 0.1718995 249
-0.2000000 0.1746947 249
-0.2000000 0.1774896 249
-0.2000000 0.1802849 251
-0.2000000 0.1830799 251
-0.2000000 0.1858751 251
-0.2000000 0.1886702 249
-0.2000000 0.1914653 249
-0.2000000 0.1942604 249
-0.2000000 0.1970555 249
-0.2000000 0.1998507 249
-0.2000000 0.2026457 249
-0.2000000 0.2054409 249
-0.2000000 0.2082359 251
-0.2000000 0.2110311 251
-0.2000000 0.2138262 251
-0.2000000 0.2166213 249
-0.2000000 0.2194164 249
-0.2000000 0.2222115 249
-0.2000000 0.2250066 249
-0.2000000 0.2278017 249
-0.2000000 0.2305970 249
-0.2000000 0.2333919 249
-0.2000000 0.2361872 251
-0.2000000 0.2389823 251
-0.2000000 0.2417774 251
-0.2000000 0.2445725 249
-0.2000000 0.2473676 249
-0.2000000 0.2501627 249
-0.2000000 0.2529579 249
-0.2000000 0.2557530 249
-0.2000000 0.2585481 249
-0.2000000 0.2613432 249
-0.2000000 0.2641383 251
-0.2000000 0.2669334 251
-0.2000000 0.2697285 251
-0.2000000 0.2725236 249
-0.2000000 0.2753187 249
-0.2000000 0.2781139 249
-0.2000000 0.2809090 249
-0.2000000 0.2837041 249
-0.2000000 0.2864991 249
-0.2000000 0.2892943 249
-0.2000000 0.2920894 251
-0.2000000 0.2948845 251
-0.2000000 0.2976796 251
-0.2000000 0.3004747 249
-0.2000000 0.3032699 249
-0.2000000 0.3060650 249
-0.2000000 0.3088601 249
-0.2000000 0.3116551 249
-0.2000000 0.3144503 249
-0.2000000 0.3172454 249
-0.2000000 0.3200405 251
-0.2000000 0.3228356 251
-0.2000000 0.3256307 251
-0.2000000 0.3284259 249
-0.2000000 0.3312210 249
-0.2000000 0.3340161 249
-0.2000000 0.3368111 249
-0.2000000 0.3396063 249
-0.2000000 0.3424014 249
-0.2000000 0.3451965 249
-0.2000000 0.3479916 251
-0.2000000 0.3507867 251
-0.2000000 0.3535820 251
-0.2000000 0.3563771 249
-0.2000000 0.3591722 249
-0.2000000 0.3619671 249
-0.2000000 0.3647624 249
-0.2000000 0.3675575 249
-0.2000000 0.3703526 249
-0.2000000 0.3731477 249
-0.2000000 0.3759428 251
-0.2000000 0.3787380 251
-0.2000000 0.3815331 251
-0.2000000 0.3843282 249
-0.2000000 0.3871232 249
-0.2000000 0.3899184 249
-0.2000000 0.3927135 249
-0.2000000 0.3955086 249
-0.2000000 0.3983037 249
-0.2000000 0.4010988 249
-0.2000000 0.4038940 251
-0.2000000 0.4066891 251
-0.2000000 0.4094842 251
-0.2000000 0.4122792 249
-0.2000000 0.4150744 249
-0.2000000 0.4178695 249
-0.2000000 0.4206646 249
-0.2000000 0.4234597 249
-0.2000000 0.4262548 249
-0.2000000 0.4290500 249
-0.2000000 0.4318451 251
-0.2000000 0.4346402 251
-0.2000000 0.4374352 251
-0.2000000 0.4402304 249
-0.2000000 0.4430255 249
-0.2000000 0.4458207 249
-0.2000000 0.4486157 249
-0.2000000 0.4514108 249
-0.2000000 0.4542060 249
-0.2000000 0.4570011 249
-0.2000000 0.4597962 251
-0.2000000 0.4625912 251
-0.2000000 0.4653865 251
-0.2000000 0.4681816 249
-0.2000000 0.4709768 249
-0.2000000 0.4737718 249
-0.2000000 0.4765669 249
-0.2000000 0.4793621 249
-0.2000000 0.4821572 249
-0.2000000 0.4849523 249
-0.2000000 0.4877473 251
-0.2000000 0.4905425 251
-0.2000000 0.4933376 251
-0.2000000 0.4961328 249
-0.2000000 0.4989278 249
-0.2000000 0.5017229 249
-0.2000000 0.5045181 249
-0.2000000 0.5073132 249
-0.2000000 0.5101083 249
-0.2000000 0.5129034 249
-0.2000000 0.5156985 251
-0.2000000 0.5184936 251
-0.2000000 0.5212888 251
-0.2000000 0.5240838 249
-0.2000000 0.5268790 249
-0.2000000 0.5296741 249
-0.2000000 0.5324692 249
-0.2000000 0.5352643 249
-0.2000000 0.5380594 249
-0.2000000 0.5408545 249
-0.2000000 0.5436496 251
-0.2000000 0.5464448 251
-0.2000000 0.5492398 251
-0.2000000 0.5520350 249
-0.2000000 0.5548301 249
-0.2000000 0.5576252 249
-0.1998937 0.5604203 249
-0.1997873 0.5632306 249
-0.1996810 0.5660244 249
-0.1995747 0.5688015 249
-0.1994684 0.5715620 251
-0.1993620 0.5743061 251
-0.1992557 0.5770335 251
-0.1991494 0.5797442 249
-0.1990431 0.5824385 249
-0.1989367 0.5851161 249
-0.1988304 0.5877772 249
-0.1987241 0.5904217 249
-0.1986178 0.5930496 249
-0.1985114 0.5956610 249
-0.1984051 0.5982557 251
-0.1982988 0.6008340 251
-0.1981924 0.6033955 251
-0.1980861 0.6059404 249
-0.1979798 0.6084688 249
-0.1978735 0.6109808 249
-0.1977672 0.6134760 249
-0.1976608 0.6159548 249
-0.1975545 0.6184168 249
-0.1974482 0.6208624 249
-0.1973418 0.6232914 251
-0.1972355 0.6257038 251
-0.1971292 0.6280995 251
-0.1970229 0.6304788 249
-0.1969165 0.6328413 249
-0.1968102 0.6351874 249
-0.1967039 0.6375169 249
-0.1965976 0.6398298 249
-0.1964912 0.6421261 249
-0.1963849 0.6444059 249
-0.1962786 0.6466690 251
-0.1961723 0.6489156 251
-0.1960659 0.6511455 251
-0.1959596 0.6533590 249
-0.1958533 0.6555558 249
-0.1957469 0.6577361 249
-0.1956406 0.6598998 249
-0.1955343 0.6620470 249
-0.1954280 0.6641774 249
-0.1953216 0.6662913 249
-0.1952153 0.6683887 251
-0.1951090 0.6704695 251
-0.1950027 0.6725336 251
-0.1948963 0.6745813 249
-0.1947900 0.6766123 249
-0.1946837 0.6786268 249
-0.1945774 0.6806247 249
-0.1944710 0.6826059 249
-0.1943647 0.6845707 249
-0.1942584 0.6865188 249
-0.1941521 0.6884504 251
-0.1940457 0.6903654 251
-0.1939394 0.6922638 251
-0.1938331 0.6941456 249
-0.1937267 0.6960108 249
-0.1936204 0.6978595 249
-0.1935141 0.6996916 249
-0.1934078 0.7015072 249
-0.1933014 0.7033060 249
-0.1931951 0.7050883 249
-0.1930888 0.7068540 251
-0.1929825 0.7086033 251
-0.1928761 0.7103358 251
-0.1927698 0.7120519 249
-0.1926635 0.7137514 249
-0.1925572 0.7154341 249
-0.1924508 0.7171004 249
-0.1923445 0.7187502 249
-0.1922382 0.7203832 249
-0.1921318 0.7219998 249
-0.1920255 0.7235999 251
-0.1919192 0.7251831 251
-0.1918129 0.7267500 251
-0.1917065 0.7283002 249
-0.1916002 0.7298338 249
-0.1914939 0.7313510 249
-0.1913876 0.7328514 249
-0.1912812 0.7343354 249
-0.1911749 0.7358026 249
-0.1910686 0.7372534 249
-0.1909623 0.7386876 251
-0.1908559 0.7401051 251
-0.1907496 0.7415062 251
-0.1906433 0.7428905 249
-0.1905369 0.7442583 249
-0.1904306 0.7456097 249
-0.1903243 0.7469442 249
-0.1902180 0.7482625 249
-0.1901116 0.7495640 249
-0.1900053 0.7508488 249
-0.1898990 0.7521172 251
-0.1897927 0.7533689 251
-0.1896863 0.7546042 251
-0.1895800 0.7558228 249
-0.1894737 0.7570248 249
-0.1893674 0.7582104 249
-0.1892610 0.7593792 249
-0.1891547 0.7605315 249
-0.1890484 0.7616673 249
-0.1889421 0.7627864 249
-0.1888357 0.7638889 251
-0.1887294 0.7649750 251
-0.1886231 0.7660443 251
-0.1885168 0.7670972 249
-0.1884104 0.7681333 249
-0.1883041 0.7691531 249
-0.1881978 0.7701561 249
-0.1880914 0.7711427 249
-0.1879851 0.7721127 249
-0.1878788 0.7730660 249
-0.1877725 0.7740026 251
-0.1876661 0.7749229 251
-0.1875598 0.7758265 251
-0.1874535 0.7767136 249
-0.1873472 0.7775840 249
-0.1872408 0.7784378 249
-0.1871345 0.7792751 249
-0.1870282 0.7800959 249
-0.1869218 0.7809001 249
-0.1868155 0.7816876 249
-0.1867092 0.7824585 251
-0.1866029 0.7832128 251
-0.1864965 0.7839506 251
-0.1863902 0.7846718 249
-0.1862839 0.7853766 249
-0.1861776 0.7860646 249
-0.1860712 0.7867361 249
-0.1859649 0.7873910 249
-0.1858586 0.7880293 249
-0.1857523 0.7886510 249
-0.1856459 0.7892563 251
-0.1855396 0.7898448 251
-0.1854333 0.7904168 251
-0.1853269 0.7909723 249
-0.1852206 0.7915111 249
-0.1851143 0.7920334 249
-0.1850080 0.7925391 249
-0.1849017 0.7930282 249
-0.1847953 0.7935007 249
-0.1846890 0.7939566 249
-0.1845827 0.7943960 251
-0.1844763 0.7948188 251
-0.1843700 0.7952250 251
-0.1842637 0.7956147 249
-0.1841574 0.7959877 249
-0.1840510 0.7963442 249
-0.1839447 0.7966841 249
-0.1838384 0.7970074 249
-0.1837321 0.7973141 249
-0.1836257 0.7976041 249
-0.1835194 0.7978778 251
-0.1834131 0.7981349 251
-0.1833068 0.7983752 251
-0.1832004 0.7985991 249
-0.1830941 0.7988063 249
-0.1829878 0.7989970 249
-0.1828814 0.7991710 8
-0.1827751 0.7993285 8
-0.1826688 0.7994694 8
-0.1825625 0.7995937 8
-0.1824561 0.7997015 8
-0.1823498 0.7997928 8
-0.1822435 0.7998673 8
-0.1821372 0.7999254 8
-0.1820308 0.7999669 8
-0.1819245 0.7999917 8
-0.1818182 0.8000000 8
-0.1817119 0.7999918 8
-0.1816055 0.7999672 8
-0.1814992 0.7999262 8
-0.1813929 0.7998690 8
-0.1812865 0.7997952 8
-0.1811802 0.7997051 8
-0.1810739 0.7995985 8
-0.1809676 0.7994757 8
-0.1808612 0.7993364 8
-0.1807549 0.7991806 8
-0.1806486 0.7990085 8
-0.1805423 0.7988201 8
-0.1804359 0.7986153 8
-0.1803296 0.7983941 8
-0.1802233 0.7981566 8
-0.1801170 0.7979025 8
-0.1800106 0.7976322 8
-0.1799043 0.7973453 8
-0.1797980 0.7970423 8
-0.1796917 0.7967226 8
-0.1795853 0.7963868 8
-0.1794790 0.7960344 8
-0.1793727 0.7956658 8
-0.1792663 0.7952806 8
-0.1791600 0.7948791 8
-0.1790537 0.7944613 8
-0.1789474 0.7940271 8
-0.1788410 0.7935764 8
-0.1787347 0.7931095 8
-0.1786284 0.7926260 8
-0.1785221 0.7921262 8
-0.1784157 0.7916101 8
-0.1783094 0.7910776 8
-0.1782031 0.7905285 8
-0.1780968 0.7899633 8
-0.1779904 0.7893816 8
-0.1778841 0.7887835 8
-0.1777778 0.7881690 8
-0.1776715 0.7875380 8
-0.1775651 0.7868908 8
-0.1774588 0.7862270 8
-0.1773525 0.7855471 8
-0.1772462 0.7848507 8
-0.1771398 0.7841378 8
-0.1770335 0.7834086 8
-0.1769272 0.7826629 8
-0.1768208 0.7819011 8
-0.1767145 0.7811227 8
-0.1766082 0.7803279 8
-0.1765019 0.7795168 8
-0.1763955 0.7786893 8
-0.1762892 0.7778454 8
-0.1761829 0.7769851 8
-0.1760766 0.7761083 8
-0.1759702 0.7752153 8
-0.1758639 0.7743059 8
-0.1757576 0.7733801 8
-0.1756513 0.7724379 8
-0.1755449 0.7714792 8
-0.1754386 0.7705042 8
-0.1753323 0.7695128 8
-0.1752259 0.7685052 8
-0.1751196 0.7674809 8
-0.1750133 0.7664405 8
-0.1749070 0.7653833 8
-0.1748006 0.7643101 8
-0.1746943 0.7632204 8
-0.1745880 0.7621143 8
-0.1744817 0.7609919 8
-0.1743753 0.7598529 8
-0.1742690 0.7586977 8
-0.1741627 0.7575260 8
-0.1740564 0.7563381 8
-0.1739500 0.7551337 8
-0.1738437 0.7539127 8
-0.1737374 0.7526756 8
-0.1736311 0.7514220 8
-0.1735247 0.7501521 8
-0.1734184 0.7488657 8
-0.1733121 0.7475629 8
-0.1732057 0.7462439 8
-0.1730994 0.7449084 8
-0.1729931 0.7435566 8
-0.1728868 0.7421883 8
-0.1727804 0.7408035 8
-0.1726741 0.7394025 8
-0.1725678 0.7379851 8
-0.1724615 0.7365513 8
-0.1723551 0.7351010 8
-0.1722488 0.7336345 8
-0.1721425 0.7321514 8
-0.1720362 0.7306520 8
-0.1719298 0.7291363 8
-0.1718235 0.7276042 8
-0.1717172 0.7260557 8
-0.1716108 0.7244907 8
-0.1715045 0.7229094 8
-0.1713982 0.7213117 8
-0.1712919 0.7196977 8
-0.1711855 0.7180672 8
-0.1710792 0.7164204 8
-0.1709729 0.7147571 8
-0.1708666 0.7130776 8
-0.1707602 0.7113815 8
-0.1706539 0.7096692 8
-0.1705476 0.7079403 8
-0.1704413 0.7061952 8
-0.1703349 0.7044336 8
-0.1702286 0.7026556 8
-0.1701223 0.7008614 8
-0.1700159 0.6990505 8
-0.1699096 0.6972235 8
-0.1698033 0.6953800 8
-0.1696970 0.6935201 8
-0.1695907 0.6916439 8
-0.1694843 0.6897512 8
-0.1693780 0.6878422 8
-0.1692717 0.6859168 8
-0.1691653 0.6839749 8
-0.1690590 0.6820168 8
-0.1689527 0.6800422 8
-0.1688464 0.6780512 8
-0.1687400 0.6760439 8
-0.1686337 0.6740202 8
-0.1685274 0.6719800 8
-0.1684211 0.6699235 8
-0.1683147 0.6678506 8
-0.1682084 0.6657613 8
-0.1681021 0.6636557 8
-0.1679958 0.6615335 8
-0.1678894 0.6593952 8
-0.1677831 0.6572403 8
-0.1676768 0.6550691 8
-0.1675704 0.6528814 8
-0.1674641 0.6506775 8
-0.1673578 0.6484571 8
-0.1672515 0.6462204 8
-0.1671451 0.6439672 8
-0.1670388 0.6416977 8
-0.1669325 0.6394117 8
-0.1668262 0.6371093 8
-0.1667198 0.6347907 8
-0.1666135 0.6324556 8
-0.1665072 0.6301041 8
-0.1664008 0.6277363 8
-0.1662945 0.6253521 8
-0.1661882 0.6229514 8
-0.1660819 0.6205345 8
-0.1659755 0.6181011 8
-0.1658692 0.6156512 8
-0.1657629 0.6131850 8
-0.1656566 0.6107026 8
-0.1655502 0.6082035 8
-0.1654439 0.6056882 8
-0.1653376 0.6031565 8
-0.1652313 0.6006084 8
-0.1651249 0.5980439 8
-0.1650186 0.5954630 8
-0.1649123 0.5928658 8
-0.1648059 0.5902521 8
-0.1646996 0.5876221 0
-0.1645933 0.5849757 0
-0.1644870 0.5823128 0
-0.1643807 0.5796335 0
-0.1642743 0.5769380 0
-0.1641680 0.5742260 0
-0.1640617 0.5714976 0
-0.1639553 0.5687528 0
-0.1638490 0.5659918 0
-0.1637427 0.5632142 0
-0.1636364 0.5604203 0
-0.1636364 0.5576252 0
-0.1636364 0.5548301 0
-0.1636364 0.5520349 0
-0.1636364 0.5492398 0
-0.1636364 0.5464448 0
-0.1636364 0.5436497 0
-0.1636364 0.5408545 0
-0.1636364 0.5380594 0
-0.1636364 0.5352643 0
-0.1636364 0.5324692 0
-0.1636364 0.5296741 0
-0.1636364 0.5268789 0
-0.1636364 0.5240838 0
-0.1636364 0.5212888 0
-0.1636364 0.5184937 0
-0.1636364 0.5156985 0
-0.1636364 0.5129034 0
-0.1636364 0.5101083 0
-0.1636364 0.5073132 0
-0.1636364 0.5045181 0
-0.1636364 0.5017229 0
-0.1636364 0.4989278 0
-0.1636364 0.4961328 0
-0.1636364 0.4933377 0
-0.1636364 0.4905425 0
-0.1636364 0.4877474 0
-0.1636364 0.4849523 0
-0.1636364 0.4821572 0
-0.1636364 0.4793621 0
-0.1636364 0.4765669 0
-0.1636364 0.4737718 0
-0.1636364 0.4709767 0
-0.1636364 0.4681817 0
-0.1636364 0.4653865 0
-0.1636364 0.4625914 0
-0.1636364 0.4597962 0
-0.1636364 0.4570011 0
-0.1636364 0.4542060 0
-0.1636364 0.4514108 0
-0.1636364 0.4486157 0
-0.1636364 0.4458206 0
-0.1636364 0.4430255 0
-0.1636364 0.4402304 0
-0.1636364 0.4374353 0
-0.1636364 0.4346402 0
-0.1636364 0.4318451 0
-0.1636364 0.4290500 0
-0.1636364 0.4262548 0
-0.1636364 0.4234597 0
-0.1636364 0.4206646 0
-0.1636364 0.4178695 0
-0.1636364 0.4150744 0
-0.1636364 0.4122793 0
-0.1636364 0.4094842 0
-0.1636364 0.4066891 0
-0.1636364 0.4038940 0
-0.1636364 0.4010988 0
-0.1636364 0.3983037 0
-0.1636364 0.3955086 0
-0.1636364 0.3927135 0
-0.1636364 0.3899184 0
-0.1636364 0.3871232 0
-0.1636364 0.3843282 0
-0.1636364 0.3815331 0
-0.1636364 0.3787380 0
-0.1636364 0.3759428 0
-0.1636364 0.3731477 0
-0.1636364 0.3703526 0
-0.1636364 0.3675575 0
-0.1636364 0.3647624 0
-0.1636364 0.3619671 0
-0.1636364 0.3591722 0
-0.1636364 0.3563771 0
-0.1636364 0.3535820 0
-0.1636364 0.3507867 0
-0.1636364 0.3479916 0
-0.1636364 0.3451965 0
-0.1636364 0.3424016 0
-0.1636364 0.3396063 0
-0.1636364 0.3368111 0
-0.1636364 0.3340161 0
-0.1636364 0.3312210 0
-0.1636364 0.3284259 0
-0.1636364 0.3256307 0
-0.1636364 0.3228356 0
-0.1636364 0.3200405 0
-0.1636364 0.3172455 0
-0.1636364 0.3144503 0
-0.1636364 0.3116551 0
-0.1636364 0.3088601 0
-0.1636364 0.3060650 0
-0.1636364 0.3032699 0
-0.1636364 0.3004747 0
-0.1636364 0.2976796 0
-0.1636364 0.2948845 0
-0.1636364 0.2920895 0
-0.1636364 0.2892943 0
-0.1636364 0.2864991 0
-0.1636364 0.2837041 0
-0.1636364 0.2809090 0
-0.1636364 0.2781139 0
-0.1636364 0.2753187 0
-0.1636364 0.2725236 0
-0.1636364 0.2697285 0
-0.1636364 0.2669335 0
-0.1636364 0.2641383 0
-0.1636364 0.2613431 0
-0.1636364 0.2585481 0
-0.1636364 0.2557530 0
-0.1636364 0.2529579 0
-0.1636364 0.2501627 0
-0.1636364 0.2473676 0
-0.1636364 0.2445725 0
-0.1636364 0.2417775 0
-0.1636364 0.2389823 0
-0.1636364 0.2361870 0
-0.1636364 0.2333919 0
-0.1636364 0.2305970 0
-0.1636364 0.2278017 0
-0.1636364 0.2250066 0
-0.1636364 0.2222115 0
-0.1636364 0.2194164 0
-0.1636364 0.2166215 0
-0.1636364 0.2138262 0
-0.1636364 0.2110310 0
-0.1636364 0.2082359 0
-0.1636364 0.2054409 0
-0.1636364 0.2026457 0
-0.1636364 0.1998507 0
-0.1636364 0.1970555 0
-0.1636364 0.1942604 0
-0.1636364 0.1914653 0
-0.1636364 0.1886702 0
-0.1636364 0.1858751 0
-0.1636364 0.1830799 0
-0.1636364 0.1802849 0
-0.1636364 0.1774896 0
-0.1636364 0.1746947 0
-0.1636364 0.1718995 0
-0.1636364 0.1691044 0
-0.1636364 0.1663092 0
-0.1636364 0.1635141 0
-0.1636364 0.1607190 0
-0.1636364 0.1579239 0
-0.1636364 0.1551288 0
-0.1636364 0.1523336 0
-0.1636364 0.1495385 0
-0.1636364 0.1467435 0
-0.1636364 0.1439484 0
-0.1636364 0.1411532 0
-0.1636364 0.1383581 0
-0.1636364 0.1355630 0
-0.1636364 0.1327679 0
-0.1636364 0.1299728 0
-0.1636364 0.1271776 0
-0.1636364 0.1243826 0
-0.1636364 0.1215875 0
-0.1636364 0.1187924 0
-0.1636364 0.1159972 0
-0.1636364 0.1132021 0
-0.1636364 0.1104070 241
-0.1636364 0.1076118 241
-0.1636364 0.1048168 241
-0.1636364 0.1020216 241
-0.1636364 0.0992266 243
-0.1636364 0.0964314 243
-0.1636364 0.0936363 243
-0.1636364 0.0908412 241
-0.1636364 0.0880461 241
-0.1636364 0.0852510 241
-0.1636364 0.0824558 241
-0.1636364 0.0796608 241
-0.1636364 0.0768656 241
-0.1636364 0.0740706 241
-0.1636364 0.0712754 243
-0.1636364 0.0684803 243
-0.1636364 0.0656852 243
-0.1636364 0.0628901 241
-0.1636364 0.0600950 241
-0.1636364 0.0572998 241
-0.1636364 0.0545048 241
-0.1636364 0.0517095 241
-0.1636364 0.0489146 241
-0.1636364 0.0461194 241
-0.1636364 0.0433243 243
-0.1636364 0.0405291 243
-0.1636364 0.0377340 243
-0.1636364 0.0349389 241
-0.1636364 0.0321438 241
-0.1636364 0.0293487 241
-0.1636364 0.0265535 241
-0.1636364 0.0237585 241
-0.1636364 0.0209634 241
-0.1636364 0.0181683 241
-0.1636364 0.0153731 243
-0.1636364 0.0125780 243
-0.1636364 0.0097829 243
-0.1636364 0.0069878 241
-0.1636364 0.0041927 241
-0.1636364 0.0013975 241
-0.1636364 -0.0013976 241
-0.1636364 -0.0041927 241
-0.1636364 -0.0069878 241
-0.1636364 -0.0097829 241
-0.1636364 -0.0125780 243
-0.1636364 -0.0153731 243
-0.1636364 -0.0181683 243
-0.1636364 -0.0209633 241
-0.1636364 -0.0237585 241
-0.1636364 -0.0265536 241
-0.1636364 -0.0293487 241
-0.1636364 -0.0321438 241
-0.1636364 -0.0349389 241
-0.1636364 -0.0377340 241
-0.1636364 -0.0405291 243
-0.1636364 -0.0433243 243
-0.1636364 -0.0461193 243
-0.1636364 -0.0489146 241
-0.1636364 -0.0517096 241
-0.1636364 -0.0545048 241
-0.1636364 -0.0572998 241
-0.1636364 -0.0600950 241
-0.1636364 -0.0628901 241
-0.1636364 -0.0656852 241
-0.1636364 -0.0684803 243
-0.1636364 -0.0712754 243
-0.1636364 -0.0740706 243
-0.1636364 -0.0768656 241
-0.1636364 -0.0796608 241
-0.1636364 -0.0824559 241
-0.1636364 -0.0852510 241
-0.1636364 -0.0880461 241
-0.1636364 -0.0908412 241
-0.1636364 -0.0936363 241
-0.1636364 -0.0964314 243
-0.1636364 -0.0992266 243
-0.1636364 -0.1020216 243
-0.1636364 -0.1048168 241
-0.1636364 -0.1076119 241
-0.1636364 -0.1104070 241
-0.1636364 -0.1132021 241
-0.1636364 -0.1159972 241
-0.1636364 -0.1187924 241
-0.1636364 -0.1215874 241
-0.1636364 -0.1243826 243
-0.1636364 -0.1271777 243
-0.1636364 -0.1299728 243
-0.1636364 -0.1327679 241
-0.1636364 -0.1355630 241
-0.1636364 -0.1383581 241
-0.1636364 -0.1411532 241
-0.1636364 -0.1439484 241
-0.1636364 -0.1467434 241
-0.1636364 -0.1495386 241
-0.1636364 -0.1523337 243
-0.1636364 -0.1551288 243
-0.1636364 -0.1579239 243
-0.1636364 -0.1607190 241
-0.1636364 -0.1635141 241
-0.1636364 -0.1663092 241
-0.1636364 -0.1691044 241
-0.1636364 -0.1718994 241
-0.1636364 -0.1746947 241
-0.1636364 -0.1774897 241
-0.1636364 -0.1802849 243
-0.1636364 -0.1830800 243
-0.1636364 -0.1858751 243
-0.1636364 -0.1886702 241
-0.1636364 -0.1914653 241
-0.1636364 -0.1942604 241
-0.1636364 -0.1970555 241
-0.1636364 -0.1998507 241
-0.1636364 -0.2026457 241
-0.1636364 -0.2054409 241
-0.1636364 -0.2082360 243
-0.1636364 -0.2110311 243
-0.1636364 -0.2138262 243
-0.1636364 -0.2166213 241
-0.1636364 -0.2194164 241
-0.1636364 -0.2222115 241
-0.1636364 -0.2250067 241
-0.1636364 -0.2278017 241
-0.1636364 -0.2305969 241
-0.1636364 -0.2333920 241
-0.1636364 -0.2361872 243
-0.1636364 -0.2389823 243
-0.1636364 -0.2417773 243
-0.1636364 -0.2445725 241
-0.1636364 -0.2473676 241
-0.1636364 -0.2501627 241
-0.1636364 -0.2529578 241
-0.1636364 -0.2557529 241
-0.1636364 -0.2585481 241
-0.1636364 -0.2613432 241
-0.1636364 -0.2641382 243
-0.1636364 -0.2669333 243
-0.1636364 -0.2697285 243
-0.1636364 -0.2725236 241
-0.1636364 -0.2753187 241
-0.1636364 -0.2781138 241
-0.1636364 -0.2809089 241
-0.1636364 -0.2837041 241
-0.1636364 -0.2864991 241
-0.1636364 -0.2892942 241
-0.1636364 -0.2920893 243
-0.1636364 -0.2948845 243
-0.1636364 -0.2976796 243
-0.1636364 -0.3004747 241
-0.1636364 -0.3032699 241
-0.1636364 -0.3060650 241
-0.1636364 -0.3088601 241
-0.1636364 -0.3116551 241
-0.1636364 -0.3144503 241
-0.1636364 -0.3172454 241
-0.1636364 -0.3200405 243
-0.1636364 -0.3228357 243
-0.1636364 -0.3256308 243
-0.1636364 -0.3284259 241
-0.1636364 -0.3312210 241
-0.1636364 -0.3340161 241
-0.1636364 -0.3368112 241
-0.1636364 -0.3396064 241
-0.1636364 -0.3424014 241
-0.1636364 -0.3451965 241
-0.1636364 -0.3479917 243
-0.1636364 -0.3507868 243
-0.1636364 -0.3535819 243
-0.1636364 -0.3563770 241
-0.1636364 -0.3591722 241
-0.1636364 -0.3619672 241
-0.1636364 -0.3647624 241
-0.1636364 -0.3675574 241
-0.1636364 -0.3703526 241
-0.1636364 -0.3731477 241
-0.1636364 -0.3759428 243
-0.1636364 -0.3787379 243
-0.1636364 -0.3815331 243
-0.1636364 -0.3843282 241
-0.1636364 -0.3871232 241
-0.1636364 -0.3899184 241
-0.1636364 -0.3927135 241
-0.1636364 -0.3955086 241
-0.1636364 -0.3983037 241
-0.1636364 -0.4010988 241
-0.1636364 -0.4038939 243
-0.1636364 -0.4066891 243
-0.1636364 -0.4094842 243
-0.1636364 -0.4122792 241
-0.1636364 -0.4150744 241
-0.1636364 -0.4178695 241
-0.1636364 -0.4206646 241
-0.1636364 -0.4234597 241
-0.1636364 -0.4262548 241
-0.1636364 -0.4290500 241
-0.1636364 -0.4318451 243
-0.1636364 -0.4346402 243
-0.1636364 -0.4374352 243
-0.1636364 -0.4402305 241
-0.1636364 -0.4430255 241
-0.1636364 -0.4458207 241
-0.1636364 -0.4486158 241
-0.1636364 -0.4514109 241
-0.1636364 -0.4542060 241
-0.1636364 -0.4570011 241
-0.1636364 -0.4597962 243
-0.1636364 -0.4625913 243
-0.1636364 -0.4653865 243
-0.1636364 -0.4681815 241
-0.1636364 -0.4709767 241
-0.1636364 -0.4737718 241
-0.1636364 -0.4765669 241
-0.1636364 -0.4793620 241
-0.1636364 -0.4821571 241
-0.1636364 -0.4849523 241
-0.1636364 -0.4877473 243
-0.1636364 -0.4905425 243
-0.1636364 -0.4933375 243
-0.1636364 -0.4961328 241
-0.1636364 -0.4989278 241
-0.1636364 -0.5017229 241
-0.1636364 -0.5045180 241
-0.1636364 -0.5073131 241
-0.1636364 -0.5101083 241
-0.1636364 -0.5129035 241
-0.1636364 -0.5156986 243
-0.1636364 -0.5184935 243
-0.1636364 -0.5212888 243
-0.1636364 -0.5240839 241
-0.1636364 -0.5268791 241
-0.1636364 -0.5296741 241
-0.1636364 -0.5324692 241
-0.1636364 -0.5352643 241
-0.1636364 -0.5380595 241
-0.1636364 -0.5408546 241
-0.1636364 -0.5436496 243
-0.1636364 -0.5464448 243
-0.1636364 -0.5492399 243
-0.1636364 -0.5520350 241
-0.1636364 -0.5548301 241
-0.1636364 -0.5576252 241
-0.1635300 -0.5604203 241
-0.1634237 -0.5632306 241
-0.1633174 -0.5660244 241
-0.1632111 -0.5688015 241
-0.1631047 -0.5715620 243
-0.1629984 -0.5743060 243
-0.1628921 -0.5770334 243
-0.1627858 -0.5797442 241
-0.1626794 -0.5824384 241
-0.1625731 -0.5851161 241
-0.1624668 -0.5877772 241
-0.1623604 -0.5904217 241
-0.1622541 -0.5930496 241
-0.1621478 -0.5956609 241
-0.1620415 -0.5982557 243
-0.1619351 -0.6008338 243
-0.1618288 -0.6033955 243
-0.1617225 -0.6059405 241
-0.1616162 -0.6084689 241
-0.1615098 -0.6109807 241
-0.1614035 -0.6134760 241
-0.1612972 -0.6159548 241
-0.1611909 -0.6184168 241
-0.1610845 -0.6208624 241
-0.1609782 -0.6232914 243
-0.1608719 -0.6257037 243
-0.1607656 -0.6280995 243
-0.1606592 -0.6304787 241
-0.1605529 -0.6328413 241
-0.1604466 -0.6351874 241
-0.1603402 -0.6375169 241
-0.1602339 -0.6398298 241
-0.1601276 -0.6421261 241
-0.1600213 -0.6444058 241
-0.1599149 -0.6466690 243
-0.1598086 -0.6489156 243
-0.1597023 -0.6511456 243
-0.1595960 -0.6533591 241
-0.1594896 -0.6555558 241
-0.1593833 -0.6577361 241
-0.1592770 -0.6598998 241
-0.1591707 -0.6620469 241
-0.1590643 -0.6641774 241
-0.1589580 -0.6662914 241
-0.1588517 -0.6683887 243
-0.1587453 -0.6704695 243
-0.1586390 -0.6725336 243
-0.1585327 -0.6745813 241
-0.1584264 -0.6766123 241
-0.1583200 -0.6786268 241
-0.1582137 -0.6806247 241
-0.1581074 -0.6826059 241
-0.1580011 -0.6845707 241
-0.1578947 -0.6865188 241
-0.1577884 -0.6884503 243
-0.1576821 -0.6903654 243
-0.1575758 -0.6922638 243
-0.1574694 -0.6941456 241
-0.1573631 -0.6960108 241
-0.1572568 -0.6978595 241
-0.1571504 -0.6996916 241
-0.1570441 -0.7015071 241
-0.1569378 -0.7033060 241
-0.1568315 -0.7050883 241
-0.1567252 -0.7068540 243
-0.1566188 -0.7086033 243
-0.1565125 -0.7103359 243
-0.1564062 -0.7120519 241
-0.1562998 -0.7137513 241
-0.1561935 -0.7154342 241
-0.1560872 -0.7171004 241
-0.1559809 -0.7187502 241
-0.1558745 -0.7203833 241
-0.1557682 -0.7219998 241
-0.1556619 -0.7235998 243
-0.1555556 -0.7251832 243
-0.1554492 -0.7267500 243
-0.1553429 -0.7283002 241
-0.1552366 -0.7298338 241
-0.1551303 -0.7313509 241
-0.1550239 -0.7328514 241
-0.1549176 -0.7343353 241
-0.1548113 -0.7358026 241
-0.1547049 -0.7372534 241
-0.1545986 -0.7386875 243
-0.1544923 -0.7401051 243
-0.1543860 -0.7415061 243
-0.1542796 -0.7428905 241
-0.1541733 -0.7442583 241
-0.1540670 -0.7456096 241
-0.1539607 -0.7469443 241
-0.1538543 -0.7482624 241
-0.1537480 -0.7495639 241
-0.1536417 -0.7508489 241
-0.1535354 -0.7521173 243
-0.1534290 -0.7533690 243
-0.1533227 -0.7546042 243
-0.1532164 -0.7558228 241
-0.1531101 -0.7570249 241
-0.1530037 -0.7582104 241
-0.1528974 -0.7593792 241
-0.1527911 -0.7605315 241
-0.1526847 -0.7616673 241
-0.1525784 -0.7627864 241
-0.1524721 -0.7638890 243
-0.1523658 -0.7649750 243
-0.1522594 -0.7660443 243
-0.1521531 -0.7670972 241
-0.1520468 -0.7681334 241
-0.1519405 -0.7691531 241
-0.1518341 -0.7701561 241
-0.1517278 -0.7711427 241
-0.1516215 -0.7721126 241
-0.1515152 -0.7730660 241
-0.1514088 -0.7740027 243
-0.1513025 -0.7749229 243
-0.1511962 -0.7758265 243
-0.1510898 -0.7767136 241
-0.1509835 -0.7775840 241
-0.1508772 -0.7784378 241
-0.1507709 -0.7792751 241
-0.1506645 -0.7800958 241
-0.1505582 -0.7808999 241
-0.1504519 -0.7816875 241
-0.1503456 -0.7824585 243
-0.1502392 -0.7832128 243
-0.1501329 -0.7839506 243
-0.1500266 -0.7846719 241
-0.1499203 -0.7853765 241
-0.1498139 -0.7860646 241
-0.1497076 -0.7867361 241
-0.1496013 -0.7873910 241
-0.1494950 -0.7880293 241
-0.1493886 -0.7886510 241
-0.1492823 -0.7892563 243
-0.1491760 -0.7898448 243
-0.1490696 -0.7904168 243
-0.1489633 -0.7909722 241
-0.1488570 -0.7915111 241
-0.1487507 -0.7920334 241
-0.1486443 -0.7925391 241
-0.1485380 -0.7930282 241
-0.1484317 -0.7935007 241
-0.1483254 -0.7939566 241
-0.1482190 -0.7943960 243
-0.1481127 -0.7948188 243
-0.1480064 -0.7952250 243
-0.1479001 -0.7956147 241
-0.1477937 -0.7959877 241
-0.1476874 -0.7963442 241
-0.1475811 -0.7966840 241
-0.1474748 -0.7970073 241
-0.1473684 -0.7973141 241
-0.1472621 -0.7976043 241
-0.1471558 -0.7978778 243
-0.1470494 -0.7981347 243
-0.1469431 -0.7983752 243
-0.1468368 -0.7985990 241
-0.1467305 -0.7988063 241
-0.1466241 -0.7989969 241
-0.1465178 -0.7991710 0
-0.1464115 -0.7993285 0
-0.1463052 -0.7994694 0
-0.1461988 -0.7995938 0
-0.1460925 -0.7997016 0
-0.1459862 -0.7997928 0
-0.1458798 -0.7998673 0
-0.1457735 -0.7999254 0
-0.1456672 -0.7999669 0
-0.1455609 -0.7999917 0
-0.1454545 -0.8000000 0
-0.1453482 -0.7999918 0
-0.1452419 -0.7999672 0
-0.1451356 -0.7999262 0
-0.1450292 -0.7998689 0
-0.1449229 -0.7997952 0
-0.1448166 -0.7997051 0
-0.1447103 -0.7995986 0
-0.1446039 -0.7994757 0
-0.1444976 -0.7993364 0
-0.1443913 -0.7991807 0
-0.1442850 -0.7990086 0
-0.1441786 -0.7988202 0
-0.1440723 -0.7986153 0
-0.1439660 -0.7983941 0
-0.1438597 -0.7981565 0
-0.1437533 -0.7979025 0
-0.1436470 -0.7976322 0
-0.1435407 -0.7973454 0
-0.1434343 -0.7970423 0
-0.1433280 -0.7967227 0
-0.1432217 -0.7963868 0
-0.1431154 -0.7960345 0
-0.1430090 -0.7956657 0
-0.1429027 -0.7952806 0
-0.1427964 -0.7948792 0
-0.1426901 -0.7944614 0
-0.1425837 -0.7940271 0
-0.1424774 -0.7935765 0
-0.1423711 -0.7931095 0
-0.1422648 -0.7926261 0
-0.1421584 -0.7921263 0
-0.1420521 -0.7916101 0
-0.1419458 -0.7910776 0
-0.1418394 -0.7905285 0
-0.1417331 -0.7899632 0
-0.1416268 -0.7893815 0
-0.1415205 -0.7887834 0
-0.1414141 -0.7881689 0
-0.1413078 -0.7875380 0
-0.1412015 -0.7868907 0
-0.1410952 -0.7862271 0
-0.1409888 -0.7855470 0
-0.1408825 -0.7848506 0
-0.1407762 -0.7841378 0
-0.1406699 -0.7834086 0
-0.1405635 -0.7826630 0
-0.1404572 -0.7819011 0
-0.1403509 -0.7811227 0
-0.1402446 -0.7803279 0
-0.1401382 -0.7795168 0
-0.1400319 -0.7786893 0
-0.1399256 -0.7778454 0
-0.1398192 -0.7769851 0
-0.1397129 -0.7761084 0
-0.1396066 -0.7752153 0
-0.1395003 -0.7743059 0
-0.1393939 -0.7733800 0
-0.1392876 -0.7724378 0
-0.1391813 -0.7714792 0
-0.1390750 -0.7705042 0
-0.1389686 -0.7695128 0
-0.1388623 -0.7685050 0
-0.1387560 -0.7674809 0
-0.1386497 -0.7664403 0
-0.1385433 -0.7653834 0
-0.1384370 -0.7643101 0
-0.1383307 -0.7632204 0
-0.1382243 -0.7621143 0
-0.1381180 -0.7609918 0
-0.1380117 -0.7598529 0
-0.1379054 -0.7586977 0
-0.1377991 -0.7575261 0
-0.1376927 -0.7563381 0
-0.1375864 -0.7551336 0
-0.1374801 -0.7539128 0
-0.1373737 -0.7526757 0
-0.1372674 -0.7514220 0
-0.1371611 -0.7501521 0
-0.1370548 -0.7488658 0
-0.1369484 -0.7475631 0
-0.1368421 -0.7462439 0
-0.1367358 -0.7449084 0
-0.1366295 -0.7435565 0
-0.1365231 -0.7421883 0
-0.1364168 -0.7408035 0
-0.1363105 -0.7394025 0
-0.1362042 -0.7379851 0
-0.1360978 -0.7365512 0
-0.1359915 -0.7351010 0
-0.1358852 -0.7336345 0
-0.1357788 -0.7321514 0
-0.1356725 -0.7306521 0
-0.1355662 -0.7291363 0
-0.1354599 -0.7276042 0
-0.1353535 -0.7260556 0
-0.1352472 -0.7244908 0
-0.1351409 -0.7229094 0
-0.1350346 -0.7213117 0
-0.1349282 -0.7196977 0
-0.1348219 -0.7180672 0
-0.1347156 -0.7164204 0
-0.1346093 -0.7147571 0
-0.1345029 -0.7130775 0
-0.1343966 -0.7113815 0
-0.1342903 -0.7096691 0
-0.1341839 -0.7079403 0
-0.1340776 -0.7061952 0
-0.1339713 -0.7044336 0
-0.1338650 -0.7026557 0
-0.1337586 -0.7008614 0
-0.1336523 -0.6990506 0
-0.1335460 -0.6972235 0
-0.1334397 -0.6953800 0
-0.1333333 -0.6935202 0
-0.1332270 -0.6916439 0
-0.1331207 -0.6897513 0
-0.1330144 -0.6878422 0
-0.1329080 -0.6859168 0
-0.1328017 -0.6839749 0
-0.1326954 -0.6820168 0
-0.1325890 -0.6800422 0
-0.1324827 -0.6780512 0
-0.1323764 -0.6760439 0
-0.1322701 -0.6740202 0
-0.1321637 -0.6719800 0
-0.1320574 -0.6699235 0
-0.1319511 -0.6678506 0
-0.1318448 -0.6657613 0
-0.1317384 -0.6636556 0
-0.1316321 -0.6615335 0
-0.1315258 -0.6593951 0
-0.1314195 -0.6572403 0
-0.1313131 -0.6550691 0
-0.1312068 -0.6528815 0
-0.1311005 -0.6506775 0
-0.1309942 -0.6484571 0
-0.1308878 -0.6462203 0
-0.1307815 -0.6439672 0
-0.1306752 -0.6416976 0
-0.1305689 -0.6394117 0
-0.1304625 -0.6371094 0
-0.1303562 -0.6347907 0
-0.1302499 -0.6324556 0
-0.1301435 -0.6301042 0
-0.1300372 -0.6277363 0
-0.1299309 -0.6253520 0
-0.1298246 -0.6229514 0
-0.1297182 -0.6205344 0
-0.1296119 -0.6181010 0
-0.1295056 -0.6156512 0
-0.1293993 -0.6131850 0
-0.1292929 -0.6107025 0
-0.1291866 -0.6082035 0
-0.1290803 -0.6056882 0
-0.1289740 -0.6031564 0
-0.1288676 -0.6006083 0
-0.1287613 -0.5980439 0
-0.1286550 -0.5954630 0
-0.1285487 -0.5928657 0
-0.1284423 -0.5902520 0
-0.1283360 -0.5876220 8
-0.1282297 -0.5849756 8
-0.1281233 -0.5823128 8
-0.1280170 -0.5796336 8
-0.1279107 -0.5769380 8
-0.1278044 -0.5742260 8
-0.1276980 -0.5714976 8
-0.1275917 -0.5687529 8
-0.1274854 -0.5659918 8
-0.1273791 -0.5632142 8
-0.1272727 -0.5604203 8
-0.1272727 -0.5576252 8
-0.1272727 -0.5548301 8
-0.1272727 -0.5520350 8
-0.1272727 -0.5492399 8
-0.1272727 -0.5464448 8
-0.1272727 -0.5436497 8
-0.1272727 -0.5408546 8
-0.1272727 -0.5380595 8
-0.1272727 -0.5352643 8
-0.1272727 -0.5324692 8
-0.1272727 -0.5296741 8
-0.1272727 -0.5268790 8
-0.1272727 -0.5240839 8
-0.1272727 -0.5212888 8
-0.1272727 -0.5184937 8
-0.1272727 -0.5156986 8
-0.1272727 -0.5129035 8
-0.1272727 -0.5101083 8
-0.1272727 -0.5073131 8
-0.1272727 -0.5045180 8
-0.1272727 -0.5017229 8
-0.1272727 -0.4989278 8
-0.1272727 -0.4961328 8
-0.1272727 -0.4933376 8
-0.1272727 -0.4905425 8
-0.1272727 -0.4877473 8
-0.1272727 -0.4849523 8
-0.1272727 -0.4821571 8
-0.1272727 -0.4793620 8
-0.1272727 -0.4765669 8
-0.1272727 -0.4737718 8
-0.1272727 -0.4709767 8
-0.1272727 -0.4681816 8
-0.1272727 -0.4653865 8
-0.1272727 -0.4625913 8
-0.1272727 -0.4597962 8
-0.1272727 -0.4570011 8
-0.1272727 -0.4542060 8
-0.1272727 -0.4514109 8
-0.1272727 -0.4486158 8
-0.1272727 -0.4458207 8
-0.1272727 -0.4430255 8
-0.1272727 -0.4402305 8
-0.1272727 -0.4374353 8
-0.1272727 -0.4346402 8
-0.1272727 -0.4318451 8
-0.1272727 -0.4290500 8
-0.1272727 -0.4262548 8
-0.1272727 -0.4234597 8
-0.1272727 -0.4206646 8
-0.1272727 -0.4178695 8
-0.1272727 -0.4150744 8
-0.1272727 -0.4122793 8
-0.1272727 -0.4094842 8
-0.1272727 -0.4066891 8
-0.1272727 -0.4038939 8
-0.1272727 -0.4010988 8
-0.1272727 -0.3983037 8
-0.1272727 -0.3955086 8
-0.1272727 -0.3927135 8
-0.1272727 -0.3899184 8
-0.1272727 -0.3871232 8
-0.1272727 -0.3843282 8
-0.1272727 -0.3815331 8
-0.1272727 -0.3787379 8
-0.1272727 -0.3759428 8
-0.1272727 -0.3731477 8
-0.1272727 -0.3703526 8
-0.1272727 -0.3675574 8
-0.1272727 -0.3647624 8
-0.1272727 -0.3619672 8
-0.1272727 -0.3591722 8
-0.1272727 -0.3563770 8
-0.1272727 -0.3535819 8
-0.1272727 -0.3507868 8
-0.1272727 -0.3479917 8
-0.1272727 -0.3451965 8
-0.1272727 -0.3424015 8
-0.1272727 -0.3396064 8
-0.1272727 -0.3368112 8
-0.1272727 -0.3340161 8
-0.1272727 -0.3312210 8
-0.1272727 -0.3284259 8
-0.1272727 -0.3256308 8
-0.1272727 -0.3228357 8
-0.1272727 -0.3200405 8
-0.1272727 -0.3172455 8
-0.1272727 -0.3144503 8
-0.1272727 -0.3116551 8
-0.1272727 -0.3088601 8
-0.1272727 -0.3060650 8
-0.1272727 -0.3032699 8
-0.1272727 -0.3004747 8
-0.1272727 -0.2976796 8
-0.1272727 -0.2948845 8
-0.1272727 -0.2920894 8
-0.1272727 -0.2892942 8
-0.1272727 -0.2864991 8
-0.1272727 -0.2837041 8
-0.1272727 -0.2809089 8
-0.1272727 -0.2781138 8
-0.1272727 -0.2753187 8
-0.1272727 -0.2725236 8
-0.1272727 -0.2697285 8
-0.1272727 -0.2669334 8
-0.1272727 -0.2641382 8
-0.1272727 -0.2613431 8
-0.1272727 -0.2585481 8
-0.1272727 -0.2557529 8
-0.1272727 -0.2529578 8
-0.1272727 -0.2501627 8
-0.1272727 -0.2473676 8
-0.1272727 -0.2445725 8
-0.1272727 -0.2417774 8
-0.1272727 -0.2389823 8
-0.1272727 -0.2361871 8
-0.1272727 -0.2333920 8
-0.1272727 -0.2305969 8
-0.1272727 -0.2278017 8
-0.1272727 -0.2250066 8
-0.1272727 -0.2222115 8
-0.1272727 -0.2194164 8
-0.1272727 -0.2166213 8
-0.1272727 -0.2138262 8
-0.1272727 -0.2110311 8
-0.1272727 -0.2082360 8
-0.1272727 -0.2054409 8
-0.1272727 -0.2026457 8
-0.1272727 -0.1998506 8
-0.1272727 -0.1970555 8
-0.1272727 -0.1942604 8
-0.1272727 -0.1914653 8
-0.1272727 -0.1886702 8
-0.1272727 -0.1858751 8
-0.1272727 -0.1830800 8
-0.1272727 -0.1802849 8
-0.1272727 -0.1774897 8
-0.1272727 -0.1746946 8
-0.1272727 -0.1718995 8
-0.1272727 -0.1691044 8
-0.1272727 -0.1663093 8
-0.1272727 -0.1635141 8
-0.1272727 -0.1607190 8
-0.1272727 -0.1579239 8
-0.1272727 -0.1551288 8
-0.1272727 -0.1523337 8
-0.1272727 -0.1495385 8
-0.1272727 -0.1467435 8
-0.1272727 -0.1439484 8
-0.1272727 -0.1411532 8
-0.1272727 -0.1383581 8
-0.1272727 -0.1355630 8
-0.1272727 -0.1327679 8
-0.1272727 -0.1299728 8
-0.1272727 -0.1271777 8
-0.1272727 -0.1243826 8
-0.1272727 -0.1215875 8
-0.1272727 -0.1187924 8
-0.1272727 -0.1159972 8
-0.1272727 -0.1132021 8
-0.1272727 -0.1104070 249
-0.1272727 -0.1076119 249
-0.1272727 -0.1048168 249
-0.1272727 -0.1020216 249
-0.1272727 -0.0992266 251
-0.1272727 -0.0964314 251
-0.1272727 -0.0936363 251
-0.1272727 -0.0908412 249
-0.1272727 -0.0880461 249
-0.1272727 -0.0852510 249
-0.1272727 -0.0824559 249
-0.1272727 -0.0796608 249
-0.1272727 -0.0768656 249
-0.1272727 -0.0740706 249
-0.1272727 -0.0712754 251
-0.1272727 -0.0684803 251
-0.1272727 -0.0656852 251
-0.1272727 -0.0628901 249
-0.1272727 -0.0600950 249
-0.1272727 -0.0572998 249
-0.1272727 -0.0545048 249
-0.1272727 -0.0517096 249
-0.1272727 -0.0489146 249
-0.1272727 -0.0461194 249
-0.1272727 -0.0433243 251
-0.1272727 -0.0405291 251
-0.1272727 -0.0377340 251
-0.1272727 -0.0349389 249
-0.1272727 -0.0321438 249
-0.1272727 -0.0293487 249
-0.1272727 -0.0265536 249
-0.1272727 -0.0237585 249
-0.1272727 -0.0209634 249
-0.1272727 -0.0181683 249
-0.1272727 -0.0153731 251
-0.1272727 -0.0125780 251
-0.1272727 -0.0097829 251
-0.1272727 -0.0069878 249
-0.1272727 -0.0041927 249
-0.1272727 -0.0013976 249
-0.1272727 0.0013975 249
-0.1272727 0.0041927 249
-0.1272727 0.0069878 249
-0.1272727 0.0097830 249
-0.1272727 0.0125780 251
-0.1272727 0.0153731 251
-0.1272727 0.0181683 251
-0.1272727 0.0209633 249
-0.1272727 0.0237585 249
-0.1272727 0.0265535 249
-0.1272727 0.0293487 249
-0.1272727 0.0321438 249
-0.1272727 0.0349390 249
-0.1272727 0.0377340 249
-0.1272727 0.0405291 251
-0.1272727 0.0433243 251
-0.1272727 0.0461193 251
-0.1272727 0.0489146 249
-0.1272727 0.0517095 249
-0.1272727 0.0545048 249
-0.1272727 0.0572998 249
-0.1272727 0.0600950 249
-0.1272727 0.0628901 249
-0.1272727 0.0656851 249
-0.1272727 0.0684803 251
-0.1272727 0.0712754 251
-0.1272727 0.0740706 251
-0.1272727 0.0768656 249
-0.1272727 0.0796608 249
-0.1272727 0.0824558 249
-0.1272727 0.0852510 249
-0.1272727 0.0880461 249
-0.1272727 0.0908411 249
-0.1272727 0.0936363 249
-0.1272727 0.0964314 251
-0.1272727 0.0992266 251
-0.1272727 0.1020216 251
-0.1272727 0.1048168 249
-0.1272727 0.1076118 249
-0.1272727 0.1104071 249
-0.1272727 0.1132021 249
-0.1272727 0.1159972 249
-0.1272727 0.1187924 249
-0.1272727 0.1215874 249
-0.1272727 0.1243826 251
-0.1272727 0.1271776 251
-0.1272727 0.1299728 251
-0.1272727 0.1327679 249
-0.1272727 0.1355631 249
-0.1272727 0.1383581 249
-0.1272727 0.1411532 249
-0.1272727 0.1439484 249
-0.1272727 0.1467434 249
-0.1272727 0.1495386 249
-0.1272727 0.1523336 251
-0.1272727 0.1551288 251
-0.1272727 0.1579239 251
-0.1272727 0.1607191 249
-0.1272727 0.1635141 249
-0.1272727 0.1663092 249
-0.1272727 0.1691044 249
-0.1272727 0.1718995 249
-0.1272727 0.1746947 249
-0.1272727 0.1774896 249
-0.1272727 0.1802849 251
-0.1272727 0.1830799 251
-0.1272727 0.1858751 251
-0.1272727 0.1886702 249
-0.1272727 0.1914653 249
-0.1272727 0.1942604 249
-0.1272727 0.1970555 249
-0.1272727 0.1998507 249
-0.1272727 0.2026457 249
-0.1272727 0.2054409 249
-0.1272727 0.2082359 251
-0.1272727 0.2110311 251
-0.1272727 0.2138262 251
-0.1272727 0.2166213 249
-0.1272727 0.2194164 249
-0.1272727 0.2222115 249
-0.1272727 0.2250066 249
-0.1272727 0.2278017 249
-0.1272727 0.2305970 249
-0.1272727 0.2333919 249
-0.1272727 0.2361872 251
-0.1272727 0.2389823 251
-0.1272727 0.2417774 251
-0.1272727 0.2445725 249
-0.1272727 0.2473676 249
-0.1272727 0.2501627 249
-0.1272727 0.2529579 249
-0.1272727 0.2557530 249
-0.1272727 0.2585481 249
-0.1272727 0.2613432 249
-0.1272727 0.2641383 251
-0.1272727 0.2669334 251
-0.1272727 0.2697285 251
-0.1272727 0.2725236 249
-0.1272727 0.2753187 249
-0.1272727 0.2781139 249
-0.1272727 0.2809090 249
-0.1272727 0.2837041 249
-0.1272727 0.2864991 249
-0.1272727 0.2892943 249
-0.1272727 0.2920894 251
-0.1272727 0.2948845 251
-0.1272727 0.2976796 251
-0.1272727 0.3004747 249
-0.1272727 0.3032699 249
-0.1272727 0.3060650 249
-0.1272727 0.3088601 249
-0.1272727 0.3116551 249
-0.1272727 0.3144503 249
-0.1272727 0.3172454 249
-0.1272727 0.3200405 251
-0.1272727 0.3228356 251
-0.1272727 0.3256307 251
-0.1272727 0.3284259 249
-0.1272727 0.3312210 249
-0.1272727 0.3340161 249
-0.1272727 0.3368111 249
-0.1272727 0.3396063 249
-0.1272727 0.3424014 249
-0.1272727 0.3451965 249
-0.1272727 0.3479916 251
-0.1272727 0.3507867 251
-0.1272727 0.3535820 251
-0.1272727 0.3563771 249
-0.1272727 0.3591722 249
-0.1272727 0.3619671 249
-0.1272727 0.3647624 249
-0.1272727 0.3675575 249
-0.1272727 0.3703526 249
-0.1272727 0.3731477 249
-0.1272727 0.3759428 251
-0.1272727 0.3787380 251
-0.1272727 0.3815331 251
-0.1272727 0.3843282 249
-0.1272727 0.3871232 249
-0.1272727 0.3899184 249
-0.1272727 0.3927135 249
-0.1272727 0.3955086 249
-0.1272727 0.3983037 249
-0.1272727 0.4010988 249
-0.1272727 0.4038940 251
-0.1272727 0.4066891 251
-0.1272727 0.4094842 251
-0.1272727 0.4122792 249
-0.1272727 0.4150744 249
-0.1272727 0.4178695 249
-0.1272727 0.4206646 249
-0.1272727 0.4234597 249
-0.1272727 0.4262548 249
-0.1272727 0.4290500 249
-0.1272727 0.4318451 251
-0.1272727 0.4346402 251
-0.1272727 0.4374352 251
-0.1272727 0.4402304 249
-0.1272727 0.4430255 249
-0.1272727 0.4458207 249
-0.1272727 0.4486157 249
-0.1272727 0.4514108 249
-0.1272727 0.4542060 249
-0.1272727 0.4570011 249
-0.1272727 0.4597962 251
-0.1272727 0.4625912 251
-0.1272727 0.4653865 251
-0.1272727 0.4681816 249
-0.1272727 0.4709768 249
-0.1272727 0.4737718 249
-0.1272727 0.4765669 249
-0.1272727 0.4793621 249
-0.1272727 0.4821572 249
-0.1272727 0.4849523 249
-0.1272727 0.4877473 251
-0.1272727 0.4905425 251
-0.1272727 0.4933376 251
-0.1272727 0.4961328 249
-0.1272727 0.4989278 249
-0.1272727 0.5017229 249
-0.1272727 0.5045181 249
-0.1272727 0.5073132 249
-0.1272727 0.5101083 249
-0.1272727 0.5129034 249
-0.1272727 0.5156985 251
-0.1272727 0.5184936 251
-0.1272727 0.5212888 251
-0.1272727 0.5240838 249
-0.1272727 0.5268790 249
-0.1272727 0.5296741 249
-0.1272727 0.5324692 249
-0.1272727 0.5352643 249
-0.1272727 0.5380594 249
-0.1272727 0.5408545 249
-0.1272727 0.5436496 251
-0.1272727 0.5464448 251
-0.1272727 0.5492398 251
-0.1272727 0.5520350 249
-0.1272727 0.5548301 249
-0.1272727 0.5576252 249
-0.1271664 0.5604203 249
-0.1270601 0.5632306 249
-0.1269538 0.5660244 249
-0.1268474 0.5688015 249
-0.1267411 0.5715620 251
-0.1266348 0.5743061 251
-0.1265284 0.5770335 251
-0.1264221 0.5797442 249
-0.1263158 0.5824385 249
-0.1262095 0.5851161 249
-0.1261031 0.5877772 249
-0.1259968 0.5904217 249
-0.1258905 0.5930496 249
-0.1257842 0.5956610 249
-0.1256778 0.5982557 251
-0.1255715 0.6008340 251
-0.1254652 0.6033955 251
-0.1253588 0.6059404 249
-0.1252525 0.6084688 249
-0.1251462 0.6109808 249
-0.1250399 0.6134760 249
-0.1249335 0.6159548 249
-0.1248272 0.6184168 249
-0.1247209 0.6208624 249
-0.1246146 0.6232914 251
-0.1245082 0.6257038 251
-0.1244019 0.6280995 251
-0.1242956 0.6304788 249
-0.1241893 0.6328413 249
-0.1240829 0.6351874 249
-0.1239766 0.6375169 249
-0.1238703 0.6398298 249
-0.1237640 0.6421261 249
-0.1236576 0.6444059 249
-0.1235513 0.6466690 251
-0.1234450 0.6489156 251
-0.1233386 0.6511455 251
-0.1232323 0.6533590 249
-0.1231260 0.6555558 249
-0.1230197 0.6577361 249
-0.1229133 0.6598998 249
-0.1228070 0.6620470 249
-0.1227007 0.6641774 249
-0.1225944 0.6662913 249
-0.1224880 0.6683887 251
-0.1223817 0.6704695 251
-0.1222754 0.6725336 251
-0.1221691 0.6745813 249
-0.1220627 0.6766123 249
-0.1219564 0.6786268 249
-0.1218501 0.6806247 249
-0.1217438 0.6826059 249
-0.1216374 0.6845707 249
-0.1215311 0.6865188 249
-0.1214248 0.6884504 251
-0.1213184 0.6903654 251
-0.1212121 0.6922638 251
-0.1211058 0.6941456 249
-0.1209995 0.6960108 249
-0.1208931 0.6978595 249
-0.1207868 0.6996916 249
-0.1206805 0.7015072 249
-0.1205742 0.7033060 249
-0.1204678 0.7050883 249
-0.1203615 0.7068540 251
-0.1202552 0.7086033 251
-0.1201489 0.7103358 251
-0.1200425 0.7120519 249
-0.1199362 0.7137514 249
-0.1198299 0.7154341 249
-0.1197236 0.7171004 249
-0.1196172 0.7187502 249
-0.1195109 0.7203832 249
-0.1194046 0.7219998 249
-0.1192982 0.7235999 251
-0.1191919 0.7251831 251
-0.1190856 0.7267500 251
-0.1189793 0.7283002 249
-0.1188729 0.7298338 249
-0.1187666 0.7313510 249
-0.1186603 0.7328514 249
-0.1185540 0.7343354 249
-0.1184476 0.7358026 249
-0.1183413 0.7372534 249
-0.1182350 0.7386876 251
-0.1181287 0.7401051 251
-0.1180223 0.7415062 251
-0.1179160 0.7428905 249
-0.1178097 0.7442583 249
-0.1177034 0.7456097 249
-0.1175970 0.7469442 249
-0.1174907 0.7482625 249
-0.1173844 0.7495640 249
-0.1172780 0.7508488 249
-0.1171717 0.7521172 251
-0.1170654 0.7533689 251
-0.1169591 0.7546042 251
-0.1168527 0.7558228 249
-0.1167464 0.7570248 249
-0.1166401 0.7582104 249
-0.1165338 0.7593792 249
-0.1164274 0.7605315 249
-0.1163211 0.7616673 249
-0.1162148 0.7627864 249
-0.1161085 0.7638889 251
-0.1160021 0.7649750 251
-0.1158958 0.7660443 251
-0.1157895 0.7670972 249
-0.1156831 0.7681333 249
-0.1155768 0.7691531 249
-0.1154705 0.7701561 249
-0.1153642 0.7711427 249
-0.1152578 0.7721127 249
-0.1151515 0.7730660 249
-0.1150452 0.7740026 251
-0.1149389 0.7749229 251
-0.1148325 0.7758265 251
-0.1147262 0.7767136 249
-0.1146199 0.7775840 249
-0.1145136 0.7784378 249
-0.1144072 0.7792751 249
-0.1143009 0.7800959 249
-0.1141946 0.7809001 249
-0.1140883 0.7816876 249
-0.1139819 0.7824585 251
-0.1138756 0.7832128 251
-0.1137693 0.7839506 251
-0.1136629 0.7846718 249
-0.1135566 0.7853766 249
-0.1134503 0.7860646 249
-0.1133440 0.7867361 249
-0.1132376 0.7873910 249
-0.1131313 0.7880293 249
-0.1130250 0.7886510 249
-0.1129187 0.7892563 251
-0.1128123 0.7898448 251
-0.1127060 0.7904168 251
-0.1125997 0.7909723 249
-0.1124934 0.7915111 249
-0.1123870 0.7920334 249
-0.1122807 0.7925391 249
-0.1121744 0.7930282 249
-0.1120680 0.7935007 249
-0.1119617 0.7939566 249
-0.1118554 0.7943960 251
-0.1117491 0.7948188 251
-0.1116427 0.7952250 251
-0.1115364 0.7956147 249
-0.1114301 0.7959877 249
-0.1113238 0.7963442 249
-0.1112174 0.7966841 249
-0.1111111 0.7970074 249
-0.1110048 0.7973141 249
-0.1108985 0.7976041 249
-0.1107921 0.7978778 251
-0.1106858 0.7981349 251
-0.1105795 0.7983752 251
-0.1104732 0.7985991 249
-0.1103668 0.7988063 249
-0.1102605 0.7989970 249
-0.1101542 0.7991710 8
-0.1100478 0.7993285 8
-0.1099415 0.7994694 8
-0.1098352 0.7995937 8
-0.1097289 0.7997015 8
-0.1096225 0.7997928 8
-0.1095162 0.7998673 8
-0.1094099 0.7999254 8
-0.1093036 0.7999669 8
-0.1091972 0.7999917 8
-0.1090909 0.8000000 8
-0.1089846 0.7999918 8
-0.1088783 0.7999672 8
-0.1087719 0.7999262 8
-0.1086656 0.7998690 8
-0.1085593 0.7997952 8
-0.1084530 0.7997051 8
-0.1083466 0.7995985 8
-0.1082403 0.7994757 8
-0.1081340 0.7993364 8
-0.1080277 0.7991806 8
-0.1079213 0.7990085 8
-0.1078150 0.7988201 8
-0.1077087 0.7986153 8
-0.1076023 0.7983941 8
-0.1074960 0.7981566 8
-0.1073897 0.7979025 8
-0.1072834 0.7976322 8
-0.1071770 0.7973453 8
-0.1070707 0.7970423 8
-0.1069644 0.7967226 8
-0.1068581 0.7963868 8
-0.1067517 0.7960344 8
-0.1066454 0.7956658 8
-0.1065391 0.7952806 8
-0.1064328 0.7948791 8
-0.1063264 0.7944613 8
-0.1062201 0.7940271 8
-0.1061138 0.7935764 8
-0.1060074 0.7931095 8
-0.1059011 0.7926260 8
-0.1057948 0.7921262 8
-0.1056885 0.7916101 8
-0.1055821 0.7910776 8
-0.1054758 0.7905285 8
-0.1053695 0.7899633 8
-0.1052632 0.7893816 8
-0.1051568 0.7887835 8
-0.1050505 0.7881690 8
-0.1049442 0.7875380 8
-0.1048378 0.7868908 8
-0.1047315 0.7862270 8
-0.1046252 0.7855471 8
-0.1045189 0.7848507 8
-0.1044125 0.7841378 8
-0.1043062 0.7834086 8
-0.1041999 0.7826629 8
-0.1040936 0.7819011 8
-0.1039872 0.7811227 8
-0.1038809 0.7803279 8
-0.1037746 0.7795168 8
-0.1036683 0.7786893 8
-0.1035619 0.7778454 8
-0.1034556 0.7769851 8
-0.1033493 0.7761083 8
-0.1032430 0.7752153 8
-0.1031366 0.7743059 8
-0.1030303 0.7733801 8
-0.1029240 0.7724379 8
-0.1028177 0.7714792 8
-0.1027113 0.7705042 8
-0.1026050 0.7695128 8
-0.1024987 0.7685052 8
-0.1023923 0.7674809 8
-0.1022860 0.7664405 8
-0.1021797 0.7653833 8
-0.1020734 0.7643101 8
-0.1019670 0.7632204 8
-0.1018607 0.7621143 8
-0.1017544 0.7609919 8
-0.1016481 0.7598529 8
-0.1015417 0.7586977 8
-0.1014354 0.7575260 8
-0.1013291 0.7563381 8
-0.1012228 0.7551337 8
-0.1011164 0.7539127 8
-0.1010101 0.7526756 8
-0.1009038 0.7514220 8
-0.1007974 0.7501521 8
-0.1006911 0.7488657 8
-0.1005848 0.7475629 8
-0.1004785 0.7462439 8
-0.1003721 0.7449084 8
-0.1002658 0.7435566 8
-0.1001595 0.7421883 8
-0.1000532 0.7408035 8
-0.0999468 0.7394025 8
-0.0998405 0.7379851 8
-0.0997342 0.7365513 8
-0.0996279 0.7351010 8
-0.0995215 0.7336345 8
-0.0994152 0.7321514 8
-0.0993089 0.7306520 8
-0.0992026 0.7291363 8
-0.0990962 0.7276042 8
-0.0989899 0.7260557 8
-0.0988836 0.7244907 8
-0.0987772 0.7229094 8
-0.0986709 0.7213117 8
-0.0985646 0.7196977 8
-0.0984583 0.7180672 8
-0.0983519 0.7164204 8
-0.0982456 0.7147571 8
-0.0981393 0.7130776 8
-0.0980330 0.7113815 8
-0.0979266 0.7096692 8
-0.0978203 0.7079403 8
-0.0977140 0.7061952 8
-0.0976077 0.7044336 8
-0.0975013 0.7026556 8
-0.0973950 0.7008614 8
-0.0972887 0.6990505 8
-0.0971823 0.6972235 8
-0.0970760 0.6953800 8
-0.0969697 0.6935201 8
-0.0968634 0.6916439 8
-0.0967570 0.6897512 8
-0.0966507 0.6878422 8
-0.0965444 0.6859168 8
-0.0964381 0.6839749 8
-0.0963317 0.6820168 8
-0.0962254 0.6800422 8
-0.0961191 0.6780512 8
-0.0960128 0.6760439 8
-0.0959064 0.6740202 8
-0.0958001 0.6719800 8
-0.0956938 0.6699235 8
-0.0955875 0.6678506 8
-0.0954811 0.6657613 8
-0.0953748 0.6636557 8
-0.0952685 0.6615335 8
-0.0951622 0.6593952 8
-0.0950558 0.6572403 8
-0.0949495 0.6550691 8
-0.0948432 0.6528814 8
-0.0947368 0.6506775 8
-0.0946305 0.6484571 8
-0.0945242 0.6462204 8
-0.0944179 0.6439672 8
-0.0943115 0.6416977 8
-0.0942052 0.6394117 8
-0.0940989 0.6371093 8
-0.0939926 0.6347907 8
-0.0938862 0.6324556 8
-0.0937799 0.6301041 8
-0.0936736 0.6277363 8
-0.0935673 0.6253521 8
-0.0934609 0.6229514 8
-0.0933546 0.6205345 8
-0.0932483 0.6181011 8
-0.0931419 0.6156512 8
-0.0930356 0.6131850 8
-0.0929293 0.6107026 8
-0.0928230 0.6082035 8
-0.0927166 0.6056882 8
-0.0926103 0.6031565 8
-0.0925040 0.6006084 8
-0.0923977 0.5980439 8
-0.0922913 0.5954630 8
-0.0921850 0.5928658 8
-0.0920787 0.5902521 8
-0.0919724 0.5876221 0
-0.0918660 0.5849757 0
-0.0917597 0.5823128 0
-0.0916534 0.5796335 0
-0.0915470 0.5769380 0
-0.0914407 0.5742260 0
-0.0913344 0.5714976 0
-0.0912281 0.5687528 0
-0.0911217 0.5659918 0
-0.0910154 0.5632142 0
-0.0909091 0.5604203 0
-0.0909091 0.5576252 0
-0.0909091 0.5548301 0
-0.0909091 0.5520349 0
-0.0909091 0.5492398 0
-0.0909091 0.5464448 0
-0.0909091 0.5436497 0
-0.0909091 0.5408545 0
-0.0909091 0.5380594 0
-0.0909091 0.5352643 0
-0.0909091 0.5324692 0
-0.0909091 0.5296741 0
-0.0909091 0.5268789 0
-0.0909091 0.5240838 0
-0.0909091 0.5212888 0
-0.0909091 0.5184937 0
-0.0909091 0.5156985 0
-0.0909091 0.5129034 0
-0.0909091 0.5101083 0
-0.0909091 0.5073132 0
-0.0909091 0.5045181 0
-0.0909091 0.5017229 0
-0.0909091 0.4989278 0
-0.0909091 0.4961328 0
-0.0909091 0.4933377 0
-0.0909091 0.4905425 0
-0.0909091 0.4877474 0
-0.0909091 0.4849523 0
-0.0909091 0.4821572 0
-0.0909091 0.4793621 0
-0.0909091 0.4765669 0
-0.0909091 0.4737718 0
-0.0909091 0.4709767 0
-0.0909091 0.4681817 0
-0.0909091 0.4653865 0
-0.0909091 0.4625914 0
-0.0909091 0.4597962 0
-0.0909091 0.4570011 0
-0.0909091 0.4542060 0
-0.0909091 0.4514108 0
-0.0909091 0.4486157 0
-0.0909091 0.4458206 0
-0.0909091 0.4430255 0
-0.0909091 0.4402304 0
-0.0909091 0.4374353 0
-0.0909091 0.4346402 0
-0.0909091 0.4318451 0
-0.0909091 0.4290500 0
-0.0909091 0.4262548 0
-0.0909091 0.4234597 0
-0.0909091 0.4206646 0
-0.0909091 0.4178695 0
-0.0909091 0.4150744 0
-0.0909091 0.4122793 0
-0.0909091 0.4094842 0
-0.0909091 0.4066891 0
-0.0909091 0.4038940 0
-0.0909091 0.4010988 0
-0.0909091 0.3983037 0
-0.0909091 0.3955086 0
-0.0909091 0.3927135 0
-0.0909091 0.3899184 0
-0.0909091 0.3871232 0
-0.0909091 0.3843282 0
-0.0909091 0.3815331 0
-0.0909091 0.3787380 0
-0.0909091 0.3759428 0
-0.0909091 0.3731477 0
-0.0909091 0.3703526 0
-0.0909091 0.3675575 0
-0.0909091 0.3647624 0
-0.0909091 0.3619671 0
-0.0909091 0.3591722 0
-0.0909091 0.3563771 0
-0.0909091 0.3535820 0
-0.0909091 0.3507867 0
-0.0909091 0.3479916 0
-0.0909091 0.3451965 0
-0.0909091 0.3424016 0
-0.0909091 0.3396063 0
-0.0909091 0.3368111 0
-0.0909091 0.3340161 0
-0.0909091 0.3312210 0
-0.0909091 0.3284259 0
-0.0909091 0.3256307 0
-0.0909091 0.3228356 0
-0.0909091 0.3200405 0
-0.0909091 0.3172455 0
-0.0909091 0.3144503 0
-0.0909091 0.3116551 0
-0.0909091 0.3088601 0
-0.0909091 0.3060650 0
-0.0909091 0.3032699 0
-0.0909091 0.3004747 0
-0.0909091 0.2976796 0
-0.0909091 0.2948845 0
-0.0909091 0.2920895 0
-0.0909091 0.2892943 0
-0.0909091 0.2864991 0
-0.0909091 0.2837041 0
-0.0909091 0.2809090 0
-0.0909091 0.2781139 0
-0.0909091 0.2753187 0
-0.0909091 0.2725236 0
-0.0909091 0.2697285 0
-0.0909091 0.2669335 0
-0.0909091 0.2641383 0
-0.0909091 0.2613431 0
-0.0909091 0.2585481 0
-0.0909091 0.2557530 0
-0.0909091 0.2529579 0
-0.0909091 0.2501627 0
-0.0909091 0.2473676 0
-0.0909091 0.2445725 0
-0.0909091 0.2417775 0
-0.0909091 0.2389823 0
-0.0909091 0.2361870 0
-0.0909091 0.2333919 0
-0.0909091 0.2305970 0
-0.0909091 0.2278017 0
-0.0909091 0.2250066 0
-0.0909091 0.2222115 0
-0.0909091 0.2194164 0
-0.0909091 0.2166215 0
-0.0909091 0.2138262 0
-0.0909091 0.2110310 0
-0.0909091 0.2082359 0
-0.0909091 0.2054409 0
-0.0909091 0.2026457 0
-0.0909091 0.1998507 0
-0.0909091 0.1970555 0
-0.0909091 0.1942604 0
-0.0909091 0.1914653 0
-0.0909091 0.1886702 0
-0.0909091 0.1858751 0
-0.0909091 0.1830799 0
-0.0909091 0.1802849 0
-0.0909091 0.1774896 0
-0.0909091 0.1746947 0
-0.0909091 0.1718995 0
-0.0909091 0.1691044 0
-0.0909091 0.1663092 0
-0.0909091 0.1635141 0
-0.0909091 0.1607190 0
-0.0909091 0.1579239 0
-0.0909091 0.1551288 0
-0.0909091 0.1523336 0
-0.0909091 0.1495385 0
-0.0909091 0.1467435 0
-0.0909091 0.1439484 0
-0.0909091 0.1411532 0
-0.0909091 0.1383581 0
-0.0909091 0.1355630 0
-0.0909091 0.1327679 0
-0.0909091 0.1299728 0
-0.0909091 0.1271776 0
-0.0909091 0.1243826 0
-0.0909091 0.1215875 0
-0.0909091 0.1187924 0
-0.0909091 0.1159972 0
-0.0909091 0.1132021 0
-0.0909091 0.1104070 241
-0.0909091 0.1076118 241
-0.0909091 0.1048168 241
-0.0909091 0.1020216 241
-0.0909091 0.0992266 243
-0.0909091 0.0964314 243
-0.0909091 0.0936363 243
-0.0909091 0.0908412 241
-0.0909091 0.0880461 241
-0.0909091 0.0852510 241
-0.0909091 0.0824558 241
-0.0909091 0.0796608 241
-0.0909091 0.0768656 241
-0.0909091 0.0740706 241
-0.0909091 0.0712754 243
-0.0909091 0.0684803 243
-0.0909091 0.0656852 243
-0.0909091 0.0628901 241
-0.0909091 0.0600950 241
-0.0909091 0.0572998 241
-0.0909091 0.0545048 241
-0.0909091 0.0517095 241
-0.0909091 0.0489146 241
-0.0909091 0.0461194 241
-0.0909091 0.0433243 243
-0.0909091 0.0405291 243
-0.0909091 0.0377340 243
-0.0909091 0.0349389 241
-0.0909091 0.0321438 241
-0.0909091 0.0293487 241
-0.0909091 0.0265535 241
-0.0909091 0.0237585 241
-0.0909091 0.0209634 241
-0.0909091 0.0181683 241
-0.0909091 0.0153731 243
-0.0909091 0.0125780 243
-0.0909091 0.0097829 243
-0.0909091 0.0069878 241
-0.0909091 0.0041927 241
-0.0909091 0.0013975 241
-0.0909091 -0.0013976 241
-0.0909091 -0.0041927 241
-0.0909091 -0.0069878 241
-0.0909091 -0.0097829 241
-0.0909091 -0.0125780 243
-0.0909091 -0.0153731 243
-0.0909091 -0.0181683 243
-0.0909091 -0.0209633 241
-0.0909091 -0.0237585 241
-0.0909091 -0.0265536 241
-0.0909091 -0.0293487 241
-0.0909091 -0.0321438 241
-0.0909091 -0.0349389 241
-0.0909091 -0.0377340 241
-0.0909091 -0.0405291 243
-0.0909091 -0.0433243 243
-0.0909091 -0.0461193 243
-0.0909091 -0.0489146 241
-0.0909091 -0.0517096 241
-0.0909091 -0.0545048 241
-0.0909091 -0.0572998 241
-0.0909091 -0.0600950 241
-0.0909091 -0.0628901 241
-0.0909091 -0.0656852 241
-0.0909091 -0.0684803 243
-0.0909091 -0.0712754 243
-0.0909091 -0.0740706 243
-0.0909091 -0.0768656 241
-0.0909091 -0.0796608 241
-0.0909091 -0.0824559 241
-0.0909091 -0.0852510 241
-0.0909091 -0.0880461 241
-0.0909091 -0.0908412 241
-0.0909091 -0.0936363 241
-0.0909091 -0.0964314 243
-0.0909091 -0.0992266 243
-0.0909091 -0.1020216 243
-0.0909091 -0.1048168 241
-0.0909091 -0.1076119 241
-0.0909091 -0.1104070 241
-0.0909091 -0.1132021 241
-0.0909091 -0.1159972 241
-0.0909091 -0.1187924 241
-0.0909091 -0.1215874 241
-0.0909091 -0.1243826 243
-0.0909091 -0.1271777 243
-0.0909091 -0.1299728 243
-0.0909091 -0.1327679 241
-0.0909091 -0.1355630 241
-0.0909091 -0.1383581 241
-0.0909091 -0.1411532 241
-0.0909091 -0.1439484 241
-0.0909091 -0.1467434 241
-0.0909091 -0.1495386 241
-0.0909091 -0.1523337 243
-0.0909091 -0.1551288 243
-0.0909091 -0.1579239 243
-0.0909091 -0.1607190 241
-0.0909091 -0.1635141 241
-0.0909091 -0.1663092 241
-0.0909091 -0.1691044 241
-0.0909091 -0.1718994 241
-0.0909091 -0.1746947 241
-0.0909091 -0.1774897 241
-0.0909091 -0.1802849 243
-0.0909091 -0.1830800 243
-0.0909091 -0.1858751 243
-0.0909091 -0.1886702 241
-0.0909091 -0.1914653 241
-0.0909091 -0.1942604 241
-0.0909091 -0.1970555 241
-0.0909091 -0.1998507 241
-0.0909091 -0.2026457 241
-0.0909091 -0.2054409 241
-0.0909091 -0.2082360 243
-0.0909091 -0.2110311 243
-0.0909091 -0.2138262 243
-0.0909091 -0.2166213 241
-0.0909091 -0.2194164 241
-0.0909091 -0.2222115 241
-0.0909091 -0.2250067 241
-0.0909091 -0.2278017 241
-0.0909091 -0.2305969 241
-0.0909091 -0.2333920 241
-0.0909091 -0.2361872 243
-0.0909091 -0.2389823 243
-0.0909091 -0.2417773 243
-0.0909091 -0.2445725 241
-0.0909091 -0.2473676 241
-0.0909091 -0.2501627 241
-0.0909091 -0.2529578 241
-0.0909091 -0.2557529 241
-0.0909091 -0.2585481 241
-0.0909091 -0.2613432 241
-0.0909091 -0.2641382 243
-0.0909091 -0.2669333 243
-0.0909091 -0.2697285 243
-0.0909091 -0.2725236 241
-0.0909091 -0.2753187 241
-0.0909091 -0.2781138 241
-0.0909091 -0.2809089 241
-0.0909091 -0.2837041 241
-0.0909091 -0.2864991 241
-0.0909091 -0.2892942 241
-0.0909091 -0.2920893 243
-0.0909091 -0.2948845 243
-0.0909091 -0.2976796 243
-0.0909091 -0.3004747 241
-0.0909091 -0.3032699 241
-0.0909091 -0.3060650 241
-0.0909091 -0.3088601 241
-0.0909091 -0.3116551 241
-0.0909091 -0.3144503 241
-0.0909091 -0.3172454 241
-0.0909091 -0.3200405 243
-0.0909091 -0.3228357 243
-0.0909091 -0.3256308 243
-0.0909091 -0.3284259 241
-0.0909091 -0.3312210 241
-0.0909091 -0.3340161 241
-0.0909091 -0.3368112 241
-0.0909091 -0.3396064 241
-0.0909091 -0.3424014 241
-0.0909091 -0.3451965 241
-0.0909091 -0.3479917 243
-0.0909091 -0.3507868 243
-0.0909091 -0.3535819 243
-0.0909091 -0.3563770 241
-0.0909091 -0.3591722 241
-0.0909091 -0.3619672 241
-0.0909091 -0.3647624 241
-0.0909091 -0.3675574 241
-0.0909091 -0.3703526 241
-0.0909091 -0.3731477 241
-0.0909091 -0.3759428 243
-0.0909091 -0.3787379 243
-0.0909091 -0.3815331 243
-0.0909091 -0.3843282 241
-0.0909091 -0.3871232 241
-0.0909091 -0.3899184 241
-0.0909091 -0.3927135 241
-0.0909091 -0.3955086 241
-0.0909091 -0.3983037 241
-0.0909091 -0.4010988 241
-0.0909091 -0.4038939 243
-0.0909091 -0.4066891 243
-0.0909091 -0.4094842 243
-0.0909091 -0.4122792 241
-0.0909091 -0.4150744 241
-0.0909091 -0.4178695 241
-0.0909091 -0.4206646 241
-0.0909091 -0.4234597 241
-0.0909091 -0.4262548 241
-0.0909091 -0.4290500 241
-0.0909091 -0.4318451 243
-0.0909091 -0.4346402 243
-0.0909091 -0.4374352 243
-0.0909091 -0.4402305 241
-0.0909091 -0.4430255 241
-0.0909091 -0.4458207 241
-0.0909091 -0.4486158 241
-0.0909091 -0.4514109 241
-0.0909091 -0.4542060 241
-0.0909091 -0.4570011 241
-0.0909091 -0.4597962 243
-0.0909091 -0.4625913 243
-0.0909091 -0.4653865 243
-0.0909091 -0.4681815 241
-0.0909091 -0.4709767 241
-0.0909091 -0.4737718 241
-0.0909091 -0.4765669 241
-0.0909091 -0.4793620 241
-0.0909091 -0.4821571 241
-0.0909091 -0.4849523 241
-0.0909091 -0.4877473 243
-0.0909091 -0.4905425 243
-0.0909091 -0.4933375 243
-0.0909091 -0.4961328 241
-0.0909091 -0.4989278 241
-0.0909091 -0.5017229 241
-0.0909091 -0.5045180 241
-0.0909091 -0.5073131 241
-0.0909091 -0.5101083 241
-0.0909091 -0.5129035 241
-0.0909091 -0.5156986 243
-0.0909091 -0.5184935 243
-0.0909091 -0.5212888 243
-0.0909091 -0.5240839 241
-0.0909091 -0.5268791 241
-0.0909091 -0.5296741 241
-0.0909091 -0.5324692 241
-0.0909091 -0.5352643 241
-0.0909091 -0.5380595 241
-0.0909091 -0.5408546 241
-0.0909091 -0.5436496 243
-0.0909091 -0.5464448 243
-0.0909091 -0.5492399 243
-0.0909091 -0.5520350 241
-0.0909091 -0.5548301 241
-0.0909091 -0.5576252 241
-0.0908028 -0.5604203 241
-0.0906964 -0.5632306 241
-0.0905901 -0.5660244 241
-0.0904838 -0.5688015 241
-0.0903775 -0.5715620 243
-0.0902711 -0.5743060 243
-0.0901648 -0.5770334 243
-0.0900585 -0.5797442 241
-0.0899522 -0.5824384 241
-0.0898458 -0.5851161 241
-0.0897395 -0.5877772 241
-0.0896332 -0.5904217 241
-0.0895268 -0.5930496 241
-0.0894205 -0.5956609 241
-0.0893142 -0.5982557 243
-0.0892079 -0.6008338 243
-0.0891015 -0.6033955 243
-0.0889952 -0.6059405 241
-0.0888889 -0.6084689 241
-0.0887826 -0.6109807 241
-0.0886762 -0.6134760 241
-0.0885699 -0.6159548 241
-0.0884636 -0.6184168 241
-0.0883573 -0.6208624 241
-0.0882509 -0.6232914 243
-0.0881446 -0.6257037 243
-0.0880383 -0.6280995 243
-0.0879320 -0.6304787 241
-0.0878256 -0.6328413 241
-0.0877193 -0.6351874 241
-0.0876130 -0.6375169 241
-0.0875066 -0.6398298 241
-0.0874003 -0.6421261 241
-0.0872940 -0.6444058 241
-0.0871877 -0.6466690 243
-0.0870813 -0.6489156 243
-0.0869750 -0.6511456 243
-0.0868687 -0.6533591 241
-0.0867624 -0.6555558 241
-0.0866560 -0.6577361 241
-0.0865497 -0.6598998 241
-0.0864434 -0.6620469 241
-0.0863371 -0.6641774 241
-0.0862307 -0.6662914 241
-0.0861244 -0.6683887 243
-0.0860181 -0.6704695 243
-0.0859118 -0.6725336 243
-0.0858054 -0.6745813 241
-0.0856991 -0.6766123 241
-0.0855928 -0.6786268 241
-0.0854864 -0.6806247 241
-0.0853801 -0.6826059 241
-0.0852738 -0.6845707 241
-0.0851675 -0.6865188 241
-0.0850611 -0.6884503 243
-0.0849548 -0.6903654 243
-0.0848485 -0.6922638 243
-0.0847422 -0.6941456 241
-0.0846358 -0.6960108 241
-0.0845295 -0.6978595 241
-0.0844232 -0.6996916 241
-0.0843168 -0.7015071 241
-0.0842105 -0.7033060 241
-0.0841042 -0.7050883 241
-0.0839979 -0.7068540 243
-0.0838916 -0.7086033 243
-0.0837852 -0.7103359 243
-0.0836789 -0.7120519 241
-0.0835726 -0.7137513 241
-0.0834662 -0.7154342 241
-0.0833599 -0.7171004 241
-0.0832536 -0.7187502 241
-0.0831473 -0.7203833 241
-0.0830409 -0.7219998 241
-0.0829346 -0.7235998 243
-0.0828283 -0.7251832 243
-0.0827220 -0.7267500 243
-0.0826156 -0.7283002 241
-0.0825093 -0.7298338 241
-0.0824030 -0.7313509 241
-0.0822967 -0.7328514 241
-0.0821903 -0.7343353 241
-0.0820840 -0.7358026 241
-0.0819777 -0.7372534 241
-0.0818713 -0.7386875 243
-0.0817650 -0.7401051 243
-0.0816587 -0.7415061 243
-0.0815524 -0.7428905 241
-0.0814460 -0.7442583 241
-0.0813397 -0.7456096 241
-0.0812334 -0.7469443 241
-0.0811271 -0.7482624 241
-0.0810207 -0.7495639 241
-0.0809144 -0.7508489 241
-0.0808081 -0.7521173 243
-0.0807018 -0.7533690 243
-0.0805954 -0.7546042 243
-0.0804891 -0.7558228 241
-0.0803828 -0.7570249 241
-0.0802764 -0.7582104 241
-0.0801701 -0.7593792 241
-0.0800638 -0.7605315 241
-0.0799575 -0.7616673 241
-0.0798511 -0.7627864 241
-0.0797448 -0.7638890 243
-0.0796385 -0.7649750 243
-0.0795322 -0.7660443 243
-0.0794258 -0.7670972 241
-0.0793195 -0.7681334 241
-0.0792132 -0.7691531 241
-0.0791069 -0.7701561 241
-0.0790005 -0.7711427 241
-0.0788942 -0.7721126 241
-0.0787879 -0.7730660 241
-0.0786816 -0.7740027 243
-0.0785752 -0.7749229 243
-0.0784689 -0.7758265 243
-0.0783626 -0.7767136 241
-0.0782562 -0.7775840 241
-0.0781499 -0.7784378 241
-0.0780436 -0.7792751 241
-0.0779373 -0.7800958 241
-0.0778309 -0.7808999 241
-0.0777246 -0.7816875 241
-0.0776183 -0.7824585 243
-0.0775120 -0.7832128 243
-0.0774056 -0.7839506 243
-0.0772993 -0.7846719 241
-0.0771930 -0.7853765 241
-0.0770866 -0.7860646 241
-0.0769803 -0.7867361 241
-0.0768740 -0.7873910 241
-0.0767677 -0.7880293 241
-0.0766614 -0.7886510 241
-0.0765550 -0.7892563 243
-0.0764487 -0.7898448 243
-0.0763424 -0.7904168 243
-0.0762361 -0.7909722 241
-0.0761297 -0.7915111 241
-0.0760234 -0.7920334 241
-0.0759171 -0.7925391 241
-0.0758107 -0.7930282 241
-0.0757044 -0.7935007 241
-0.0755981 -0.7939566 241
-0.0754918 -0.7943960 243
-0.0753854 -0.7948188 243
-0.0752791 -0.7952250 243
-0.0751728 -0.7956147 241
-0.0750665 -0.7959877 241
-0.0749601 -0.7963442 241
-0.0748538 -0.7966840 241
-0.0747475 -0.7970073 241
-0.0746412 -0.7973141 241
-0.0745348 -0.7976043 241
-0.0744285 -0.7978778 243
-0.0743222 -0.7981347 243
-0.0742158 -0.7983752 243
-0.0741095 -0.7985990 241
-0.0740032 -0.7988063 241
-0.0738969 -0.7989969 241
-0.0737905 -0.7991710 0
-0.0736842 -0.7993285 0
-0.0735779 -0.7994694 0
-0.0734716 -0.7995938 0
-0.0733652 -0.7997016 0
-0.0732589 -0.7997928 0
-0.0731526 -0.7998673 0
-0.0730463 -0.7999254 0
-0.0729399 -0.7999669 0
-0.0728336 -0.7999917 0
-0.0727273 -0.8000000 0
-0.0726209 -0.7999918 0
-0.0725146 -0.7999672 0
-0.0724083 -0.7999262 0
-0.0723020 -0.7998689 0
-0.0721956 -0.7997952 0
-0.0720893 -0.7997051 0
-0.0719830 -0.7995986 0
-0.0718767 -0.7994757 0
-0.0717703 -0.7993364 0
-0.0716640 -0.7991807 0
-0.0715577 -0.7990086 0
-0.0714514 -0.7988202 0
-0.0713450 -0.7986153 0
-0.0712387 -0.7983941 0
-0.0711324 -0.7981565 0
-0.0710261 -0.7979025 0
-0.0709197 -0.7976322 0
-0.0708134 -0.7973454 0
-0.0707071 -0.7970423 0
-0.0706008 -0.7967227 0
-0.0704944 -0.7963868 0
-0.0703881 -0.7960345 0
-0.0702818 -0.7956657 0
-0.0701754 -0.7952806 0
-0.0700691 -0.7948792 0
-0.0699628 -0.7944614 0
-0.0698565 -0.7940271 0
-0.0697501 -0.7935765 0
-0.0696438 -0.7931095 0
-0.0695375 -0.7926261 0
-0.0694312 -0.7921263 0
-0.0693248 -0.7916101 0
-0.0692185 -0.7910776 0
-0.0691122 -0.7905285 0
-0.0690058 -0.7899632 0
-0.0688995 -0.7893815 0
-0.0687932 -0.7887834 0
-0.0686869 -0.7881689 0
-0.0685805 -0.7875380 0
-0.0684742 -0.7868907 0
-0.0683679 -0.7862271 0
-0.0682616 -0.7855470 0
-0.0681552 -0.7848506 0
-0.0680489 -0.7841378 0
-0.0679426 -0.7834086 0
-0.0678363 -0.7826630 0
-0.0677299 -0.7819011 0
-0.0676236 -0.7811227 0
-0.0675173 -0.7803279 0
-0.0674110 -0.7795168 0
-0.0673046 -0.7786893 0
-0.0671983 -0.7778454 0
-0.0670920 -0.7769851 0
-0.0669857 -0.7761084 0
-0.0668793 -0.7752153 0
-0.0667730 -0.7743059 0
-0.0666667 -0.7733800 0
-0.0665603 -0.7724378 0
-0.0664540 -0.7714792 0
-0.0663477 -0.7705042 0
-0.0662414 -0.7695128 0
-0.0661350 -0.7685050 0
-0.0660287 -0.7674809 0
-0.0659224 -0.7664403 0
-0.0658160 -0.7653834 0
-0.0657097 -0.7643101 0
-0.0656034 -0.7632204 0
-0.0654971 -0.7621143 0
-0.0653908 -0.7609918 0
-0.0652844 -0.7598529 0
-0.0651781 -0.7586977 0
-0.0650718 -0.7575261 0
-0.0649654 -0.7563381 0
-0.0648591 -0.7551336 0
-0.0647528 -0.7539128 0
-0.0646465 -0.7526757 0
-0.0645401 -0.7514220 0
-0.0644338 -0.7501521 0
-0.0643275 -0.7488658 0
-0.0642212 -0.7475631 0
-0.0641148 -0.7462439 0
-0.0640085 -0.7449084 0
-0.0639022 -0.7435565 0
-0.0637959 -0.7421883 0
-0.0636895 -0.7408035 0
-0.0635832 -0.7394025 0
-0.0634769 -0.7379851 0
-0.0633706 -0.7365512 0
-0.0632642 -0.7351010 0
-0.0631579 -0.7336345 0
-0.0630516 -0.7321514 0
-0.0629452 -0.7306521 0
-0.0628389 -0.7291363 0
-0.0627326 -0.7276042 0
-0.0626263 -0.7260556 0
-0.0625199 -0.7244908 0
-0.0624136 -0.7229094 0
-0.0623073 -0.7213117 0
-0.0622010 -0.7196977 0
-0.0620946 -0.7180672 0
-0.0619883 -0.7164204 0
-0.0618820 -0.7147571 0
-0.0617757 -0.7130775 0
-0.0616693 -0.7113815 0
-0.0615630 -0.7096691 0
-0.0614567 -0.7079403 0
-0.0613504 -0.7061952 0
-0.0612440 -0.7044336 0
-0.0611377 -0.7026557 0
-0.0610314 -0.7008614 0
-0.0609250 -0.6990506 0
-0.0608187 -0.6972235 0
-0.0607124 -0.6953800 0
-0.0606061 -0.6935202 0
-0.0604997 -0.6916439 0
-0.0603934 -0.6897513 0
-0.0602871 -0.6878422 0
-0.0601808 -0.6859168 0
-0.0600744 -0.6839749 0
-0.0599681 -0.6820168 0
-0.0598618 -0.6800422 0
-0.0597554 -0.6780512 0
-0.0596491 -0.6760439 0
-0.0595428 -0.6740202 0
-0.0594365 -0.6719800 0
-0.0593302 -0.6699235 0
-0.0592238 -0.6678506 0
-0.0591175 -0.6657613 0
-0.0590112 -0.6636556 0
-0.0589048 -0.6615335 0
-0.0587985 -0.6593951 0
-0.0586922 -0.6572403 0
-0.0585859 -0.6550691 0
-0.0584795 -0.6528815 0
-0.0583732 -0.6506775 0
-0.0582669 -0.6484571 0
-0.0581606 -0.6462203 0
-0.0580542 -0.6439672 0
-0.0579479 -0.6416976 0
-0.0578416 -0.6394117 0
-0.0577353 -0.6371094 0
-0.0576289 -0.6347907 0
-0.0575226 -0.6324556 0
-0.0574163 -0.6301042 0
-0.0573100 -0.6277363 0
-0.0572036 -0.6253520 0
-0.0570973 -0.6229514 0
-0.0569910 -0.6205344 0
-0.0568846 -0.6181010 0
-0.0567783 -0.6156512 0
-0.0566720 -0.6131850 0
-0.0565657 -0.6107025 0
-0.0564593 -0.6082035 0
-0.0563530 -0.6056882 0
-0.0562467 -0.6031564 0
-0.0561403 -0.6006083 0
-0.0560340 -0.5980439 0
-0.0559277 -0.5954630 0
-0.0558214 -0.5928657 0
-0.0557150 -0.5902520 0
-0.0556087 -0.5876220 8
-0.0555024 -0.5849756 8
-0.0553961 -0.5823128 8
-0.0552897 -0.5796336 8
-0.0551834 -0.5769380 8
-0.0550771 -0.5742260 8
-0.0549708 -0.5714976 8
-0.0548644 -0.5687529 8
-0.0547581 -0.5659918 8
-0.0546518 -0.5632142 8
-0.0545455 -0.5604203 8
-0.0545455 -0.5576252 8
-0.0545455 -0.5548301 8
-0.0545455 -0.5520350 8
-0.0545455 -0.5492399 8
-0.0545455 -0.5464448 8
-0.0545455 -0.5436497 8
-0.0545455 -0.5408546 8
-0.0545455 -0.5380595 8
-0.0545455 -0.5352643 8
-0.0545455 -0.5324692 8
-0.0545455 -0.5296741 8
-0.0545455 -0.5268790 8
-0.0545455 -0.5240839 8
-0.0545455 -0.5212888 8
-0.0545455 -0.5184937 8
-0.0545455 -0.5156986 8
-0.0545455 -0.5129035 8
-0.0545455 -0.5101083 8
-0.0545455 -0.5073131 8
-0.0545455 -0.5045180 8
-0.0545455 -0.5017229 8
-0.0545455 -0.4989278 8
-0.0545455 -0.4961328 8
-0.0545455 -0.4933376 8
-0.0545455 -0.4905425 8
-0.0545455 -0.4877473 8
-0.0545455 -0.4849523 8
-0.0545455 -0.4821571 8
-0.0545455 -0.4793620 8
-0.0545455 -0.4765669 8
-0.0545455 -0.4737718 8
-0.0545455 -0.4709767 8
-0.0545455 -0.4681816 8
-0.0545455 -0.4653865 8
-0.0545455 -0.4625913 8
-0.0545455 -0.4597962 8
-0.0545455 -0.4570011 8
-0.0545455 -0.4542060 8
-0.0545455 -0.4514109 8
-0.0545455 -0.4486158 8
-0.0545455 -0.4458207 8
-0.0545455 -0.4430255 8
-0.0545455 -0.4402305 8
-0.0545455 -0.4374353 8
-0.0545455 -0.4346402 8
-0.0545455 -0.4318451 8
-0.0545455 -0.4290500 8
-0.0545455 -0.4262548 8
-0.0545455 -0.4234597 8
-0.0545455 -0.4206646 8
-0.0545455 -0.4178695 8
-0.0545455 -0.4150744 8
-0.0545455 -0.4122793 8
-0.0545455 -0.4094842 8
-0.0545455 -0.4066891 8
-0.0545455 -0.4038939 8
-0.0545455 -0.4010988 8
-0.0545455 -0.3983037 8
-0.0545455 -0.3955086 8
-0.0545455 -0.3927135 8
-0.0545455 -0.3899184 8
-0.0545455 -0.3871232 8
-0.0545455 -0.3843282 8
-0.0545455 -0.3815331 8
-0.0545455 -0.3787379 8
-0.0545455 -0.3759428 8
-0.0545455 -0.3731477 8
-0.0545455 -0.3703526 8
-0.0545455 -0.3675574 8
-0.0545455 -0.3647624 8
-0.0545455 -0.3619672 8
-0.0545455 -0.3591722 8
-0.0545455 -0.3563770 8
-0.0545455 -0.3535819 8
-0.0545455 -0.3507868 8
-0.0545455 -0.3479917 8
-0.0545455 -0.3451965 8
-0.0545455 -0.3424015 8
-0.0545455 -0.3396064 8
-0.0545455 -0.3368112 8
-0.0545455 -0.3340161 8
-0.0545455 -0.3312210 8
-0.0545455 -0.3284259 8
-0.0545455 -0.3256308 8
-0.0545455 -0.3228357 8
-0.0545455 -0.3200405 8
-0.0545455 -0.3172455 8
-0.0545455 -0.3144503 8
-0.0545455 -0.3116551 8
-0.0545455 -0.3088601 8
-0.0545455 -0.3060650 8
-0.0545455 -0.3032699 8
-0.0545455 -0.3004747 8
-0.0545455 -0.2976796 8
-0.0545455 -0.2948845 8
-0.0545455 -0.2920894 8
-0.0545455 -0.2892942 8
-0.0545455 -0.2864991 8
-0.0545455 -0.2837041 8
-0.0545455 -0.2809089 8
-0.0545455 -0.2781138 8
-0.0545455 -0.2753187 8
-0.0545455 -0.2725236 8
-0.0545455 -0.2697285 8
-0.0545455 -0.2669334 8
-0.0545455 -0.2641382 8
-0.0545455 -0.2613431 8
-0.0545455 -0.2585481 8
-0.0545455 -0.2557529 8
-0.0545455 -0.2529578 8
-0.0545455 -0.2501627 8
-0.0545455 -0.2473676 8
-0.0545455 -0.2445725 8
-0.0545455 -0.2417774 8
-0.0545455 -0.2389823 8
-0.0545455 -0.2361871 8
-0.0545455 -0.2333920 8
-0.0545455 -0.2305969 8
-0.0545455 -0.2278017 8
-0.0545455 -0.2250066 8
-0.0545455 -0.2222115 8
-0.0545455 -0.2194164 8
-0.0545455 -0.2166213 8
-0.0545455 -0.2138262 8
-0.0545455 -0.2110311 8
-0.0545455 -0.2082360 8
-0.0545455 -0.2054409 8
-0.0545455 -0.2026457 8
-0.0545455 -0.1998506 8
-0.0545455 -0.1970555 8
-0.0545455 -0.1942604 8
-0.0545455 -0.1914653 8
-0.0545455 -0.1886702 8
-0.0545455 -0.1858751 8
-0.0545455 -0.1830800 8
-0.0545455 -0.1802849 8
-0.0545455 -0.1774897 8
-0.0545455 -0.1746946 8
-0.0545455 -0.1718995 8
-0.0545455 -0.1691044 8
-0.0545455 -0.1663093 8
-0.0545455 -0.1635141 8
-0.0545455 -0.1607190 8
-0.0545455 -0.1579239 8
-0.0545455 -0.1551288 8
-0.0545455 -0.1523337 8
-0.0545455 -0.1495385 8
-0.0545455 -0.1467435 8
-0.0545455 -0.1439484 8
-0.0545455 -0.1411532 8
-0.0545455 -0.1383581 8
-0.0545455 -0.1355630 8
-0.0545455 -0.1327679 8
-0.0545455 -0.1299728 8
-0.0545455 -0.1271777 8
-0.0545455 -0.1243826 8
-0.0545455 -0.1215875 8
-0.0545455 -0.1187924 8
-0.0545455 -0.1159972 8
-0.0545455 -0.1132021 8
-0.0545455 -0.1104070 249
-0.0545455 -0.1076119 249
-0.0545455 -0.1048168 249
-0.0545455 -0.1020216 249
-0.0545455 -0.0992266 251
-0.0545455 -0.0964314 251
-0.0545455 -0.0936363 251
-0.0545455 -0.0908412 249
-0.0545455 -0.0880461 249
-0.0545455 -0.0852510 249
-0.0545455 -0.0824559 249
-0.0545455 -0.0796608 249
-0.0545455 -0.0768656 249
-0.0545455 -0.0740706 249
-0.0545455 -0.0712754 251
-0.0545455 -0.0684803 251
-0.0545455 -0.0656852 251
-0.0545455 -0.0628901 249
-0.0545455 -0.0600950 249
-0.0545455 -0.0572998 249
-0.0545455 -0.0545048 249
-0.0545455 -0.0517096 249
-0.0545455 -0.0489146 249
-0.0545455 -0.0461194 249
-0.0545455 -0.0433243 251
-0.0545455 -0.0405291 251
-0.0545455 -0.0377340 251
-0.0545455 -0.0349389 249
-0.0545455 -0.0321438 249
-0.0545455 -0.0293487 249
-0.0545455 -0.0265536 249
-0.0545455 -0.0237585 249
-0.0545455 -0.0209634 249
-0.0545455 -0.0181683 249
-0.0545455 -0.0153731 251
-0.0545455 -0.0125780 251
-0.0545455 -0.0097829 251
-0.0545455 -0.0069878 249
-0.0545455 -0.0041927 249
-0.0545455 -0.0013976 249
-0.0545455 0.0013975 249
-0.0545455 0.0041927 249
-0.0545455 0.0069878 249
-0.0545455 0.0097830 249
-0.0545455 0.0125780 251
-0.0545455 0.0153731 251
-0.0545455 0.0181683 251
-0.0545455 0.0209633 249
-0.0545455 0.0237585 249
-0.0545455 0.0265535 249
-0.0545455 0.0293487 249
-0.0545455 0.0321438 249
-0.0545455 0.0349390 249
-0.0545455 0.0377340 249
-0.0545455 0.0405291 251
-0.0545455 0.0433243 251
-0.0545455 0.0461193 251
-0.0545455 0.0489146 249
-0.0545455 0.0517095 249
-0.0545455 0.0545048 249
-0.0545455 0.0572998 249
-0.0545455 0.0600950 249
-0.0545455 0.0628901 249
-0.0545455 0.0656851 249
-0.0545455 0.0684803 251
-0.0545455 0.0712754 251
-0.0545455 0.0740706 251
-0.0545455 0.0768656 249
-0.0545455 0.0796608 249
-0.0545455 0.0824558 249
-0.0545455 0.0852510 249
-0.0545455 0.0880461 249
-0.0545455 0.0908411 249
-0.0545455 0.0936363 249
-0.0545455 0.0964314 251
-0.0545455 0.0992266 251
-0.0545455 0.1020216 251
-0.0545455 0.1048168 249
-0.0545455 0.1076118 249
-0.0545455 0.1104071 249
-0.0545455 0.1132021 249
-0.0545455 0.1159972 249
-0.0545455 0.1187924 249
-0.0545455 0.1215874 249
-0.0545455 0.1243826 251
-0.0545455 0.1271776 251
-0.0545455 0.1299728 251
-0.0545455 0.1327679 249
-0.0545455 0.1355631 249
-0.0545455 0.1383581 249
-0.0545455 0.1411532 249
-0.0545455 0.1439484 249
-0.0545455 0.1467434 249
-0.0545455 0.1495386 249
-0.0545455 0.1523336 251
-0.0545455 0.1551288 251
-0.0545455 0.1579239 251
-0.0545455 0.1607191 249
-0.0545455 0.1635141 249
-0.0545455 0.1663092 249
-0.0545455 0.1691044 249
-0.0545455 0.1718995 249
-0.0545455 0.1746947 249
-0.0545455 0.1774896 249
-0.0545455 0.1802849 251
-0.0545455 0.1830799 251
-0.0545455 0.1858751 251
-0.0545455 0.1886702 249
-0.0545455 0.1914653 249
-0.0545455 0.1942604 249
-0.0545455 0.1970555 249
-0.0545455 0.1998507 249
-0.0545455 0.2026457 249
-0.0545455 0.2054409 249
-0.0545455 0.2082359 251
-0.0545455 0.2110311 251
-0.0545455 0.2138262 251
-0.0545455 0.2166213 249
-0.0545455 0.2194164 249
-0.0545455 0.2222115 249
-0.0545455 0.2250066 249
-0.0545455 0.2278017 249
-0.0545455 0.2305970 249
-0.0545455 0.2333919 249
-0.0545455 0.2361872 251
-0.0545455 0.2389823 251
-0.0545455 0.2417774 251
-0.0545455 0.2445725 249
-0.0545455 0.2473676 249
-0.0545455 0.2501627 249
-0.0545455 0.2529579 249
-0.0545455 0.2557530 249
-0.0545455 0.2585481 249
-0.0545455 0.2613432 249
-0.0545455 0.2641383 251
-0.0545455 0.2669334 251
-0.0545455 0.2697285 251
-0.0545455 0.2725236 249
-0.0545455 0.2753187 249
-0.0545455 0.2781139 249
-0.0545455 0.2809090 249
-0.0545455 0.2837041 249
-0.0545455 0.2864991 249
-0.0545455 0.2892943 249
-0.0545455 0.2920894 251
-0.0545455 0.2948845 251
-0.0545455 0.2976796 251
-0.0545455 0.3004747 249
-0.0545455 0.3032699 249
-0.0545455 0.3060650 249
-0.0545455 0.3088601 249
-0.0545455 0.3116551 249
-0.0545455 0.3144503 249
-0.0545455 0.3172454 249
-0.0545455 0.3200405 251
-0.0545455 0.3228356 251
-0.0545455 0.3256307 251
-0.0545455 0.3284259 249
-0.0545455 0.3312210 249
-0.0545455 0.3340161 249
-0.0545455 0.3368111 249
-0.0545455 0.3396063 249
-0.0545455 0.3424014 249
-0.0545455 0.3451965 249
-0.0545455 0.3479916 251
-0.0545455 0.3507867 251
-0.0545455 0.3535820 251
-0.0545455 0.3563771 249
-0.0545455 0.3591722 249
-0.0545455 0.3619671 249
-0.0545455 0.3647624 249
-0.0545455 0.3675575 249
-0.0545455 0.3703526 249
-0.0545455 0.3731477 249
-0.0545455 0.3759428 251
-0.0545455 0.3787380 251
-0.0545455 0.3815331 251
-0.0545455 0.3843282 249
-0.0545455 0.3871232 249
-0.0545455 0.3899184 249
-0.0545455 0.3927135 249
-0.0545455 0.3955086 249
-0.0545455 0.3983037 249
-0.0545455 0.4010988 249
-0.0545455 0.4038940 251
-0.0545455 0.4066891 251
-0.0545455 0.4094842 251
-0.0545455 0.4122792 249
-0.0545455 0.4150744 249
-0.0545455 0.4178695 249
-0.0545455 0.4206646 249
-0.0545455 0.4234597 249
-0.0545455 0.4262548 249
-0.0545455 0.4290500 249
-0.0545455 0.4318451 251
-0.0545455 0.4346402 251
-0.0545455 0.4374352 251
-0.0545455 0.4402304 249
-0.0545455 0.4430255 249
-0.0545455 0.4458207 249
-0.0545455 0.4486157 249
-0.0545455 0.4514108 249
-0.0545455 0.4542060 249
-0.0545455 0.4570011 249
-0.0545455 0.4597962 251
-0.0545455 0.4625912 251
-0.0545455 0.4653865 251
-0.0545455 0.4681816 249
-0.0545455 0.4709768 249
-0.0545455 0.4737718 249
-0.0545455 0.4765669 249
-0.0545455 0.4793621 249
-0.0545455 0.4821572 249
-0.0545455 0.4849523 249
-0.0545455 0.4877473 251
-0.0545455 0.4905425 251
-0.0545455 0.4933376 251
-0.0545455 0.4961328 249
-0.0545455 0.4989278 249
-0.0545455 0.5017229 249
-0.0545455 0.5045181 249
-0.0545455 0.5073132 249
-0.0545455 0.5101083 249
-0.0545455 0.5129034 249
-0.0545455 0.5156985 251
-0.0545455 0.5184936 251
-0.0545455 0.5212888 251
-0.0545455 0.5240838 249
-0.0545455 0.5268790 249
-0.0545455 0.5296741 249
-0.0545455 0.5324692 249
-0.0545455 0.5352643 249
-0.0545455 0.5380594 249
-0.0545455 0.5408545 249
-0.0545455 0.5436496 251
-0.0545455 0.5464448 251
-0.0545455 0.5492398 251
-0.0545455 0.5520350 249
-0.0545455 0.5548301 249
-0.0545455 0.5576252 249
-0.0544391 0.5604203 249
-0.0543328 0.5632306 249
-0.0542265 0.5660244 249
-0.0541202 0.5688015 249
-0.0540138 0.5715620 251
-0.0539075 0.5743061 251
-0.0538012 0.5770335 251
-0.0536948 0.5797442 249
-0.0535885 0.5824385 249
-0.0534822 0.5851161 249
-0.0533759 0.5877772 249
-0.0532696 0.5904217 249
-0.0531632 0.5930496 249
-0.0530569 0.5956610 249
-0.0529506 0.5982557 251
-0.0528442 0.6008340 251
-0.0527379 0.6033955 251
-0.0526316 0.6059404 249
-0.0525253 0.6084688 249
-0.0524189 0.6109808 249
-0.0523126 0.6134760 249
-0.0522063 0.6159548 249
-0.0520999 0.6184168 249
-0.0519936 0.6208624 249
-0.0518873 0.6232914 251
-0.0517810 0.6257038 251
-0.0516746 0.6280995 251
-0.0515683 0.6304788 249
-0.0514620 0.6328413 249
-0.0513557 0.6351874 249
-0.0512493 0.6375169 249
-0.0511430 0.6398298 249
-0.0510367 0.6421261 249
-0.0509304 0.6444059 249
-0.0508240 0.6466690 251
-0.0507177 0.6489156 251
-0.0506114 0.6511455 251
-0.0505051 0.6533590 249
-0.0503987 0.6555558 249
-0.0502924 0.6577361 249
-0.0501861 0.6598998 249
-0.0500797 0.6620470 249
-0.0499734 0.6641774 249
-0.0498671 0.6662913 249
-0.0497608 0.6683887 251
-0.0496544 0.6704695 251
-0.0495481 0.6725336 251
-0.0494418 0.6745813 249
-0.0493355 0.6766123 249
-0.0492291 0.6786268 249
-0.0491228 0.6806247 249
-0.0490165 0.6826059 249
-0.0489102 0.6845707 249
-0.0488038 0.6865188 249
-0.0486975 0.6884504 251
-0.0485912 0.6903654 251
-0.0484849 0.6922638 251
-0.0483785 0.6941456 249
-0.0482722 0.6960108 249
-0.0481659 0.6978595 249
-0.0480596 0.6996916 249
-0.0479532 0.7015072 249
-0.0478469 0.7033060 249
-0.0477405 0.7050883 249
-0.0476342 0.7068540 251
-0.0475279 0.7086033 251
-0.0474216 0.7103358 251
-0.0473153 0.7120519 249
-0.0472089 0.7137514 249
-0.0471026 0.7154341 249
-0.0469963 0.7171004 249
-0.0468899 0.7187502 249
-0.0467836 0.7203832 249
-0.0466773 0.7219998 249
-0.0465710 0.7235999 251
-0.0464647 0.7251831 251
-0.0463583 0.7267500 251
-0.0462520 0.7283002 249
-0.0461457 0.7298338 249
-0.0460393 0.7313510 249
-0.0459330 0.7328514 249
-0.0458267 0.7343354 249
-0.0457204 0.7358026 249
-0.0456140 0.7372534 249
-0.0455077 0.7386876 251
-0.0454014 0.7401051 251
-0.0452951 0.7415062 251
-0.0451887 0.7428905 249
-0.0450824 0.7442583 249
-0.0449761 0.7456097 249
-0.0448698 0.7469442 249
-0.0447634 0.7482625 249
-0.0446571 0.7495640 249
-0.0445508 0.7508488 249
-0.0444445 0.7521172 251
-0.0443381 0.7533689 251
-0.0442318 0.7546042 251
-0.0441255 0.7558228 249
-0.0440191 0.7570248 249
-0.0439128 0.7582104 249
-0.0438065 0.7593792 249
-0.0437002 0.7605315 249
-0.0435938 0.7616673 249
-0.0434875 0.7627864 249
-0.0433812 0.7638889 251
-0.0432749 0.7649750 251
-0.0431685 0.7660443 251
-0.0430622 0.7670972 249
-0.0429559 0.7681333 249
-0.0428495 0.7691531 249
-0.0427432 0.7701561 249
-0.0426369 0.7711427 249
-0.0425306 0.7721127 249
-0.0424242 0.7730660 249
-0.0423179 0.7740026 251
-0.0422116 0.7749229 251
-0.0421053 0.7758265 251
-0.0419989 0.7767136 249
-0.0418926 0.7775840 249
-0.0417863 0.7784378 249
-0.0416799 0.7792751 249
-0.0415736 0.7800959 249
-0.0414673 0.7809001 249
-0.0413610 0.7816876 249
-0.0412547 0.7824585 251
-0.0411483 0.7832128 251
-0.0410420 0.7839506 251
-0.0409357 0.7846718 249
-0.0408293 0.7853766 249
-0.0407230 0.7860646 249
-0.0406167 0.7867361 249
-0.0405104 0.7873910 249
-0.0404041 0.7880293 249
-0.0402977 0.7886510 249
-0.0401914 0.7892563 251
-0.0400851 0.7898448 251
-0.0399787 0.7904168 251
-0.0398724 0.7909723 249
-0.0397661 0.7915111 249
-0.0396598 0.7920334 249
-0.0395534 0.7925391 249
-0.0394471 0.7930282 249
-0.0393408 0.7935007 249
-0.0392345 0.7939566 249
-0.0391281 0.7943960 251
-0.0390218 0.7948188 251
-0.0389155 0.7952250 251
-0.0388091 0.7956147 249
-0.0387028 0.7959877 249
-0.0385965 0.7963442 249
-0.0384901 0.7966841 249
-0.0383838 0.7970074 249
-0.0382775 0.7973141 249
-0.0381712 0.7976041 249
-0.0380649 0.7978778 251
-0.0379585 0.7981349 251
-0.0378522 0.7983752 251
-0.0377459 0.7985991 249
-0.0376396 0.7988063 249
-0.0375332 0.7989970 249
-0.0374269 0.7991710 8
-0.0373206 0.7993285 8
-0.0372142 0.7994694 8
-0.0371079 0.7995937 8
-0.0370016 0.7997015 8
-0.0368953 0.7997928 8
-0.0367889 0.7998673 8
-0.0366826 0.7999254 8
-0.0365763 0.7999669 8
-0.0364700 0.7999917 8
-0.0363636 0.8000000 8
-0.0362573 0.7999918 8
-0.0361510 0.7999672 8
-0.0360447 0.7999262 8
-0.0359383 0.7998690 8
-0.0358320 0.7997952 8
-0.0357257 0.7997051 8
-0.0356193 0.7995985 8
-0.0355130 0.7994757 8
-0.0354067 0.7993364 8
-0.0353004 0.7991806 8
-0.0351941 0.7990085 8
-0.0350877 0.7988201 8
-0.0349814 0.7986153 8
-0.0348751 0.7983941 8
-0.0347687 0.7981566 8
-0.0346624 0.7979025 8
-0.0345561 0.7976322 8
-0.0344498 0.7973453 8
-0.0343435 0.7970423 8
-0.0342371 0.7967226 8
-0.0341308 0.7963868 8
-0.0340245 0.7960344 8
-0.0339181 0.7956658 8
-0.0338118 0.7952806 8
-0.0337055 0.7948791 8
-0.0335992 0.7944613 8
-0.0334928 0.7940271 8
-0.0333865 0.7935764 8
-0.0332802 0.7931095 8
-0.0331738 0.7926260 8
-0.0330675 0.7921262 8
-0.0329612 0.7916101 8
-0.0328549 0.7910776 8
-0.0327485 0.7905285 8
-0.0326422 0.7899633 8
-0.0325359 0.7893816 8
-0.0324295 0.7887835 8
-0.0323232 0.7881690 8
-0.0322169 0.7875380 8
-0.0321106 0.7868908 8
-0.0320043 0.7862270 8
-0.0318979 0.7855471 8
-0.0317916 0.7848507 8
-0.0316853 0.7841378 8
-0.0315790 0.7834086 8
-0.0314726 0.7826629 8
-0.0313663 0.7819011 8
-0.0312600 0.7811227 8
-0.0311536 0.7803279 8
-0.0310473 0.7795168 8
-0.0309410 0.7786893 8
-0.0308347 0.7778454 8
-0.0307283 0.7769851 8
-0.0306220 0.7761083 8
-0.0305157 0.7752153 8
-0.0304094 0.7743059 8
-0.0303030 0.7733801 8
-0.0301967 0.7724379 8
-0.0300904 0.7714792 8
-0.0299841 0.7705042 8
-0.0298777 0.7695128 8
-0.0297714 0.7685052 8
-0.0296651 0.7674809 8
-0.0295587 0.7664405 8
-0.0294524 0.7653833 8
-0.0293461 0.7643101 8
-0.0292398 0.7632204 8
-0.0291334 0.7621143 8
-0.0290271 0.7609919 8
-0.0289208 0.7598529 8
-0.0288144 0.7586977 8
-0.0287081 0.7575260 8
-0.0286018 0.7563381 8
-0.0284955 0.7551337 8
-0.0283892 0.7539127 8
-0.0282828 0.7526756 8
-0.0281765 0.7514220 8
-0.0280702 0.7501521 8
-0.0279638 0.7488657 8
-0.0278575 0.7475629 8
-0.0277512 0.7462439 8
-0.0276449 0.7449084 8
-0.0275386 0.7435566 8
-0.0274322 0.7421883 8
-0.0273259 0.7408035 8
-0.0272196 0.7394025 8
-0.0271132 0.7379851 8
-0.0270069 0.7365513 8
-0.0269006 0.7351010 8
-0.0267943 0.7336345 8
-0.0266879 0.7321514 8
-0.0265816 0.7306520 8
-0.0264753 0.7291363 8
-0.0263689 0.7276042 8
-0.0262626 0.7260557 8
-0.0261563 0.7244907 8
-0.0260500 0.7229094 8
-0.0259437 0.7213117 8
-0.0258373 0.7196977 8
-0.0257310 0.7180672 8
-0.0256247 0.7164204 8
-0.0255184 0.7147571 8
-0.0254120 0.7130776 8
-0.0253057 0.7113815 8
-0.0251994 0.7096692 8
-0.0250930 0.7079403 8
-0.0249867 0.7061952 8
-0.0248804 0.7044336 8
-0.0247740 0.7026556 8
-0.0246677 0.7008614 8
-0.0245614 0.6990505 8
-0.0244551 0.6972235 8
-0.0243488 0.6953800 8
-0.0242424 0.6935201 8
-0.0241361 0.6916439 8
-0.0240298 0.6897512 8
-0.0239234 0.6878422 8
-0.0238171 0.6859168 8
-0.0237108 0.6839749 8
-0.0236045 0.6820168 8
-0.0234981 0.6800422 8
-0.0233918 0.6780512 8
-0.0232855 0.6760439 8
-0.0231792 0.6740202 8
-0.0230728 0.6719800 8
-0.0229665 0.6699235 8
-0.0228602 0.6678506 8
-0.0227538 0.6657613 8
-0.0226475 0.6636557 8
-0.0225412 0.6615335 8
-0.0224349 0.6593952 8
-0.0223286 0.6572403 8
-0.0222222 0.6550691 8
-0.0221159 0.6528814 8
-0.0220096 0.6506775 8
-0.0219032 0.6484571 8
-0.0217969 0.6462204 8
-0.0216906 0.6439672 8
-0.0215843 0.6416977 8
-0.0214780 0.6394117 8
-0.0213716 0.6371093 8
-0.0212653 0.6347907 8
-0.0211590 0.6324556 8
-0.0210526 0.6301041 8
-0.0209463 0.6277363 8
-0.0208400 0.6253521 8
-0.0207337 0.6229514 8
-0.0206273 0.6205345 8
-0.0205210 0.6181011 8
-0.0204147 0.6156512 8
-0.0203083 0.6131850 8
-0.0202020 0.6107026 8
-0.0200957 0.6082035 8
-0.0199894 0.6056882 8
-0.0198830 0.6031565 8
-0.0197767 0.6006084 8
-0.0196704 0.5980439 8
-0.0195640 0.5954630 8
-0.0194577 0.5928658 8
-0.0193514 0.5902521 8
-0.0192451 0.5876221 0
-0.0191388 0.5849757 0
-0.0190324 0.5823128 0
-0.0189261 0.5796335 0
-0.0188198 0.5769380 0
-0.0187134 0.5742260 0
-0.0186071 0.5714976 0
-0.0185008 0.5687528 0
-0.0183945 0.5659918 0
-0.0182882 0.5632142 0
-0.0181818 0.5604203 0
-0.0181818 0.5576252 0
-0.0181818 0.5548301 0
-0.0181818 0.5520349 0
-0.0181818 0.5492398 0
-0.0181818 0.5464448 0
-0.0181818 0.5436497 0
-0.0181818 0.5408545 0
-0.0181818 0.5380594 0
-0.0181818 0.5352643 0
-0.0181818 0.5324692 0
-0.0181818 0.5296741 0
-0.0181818 0.5268789 0
-0.0181818 0.5240838 0
-0.0181818 0.5212888 0
-0.0181818 0.5184937 0
-0.0181818 0.5156985 0
-0.0181818 0.5129034 0
-0.0181818 0.5101083 0
-0.0181818 0.5073132 0
-0.0181818 0.5045181 0
-0.0181818 0.5017229 0
-0.0181818 0.4989278 0
-0.0181818 0.4961328 0
-0.0181818 0.4933377 0
-0.0181818 0.4905425 0
-0.0181818 0.4877474 0
-0.0181818 0.4849523 0
-0.0181818 0.4821572 0
-0.0181818 0.4793621 0
-0.0181818 0.4765669 0
-0.0181818 0.4737718 0
-0.0181818 0.4709767 0
-0.0181818 0.4681817 0
-0.0181818 0.4653865 0
-0.0181818 0.4625914 0
-0.0181818 0.4597962 0
-0.0181818 0.4570011 0
-0.0181818 0.4542060 0
-0.0181818 0.4514108 0
-0.0181818 0.4486157 0
-0.0181818 0.4458206 0
-0.0181818 0.4430255 0
-0.0181818 0.4402304 0
-0.0181818 0.4374353 0
-0.0181818 0.4346402 0
-0.0181818 0.4318451 0
-0.0181818 0.4290500 0
-0.0181818 0.4262548 0
-0.0181818 0.4234597 0
-0.0181818 0.4206646 0
-0.0181818 0.4178695 0
-0.0181818 0.4150744 0
-0.0181818 0.4122793 0
-0.0181818 0.4094842 0
-0.0181818 0.4066891 0
-0.0181818 0.4038940 0
-0.0181818 0.4010988 0
-0.0181818 0.3983037 0
-0.0181818 0.3955086 0
-0.0181818 0.3927135 0
-0.0181818 0.3899184 0
-0.0181818 0.3871232 0
-0.0181818 0.3843282 0
-0.0181818 0.3815331 0
-0.0181818 0.3787380 0
-0.0181818 0.3759428 0
-0.0181818 0.3731477 0
-0.0181818 0.3703526 0
-0.0181818 0.3675575 0
-0.0181818 0.3647624 0
-0.0181818 0.3619671 0
-0.0181818 0.3591722 0
-0.0181818 0.3563771 0
-0.0181818 0.3535820 0
-0.0181818 0.3507867 0
-0.0181818 0.3479916 0
-0.0181818 0.3451965 0
-0.0181818 0.3424016 0
-0.0181818 0.3396063 0
-0.0181818 0.3368111 0
-0.0181818 0.3340161 0
-0.0181818 0.3312210 0
-0.0181818 0.3284259 0
-0.0181818 0.3256307 0
-0.0181818 0.3228356 0
-0.0181818 0.3200405 0
-0.0181818 0.3172455 0
-0.0181818 0.3144503 0
-0.0181818 0.3116551 0
-0.0181818 0.3088601 0
-0.0181818 0.3060650 0
-0.0181818 0.3032699 0
-0.0181818 0.3004747 0
-0.0181818 0.2976796 0
-0.0181818 0.2948845 0
-0.0181818 0.2920895 0
-0.0181818 0.2892943 0
-0.0181818 0.2864991 0
-0.0181818 0.2837041 0
-0.0181818 0.2809090 0
-0.0181818 0.2781139 0
-0.0181818 0.2753187 0
-0.0181818 0.2725236 0
-0.0181818 0.2697285 0
-0.0181818 0.2669335 0
-0.0181818 0.2641383 0
-0.0181818 0.2613431 0
-0.0181818 0.2585481 0
-0.0181818 0.2557530 0
-0.0181818 0.2529579 0
-0.0181818 0.2501627 0
-0.0181818 0.2473676 0
-0.0181818 0.2445725 0
-0.0181818 0.2417775 0
-0.0181818 0.2389823 0
-0.0181818 0.2361870 0
-0.0181818 0.2333919 0
-0.0181818 0.2305970 0
-0.0181818 0.2278017 0
-0.0181818 0.2250066 0
-0.0181818 0.2222115 0
-0.0181818 0.2194164 0
-0.0181818 0.2166215 0
-0.0181818 0.2138262 0
-0.0181818 0.2110310 0
-0.0181818 0.2082359 0
-0.0181818 0.2054409 0
-0.0181818 0.2026457 0
-0.0181818 0.1998507 0
-0.0181818 0.1970555 0
-0.0181818 0.1942604 0
-0.0181818 0.1914653 0
-0.0181818 0.1886702 0
-0.0181818 0.1858751 0
-0.0181818 0.1830799 0
-0.0181818 0.1802849 0
-0.0181818 0.1774896 0
-0.0181818 0.1746947 0
-0.0181818 0.1718995 0
-0.0181818 0.1691044 0
-0.0181818 0.1663092 0
-0.0181818 0.1635141 0
-0.0181818 0.1607190 0
-0.0181818 0.1579239 0
-0.0181818 0.1551288 0
-0.0181818 0.1523336 0
-0.0181818 0.1495385 0
-0.0181818 0.1467435 0
-0.0181818 0.1439484 0
-0.0181818 0.1411532 0
-0.0181818 0.1383581 0
-0.0181818 0.1355630 0
-0.0181818 0.1327679 0
-0.0181818 0.1299728 0
-0.0181818 0.1271776 0
-0.0181818 0.1243826 0
-0.0181818 0.1215875 0
-0.0181818 0.1187924 0
-0.0181818 0.1159972 0
-0.0181818 0.1132021 0
-0.0181818 0.1104070 241
-0.0181818 0.1076118 241
-0.0181818 0.1048168 241
-0.0181818 0.1020216 241
-0.0181818 0.0992266 243
-0.0181818 0.0964314 243
-0.0181818 0.0936363 243
-0.0181818 0.0908412 241
-0.0181818 0.0880461 241
-0.0181818 0.0852510 241
-0.0181818 0.0824558 241
-0.0181818 0.0796608 241
-0.0181818 0.0768656 241
-0.0181818 0.0740706 241
-0.0181818 0.0712754 243
-0.0181818 0.0684803 243
-0.0181818 0.0656852 243
-0.0181818 0.0628901 241
-0.0181818 0.0600950 241
-0.0181818 0.0572998 241
-0.0181818 0.0545048 241
-0.0181818 0.0517095 241
-0.0181818 0.0489146 241
-0.0181818 0.0461194 241
-0.0181818 0.0433243 243
-0.0181818 0.0405291 243
-0.0181818 0.0377340 243
-0.0181818 0.0349389 241
-0.0181818 0.0321438 241
-0.0181818 0.0293487 241
-0.0181818 0.0265535 241
-0.0181818 0.0237585 241
-0.0181818 0.0209634 241
-0.0181818 0.0181683 241
-0.0181818 0.0153731 243
-0.0181818 0.0125780 243
-0.0181818 0.0097829 243
-0.0181818 0.0069878 241
-0.0181818 0.0041927 241
-0.0181818 0.0013975 241
-0.0181818 -0.0013976 241
-0.0181818 -0.0041927 241
-0.0181818 -0.0069878 241
-0.0181818 -0.0097829 241
-0.0181818 -0.0125780 243
-0.0181818 -0.0153731 243
-0.0181818 -0.0181683 243
-0.0181818 -0.0209633 241
-0.0181818 -0.0237585 241
-0.0181818 -0.0265536 241
-0.0181818 -0.0293487 241
-0.0181818 -0.0321438 241
-0.0181818 -0.0349389 241
-0.0181818 -0.0377340 241
-0.0181818 -0.0405291 243
-0.0181818 -0.0433243 243
-0.0181818 -0.0461193 243
-0.0181818 -0.0489146 241
-0.0181818 -0.0517096 241
-0.0181818 -0.0545048 241
-0.0181818 -0.0572998 241
-0.0181818 -0.0600950 241
-0.0181818 -0.0628901 241
-0.0181818 -0.0656852 241
-0.0181818 -0.0684803 243
-0.0181818 -0.0712754 243
-0.0181818 -0.0740706 243
-0.0181818 -0.0768656 241
-0.0181818 -0.0796608 241
-0.0181818 -0.0824559 241
-0.0181818 -0.0852510 241
-0.0181818 -0.0880461 241
-0.0181818 -0.0908412 241
-0.0181818 -0.0936363 241
-0.0181818 -0.0964314 243
-0.0181818 -0.0992266 243
-0.0181818 -0.1020216 243
-0.0181818 -0.1048168 241
-0.0181818 -0.1076119 241
-0.0181818 -0.1104070 241
-0.0181818 -0.1132021 241
-0.0181818 -0.1159972 241
-0.0181818 -0.1187924 241
-0.0181818 -0.1215874 241
-0.0181818 -0.1243826 243
-0.0181818 -0.1271777 243
-0.0181818 -0.1299728 243
-0.0181818 -0.1327679 241
-0.0181818 -0.1355630 241
-0.0181818 -0.1383581 241
-0.0181818 -0.1411532 241
-0.0181818 -0.1439484 241
-0.0181818 -0.1467434 241
-0.0181818 -0.1495386 241
-0.0181818 -0.1523337 243
-0.0181818 -0.1551288 243
-0.0181818 -0.1579239 243
-0.0181818 -0.1607190 241
-0.0181818 -0.1635141 241
-0.0181818 -0.1663092 241
-0.0181818 -0.1691044 241
-0.0181818 -0.1718994 241
-0.0181818 -0.1746947 241
-0.0181818 -0.1774897 241
-0.0181818 -0.1802849 243
-0.0181818 -0.1830800 243
-0.0181818 -0.1858751 243
-0.0181818 -0.1886702 241
-0.0181818 -0.1914653 241
-0.0181818 -0.1942604 241
-0.0181818 -0.1970555 241
-0.0181818 -0.1998507 241
-0.0181818 -0.2026457 241
-0.0181818 -0.2054409 241
-0.0181818 -0.2082360 243
-0.0181818 -0.2110311 243
-0.0181818 -0.2138262 243
-0.0181818 -0.2166213 241
-0.0181818 -0.2194164 241
-0.0181818 -0.2222115 241
-0.0181818 -0.2250067 241
-0.0181818 -0.2278017 241
-0.0181818 -0.2305969 241
-0.0181818 -0.2333920 241
-0.0181818 -0.2361872 243
-0.0181818 -0.2389823 243
-0.0181818 -0.2417773 243
-0.0181818 -0.2445725 241
-0.0181818 -0.2473676 241
-0.0181818 -0.2501627 241
-0.0181818 -0.2529578 241
-0.0181818 -0.2557529 241
-0.0181818 -0.2585481 241
-0.0181818 -0.2613432 241
-0.0181818 -0.2641382 243
-0.0181818 -0.2669333 243
-0.0181818 -0.2697285 243
-0.0181818 -0.2725236 241
-0.0181818 -0.2753187 241
-0.0181818 -0.2781138 241
-0.0181818 -0.2809089 241
-0.0181818 -0.2837041 241
-0.0181818 -0.2864991 241
-0.0181818 -0.2892942 241
-0.0181818 -0.2920893 243
-0.0181818 -0.2948845 243
-0.0181818 -0.2976796 243
-0.0181818 -0.3004747 241
-0.0181818 -0.3032699 241
-0.0181818 -0.3060650 241
-0.0181818 -0.3088601 241
-0.0181818 -0.3116551 241
-0.0181818 -0.3144503 241
-0.0181818 -0.3172454 241
-0.0181818 -0.3200405 243
-0.0181818 -0.3228357 243
-0.0181818 -0.3256308 243
-0.0181818 -0.3284259 241
-0.0181818 -0.3312210 241
-0.0181818 -0.3340161 241
-0.0181818 -0.3368112 241
-0.0181818 -0.3396064 241
-0.0181818 -0.3424014 241
-0.0181818 -0.3451965 241
-0.0181818 -0.3479917 243
-0.0181818 -0.3507868 243
-0.0181818 -0.3535819 243
-0.0181818 -0.3563770 241
-0.0181818 -0.3591722 241
-0.0181818 -0.3619672 241
-0.0181818 -0.3647624 241
-0.0181818 -0.3675574 241
-0.0181818 -0.3703526 241
-0.0181818 -0.3731477 241
-0.0181818 -0.3759428 243
-0.0181818 -0.3787379 243
-0.0181818 -0.3815331 243
-0.0181818 -0.3843282 241
-0.0181818 -0.3871232 241
-0.0181818 -0.3899184 241
-0.0181818 -0.3927135 241
-0.0181818 -0.3955086 241
-0.0181818 -0.3983037 241
-0.0181818 -0.4010988 241
-0.0181818 -0.4038939 243
-0.0181818 -0.4066891 243
-0.0181818 -0.4094842 243
-0.0181818 -0.4122792 241
-0.0181818 -0.4150744 241
-0.0181818 -0.4178695 241
-0.0181818 -0.4206646 241
-0.0181818 -0.4234597 241
-0.0181818 -0.4262548 241
-0.0181818 -0.4290500 241
-0.0181818 -0.4318451 243
-0.0181818 -0.4346402 243
-0.0181818 -0.4374352 243
-0.0181818 -0.4402305 241
-0.0181818 -0.4430255 241
-0.0181818 -0.4458207 241
-0.0181818 -0.4486158 241
-0.0181818 -0.4514109 241
-0.0181818 -0.4542060 241
-0.0181818 -0.4570011 241
-0.0181818 -0.4597962 243
-0.0181818 -0.4625913 243
-0.0181818 -0.4653865 243
-0.0181818 -0.4681815 241
-0.0181818 -0.4709767 241
-0.0181818 -0.4737718 241
-0.0181818 -0.4765669 241
-0.0181818 -0.4793620 241
-0.0181818 -0.4821571 241
-0.0181818 -0.4849523 241
-0.0181818 -0.4877473 243
-0.0181818 -0.4905425 243
-0.0181818 -0.4933375 243
-0.0181818 -0.4961328 241
-0.0181818 -0.4989278 241
-0.0181818 -0.5017229 241
-0.0181818 -0.5045180 241
-0.0181818 -0.5073131 241
-0.0181818 -0.5101083 241
-0.0181818 -0.5129035 241
-0.0181818 -0.5156986 243
-0.0181818 -0.5184935 243
-0.0181818 -0.5212888 243
-0.0181818 -0.5240839 241
-0.0181818 -0.5268791 241
-0.0181818 -0.5296741 241
-0.0181818 -0.5324692 241
-0.0181818 -0.5352643 241
-0.0181818 -0.5380595 241
-0.0181818 -0.5408546 241
-0.0181818 -0.5436496 243
-0.0181818 -0.5464448 243
-0.0181818 -0.5492399 243
-0.0181818 -0.5520350 241
-0.0181818 -0.5548301 241
-0.0181818 -0.5576252 241
-0.0180755 -0.5604203 241
-0.0179692 -0.5632306 241
-0.0178628 -0.5660244 241
-0.0177565 -0.5688015 241
-0.0176502 -0.5715620 243
-0.0175439 -0.5743060 243
-0.0174375 -0.5770334 243
-0.0173312 -0.5797442 241
-0.0172249 -0.5824384 241
-0.0171186 -0.5851161 241
-0.0170122 -0.5877772 241
-0.0169059 -0.5904217 241
-0.0167996 -0.5930496 241
-0.0166932 -0.5956609 241
-0.0165869 -0.5982557 243
-0.0164806 -0.6008338 243
-0.0163743 -0.6033955 243
-0.0162680 -0.6059405 241
-0.0161616 -0.6084689 241
-0.0160553 -0.6109807 241
-0.0159490 -0.6134760 241
-0.0158426 -0.6159548 241
-0.0157363 -0.6184168 241
-0.0156300 -0.6208624 241
-0.0155236 -0.6232914 243
-0.0154173 -0.6257037 243
-0.0153110 -0.6280995 243
-0.0152047 -0.6304787 241
-0.0150983 -0.6328413 241
-0.0149920 -0.6351874 241
-0.0148857 -0.6375169 241
-0.0147794 -0.6398298 241
-0.0146730 -0.6421261 241
-0.0145667 -0.6444058 241
-0.0144604 -0.6466690 243
-0.0143541 -0.6489156 243
-0.0142477 -0.6511456 243
-0.0141414 -0.6533591 241
-0.0140351 -0.6555558 241
-0.0139288 -0.6577361 241
-0.0138224 -0.6598998 241
-0.0137161 -0.6620469 241
-0.0136098 -0.6641774 241
-0.0135035 -0.6662914 241
-0.0133971 -0.6683887 243
-0.0132908 -0.6704695 243
-0.0131845 -0.6725336 243
-0.0130782 -0.6745813 241
-0.0129718 -0.6766123 241
-0.0128655 -0.6786268 241
-0.0127592 -0.6806247 241
-0.0126528 -0.6826059 241
-0.0125465 -0.6845707 241
-0.0124402 -0.6865188 241
-0.0123339 -0.6884503 243
-0.0122275 -0.6903654 243
-0.0121212 -0.6922638 243
-0.0120149 -0.6941456 241
-0.0119086 -0.6960108 241
-0.0118022 -0.6978595 241
-0.0116959 -0.6996916 241
-0.0115896 -0.7015071 241
-0.0114833 -0.7033060 241
-0.0113769 -0.7050883 241
-0.0112706 -0.7068540 243
-0.0111643 -0.7086033 243
-0.0110579 -0.7103359 243
-0.0109516 -0.7120519 241
-0.0108453 -0.7137513 241
-0.0107390 -0.7154342 241
-0.0106326 -0.7171004 241
-0.0105263 -0.7187502 241
-0.0104200 -0.7203833 241
-0.0103137 -0.7219998 241
-0.0102073 -0.7235998 243
-0.0101010 -0.7251832 243
-0.0099947 -0.7267500 243
-0.0098884 -0.7283002 241
-0.0097820 -0.7298338 241
-0.0096757 -0.7313509 241
-0.0095694 -0.7328514 241
-0.0094630 -0.7343353 241
-0.0093567 -0.7358026 241
-0.0092504 -0.7372534 241
-0.0091441 -0.7386875 243
-0.0090377 -0.7401051 243
-0.0089314 -0.7415061 243
-0.0088251 -0.7428905 241
-0.0087188 -0.7442583 241
-0.0086124 -0.7456096 241
-0.0085061 -0.7469443 241
-0.0083998 -0.7482624 241
-0.0082934 -0.7495639 241
-0.0081871 -0.7508489 241
-0.0080808 -0.7521173 243
-0.0079745 -0.7533690 243
-0.0078682 -0.7546042 243
-0.0077618 -0.7558228 241
-0.0076555 -0.7570249 241
-0.0075492 -0.7582104 241
-0.0074429 -0.7593792 241
-0.0073365 -0.7605315 241
-0.0072302 -0.7616673 241
-0.0071239 -0.7627864 241
-0.0070176 -0.7638890 243
-0.0069112 -0.7649750 243
-0.0068049 -0.7660443 243
-0.0066986 -0.7670972 241
-0.0065922 -0.7681334 241
-0.0064859 -0.7691531 241
-0.0063796 -0.7701561 241
-0.0062732 -0.7711427 241
-0.0061669 -0.7721126 241
-0.0060606 -0.7730660 241
-0.0059543 -0.7740027 243
-0.0058479 -0.7749229 243
-0.0057416 -0.7758265 243
-0.0056353 -0.7767136 241
-0.0055290 -0.7775840 241
-0.0054226 -0.7784378 241
-0.0053163 -0.7792751 241
-0.0052100 -0.7800958 241
-0.0051037 -0.7808999 241
-0.0049973 -0.7816875 241
-0.0048910 -0.7824585 243
-0.0047847 -0.7832128 243
-0.0046784 -0.7839506 243
-0.0045720 -0.7846719 241
-0.0044657 -0.7853765 241
-0.0043594 -0.7860646 241
-0.0042531 -0.7867361 241
-0.0041467 -0.7873910 241
-0.0040404 -0.7880293 241
-0.0039341 -0.7886510 241
-0.0038278 -0.7892563 243
-0.0037214 -0.7898448 243
-0.0036151 -0.7904168 243
-0.0035088 -0.7909722 241
-0.0034024 -0.7915111 241
-0.0032961 -0.7920334 241
-0.0031898 -0.7925391 241
-0.0030835 -0.7930282 241
-0.0029771 -0.7935007 241
-0.0028708 -0.7939566 241
-0.0027645 -0.7943960 243
-0.0026582 -0.7948188 243
-0.0025518 -0.7952250 243
-0.0024455 -0.7956147 241
-0.0023392 -0.7959877 241
-0.0022328 -0.7963442 241
-0.0021265 -0.7966840 241
-0.0020202 -0.7970073 241
-0.0019139 -0.7973141 241
-0.0018075 -0.7976043 241
-0.0017012 -0.7978778 243
-0.0015949 -0.7981347 243
-0.0014886 -0.7983752 243
-0.0013822 -0.7985990 241
-0.0012759 -0.7988063 241
-0.0011696 -0.7989969 241
-0.0010633 -0.7991710 0
-0.0009569 -0.7993285 0
-0.0008506 -0.7994694 0
-0.0007443 -0.7995938 0
-0.0006380 -0.7997016 0
-0.0005316 -0.7997928 0
-0.0004253 -0.7998673 0
-0.0003190 -0.7999254 0
-0.0002126 -0.7999669 0
-0.0001063 -0.7999917 0
0.0000000 -0.8000000 0
0.0001063 -0.7999918 0
0.0002127 -0.7999672 0
0.0003190 -0.7999262 0
0.0004253 -0.7998689 0
0.0005316 -0.7997952 0
0.0006380 -0.7997051 0
0.0007443 -0.7995986 0
0.0008506 -0.7994757 0
0.0009569 -0.7993364 0
0.0010633 -0.7991807 0
0.0011696 -0.7990086 0
0.0012759 -0.7988202 0
0.0013822 -0.7986153 0
0.0014886 -0.7983941 0
0.0015949 -0.7981565 0
0.0017012 -0.7979025 0
0.0018075 -0.7976322 0
0.0019139 -0.7973454 0
0.0020202 -0.7970423 0
0.0021265 -0.7967227 0
0.0022328 -0.7963868 0
0.0023392 -0.7960345 0
0.0024455 -0.7956657 0
0.0025518 -0.7952806 0
0.0026582 -0.7948792 0
0.0027645 -0.7944614 0
0.0028708 -0.7940271 0
0.0029772 -0.7935765 0
0.0030835 -0.7931095 0
0.0031898 -0.7926261 0
0.0032961 -0.7921263 0
0.0034025 -0.7916101 0
0.0035088 -0.7910776 0
0.0036151 -0.7905285 0
0.0037214 -0.7899632 0
0.0038278 -0.7893815 0
0.0039341 -0.7887834 0
0.0040404 -0.7881689 0
0.0041467 -0.7875380 0
0.0042531 -0.7868907 0
0.0043594 -0.7862271 0
0.0044657 -0.7855470 0
0.0045720 -0.7848506 0
0.0046784 -0.7841378 0
0.0047847 -0.7834086 0
0.0048910 -0.7826630 0
0.0049973 -0.7819011 0
0.0051037 -0.7811227 0
0.0052100 -0.7803279 0
0.0053163 -0.7795168 0
0.0054226 -0.7786893 0
0.0055290 -0.7778454 0
0.0056353 -0.7769851 0
0.0057416 -0.7761084 0
0.0058480 -0.7752153 0
0.0059543 -0.7743059 0
0.0060606 -0.7733800 0
0.0061669 -0.7724378 0
0.0062733 -0.7714792 0
0.0063796 -0.7705042 0
0.0064859 -0.7695128 0
0.0065922 -0.7685050 0
0.0066986 -0.7674809 0
0.0068049 -0.7664403 0
0.0069112 -0.7653834 0
0.0070176 -0.7643101 0
0.0071239 -0.7632204 0
0.0072302 -0.7621143 0
0.0073365 -0.7609918 0
0.0074429 -0.7598529 0
0.0075492 -0.7586977 0
0.0076555 -0.7575261 0
0.0077618 -0.7563381 0
0.0078682 -0.7551336 0
0.0079745 -0.7539128 0
0.0080808 -0.7526757 0
0.0081871 -0.7514220 0
0.0082934 -0.7501521 0
0.0083998 -0.7488658 0
0.0085061 -0.7475631 0
0.0086124 -0.7462439 0
0.0087188 -0.7449084 0
0.0088251 -0.7435565 0
0.0089314 -0.7421883 0
0.0090378 -0.7408035 0
0.0091441 -0.7394025 0
0.0092504 -0.7379851 0
0.0093567 -0.7365512 0
0.0094631 -0.7351010 0
0.0095694 -0.7336345 0
0.0096757 -0.7321514 0
0.0097820 -0.7306521 0
0.0098884 -0.7291363 0
0.0099947 -0.7276042 0
0.0101010 -0.7260556 0
0.0102073 -0.7244908 0
0.0103137 -0.7229094 0
0.0104200 -0.7213117 0
0.0105263 -0.7196977 0
0.0106326 -0.7180672 0
0.0107390 -0.7164204 0
0.0108453 -0.7147571 0
0.0109516 -0.7130775 0
0.0110579 -0.7113815 0
0.0111643 -0.7096691 0
0.0112706 -0.7079403 0
0.0113769 -0.7061952 0
0.0114832 -0.7044336 0
0.0115896 -0.7026557 0
0.0116959 -0.7008614 0
0.0118022 -0.6990506 0
0.0119086 -0.6972235 0
0.0120149 -0.6953800 0
0.0121212 -0.6935202 0
0.0122275 -0.6916439 0
0.0123339 -0.6897513 0
0.0124402 -0.6878422 0
0.0125465 -0.6859168 0
0.0126529 -0.6839749 0
0.0127592 -0.6820168 0
0.0128655 -0.6800422 0
0.0129718 -0.6780512 0
0.0130782 -0.6760439 0
0.0131845 -0.6740202 0
0.0132908 -0.6719800 0
0.0133971 -0.6699235 0
0.0135035 -0.6678506 0
0.0136098 -0.6657613 0
0.0137161 -0.6636556 0
0.0138224 -0.6615335 0
0.0139288 -0.6593951 0
0.0140351 -0.6572403 0
0.0141414 -0.6550691 0
0.0142477 -0.6528815 0
0.0143541 -0.6506775 0
0.0144604 -0.6484571 0
0.0145667 -0.6462203 0
0.0146730 -0.6439672 0
0.0147794 -0.6416976 0
0.0148857 -0.6394117 0
0.0149920 -0.6371094 0
0.0150984 -0.6347907 0
0.0152047 -0.6324556 0
0.0153110 -0.6301042 0
0.0154173 -0.6277363 0
0.0155237 -0.6253520 0
0.0156300 -0.6229514 0
0.0157363 -0.6205344 0
0.0158427 -0.6181010 0
0.0159490 -0.6156512 0
0.0160553 -0.6131850 0
0.0161616 -0.6107025 0
0.0162680 -0.6082035 0
0.0163743 -0.6056882 0
0.0164806 -0.6031564 0
0.0165869 -0.6006083 0
0.0166932 -0.5980439 0
0.0167996 -0.5954630 0
0.0169059 -0.5928657 0
0.0170122 -0.5902520 0
0.0171186 -0.5876220 8
0.0172249 -0.5849756 8
0.0173312 -0.5823128 8
0.0174375 -0.5796336 8
0.0175439 -0.5769380 8
0.0176502 -0.5742260 8
0.0177565 -0.5714976 8
0.0178628 -0.5687529 8
0.0179692 -0.5659918 8
0.0180755 -0.5632142 8
0.0181818 -0.5604203 8
0.0181818 -0.5576252 8
0.0181818 -0.5548301 8
0.0181818 -0.5520350 8
0.0181818 -0.5492399 8
0.0181818 -0.5464448 8
0.0181818 -0.5436497 8
0.0181818 -0.5408546 8
0.0181818 -0.5380595 8
0.0181818 -0.5352643 8
0.0181818 -0.5324692 8
0.0181818 -0.5296741 8
0.0181818 -0.5268790 8
0.0181818 -0.5240839 8
0.0181818 -0.5212888 8
0.0181818 -0.5184937 8
0.0181818 -0.5156986 8
0.0181818 -0.5129035 8
0.0181818 -0.5101083 8
0.0181818 -0.5073131 8
0.0181818 -0.5045180 8
0.0181818 -0.5017229 8
0.0181818 -0.4989278 8
0.0181818 -0.4961328 8
0.0181818 -0.4933376 8
0.0181818 -0.4905425 8
0.0181818 -0.4877473 8
0.0181818 -0.4849523 8
0.0181818 -0.4821571 8
0.0181818 -0.4793620 8
0.0181818 -0.4765669 8
0.0181818 -0.4737718 8
0.0181818 -0.4709767 8
0.0181818 -0.4681816 8
0.0181818 -0.4653865 8
0.0181818 -0.4625913 8
0.0181818 -0.4597962 8
0.0181818 -0.4570011 8
0.0181818 -0.4542060 8
0.0181818 -0.4514109 8
0.0181818 -0.4486158 8
0.0181818 -0.4458207 8
0.0181818 -0.4430255 8
0.0181818 -0.4402305 8
0.0181818 -0.4374353 8
0.0181818 -0.4346402 8
0.0181818 -0.4318451 8
0.0181818 -0.4290500 8
0.0181818 -0.4262548 8
0.0181818 -0.4234597 8
0.0181818 -0.4206646 8
0.0181818 -0.4178695 8
0.0181818 -0.4150744 8
0.0181818 -0.4122793 8
0.0181818 -0.4094842 8
0.0181818 -0.4066891 8
0.0181818 -0.4038939 8
0.0181818 -0.4010988 8
0.0181818 -0.3983037 8
0.0181818 -0.3955086 8
0.0181818 -0.3927135 8
0.0181818 -0.3899184 8
0.0181818 -0.3871232 8
0.0181818 -0.3843282 8
0.0181818 -0.3815331 8
0.0181818 -0.3787379 8
0.0181818 -0.3759428 8
0.0181818 -0.3731477 8
0.0181818 -0.3703526 8
0.0181818 -0.3675574 8
0.0181818 -0.3647624 8
0.0181818 -0.3619672 8
0.0181818 -0.3591722 8
0.0181818 -0.3563770 8
0.0181818 -0.3535819 8
0.0181818 -0.3507868 8
0.0181818 -0.3479917 8
0.0181818 -0.3451965 8
0.0181818 -0.3424015 8
0.0181818 -0.3396064 8
0.0181818 -0.3368112 8
0.0181818 -0.3340161 8
0.0181818 -0.3312210 8
0.0181818 -0.3284259 8
0.0181818 -0.3256308 8
0.0181818 -0.3228357 8
0.0181818 -0.3200405 8
0.0181818 -0.3172455 8
0.0181818 -0.3144503 8
0.0181818 -0.3116551 8
0.0181818 -0.3088601 8
0.0181818 -0.3060650 8
0.0181818 -0.3032699 8
0.0181818 -0.3004747 8
0.0181818 -0.2976796 8
0.0181818 -0.2948845 8
0.0181818 -0.2920894 8
0.0181818 -0.2892942 8
0.0181818 -0.2864991 8
0.0181818 -0.2837041 8
0.0181818 -0.2809089 8
0.0181818 -0.2781138 8
0.0181818 -0.2753187 8
0.0181818 -0.2725236 8
0.0181818 -0.2697285 8
0.0181818 -0.2669334 8
0.0181818 -0.2641382 8
0.0181818 -0.2613431 8
0.0181818 -0.2585481 8
0.0181818 -0.2557529 8
0.0181818 -0.2529578 8
0.0181818 -0.2501627 8
0.0181818 -0.2473676 8
0.0181818 -0.2445725 8
0.0181818 -0.2417774 8
0.0181818 -0.2389823 8
0.0181818 -0.2361871 8
0.0181818 -0.2333920 8
0.0181818 -0.2305969 8
0.0181818 -0.2278017 8
0.0181818 -0.2250066 8
0.0181818 -0.2222115 8
0.0181818 -0.2194164 8
0.0181818 -0.2166213 8
0.0181818 -0.2138262 8
0.0181818 -0.2110311 8
0.0181818 -0.2082360 8
0.0181818 -0.2054409 8
0.0181818 -0.2026457 8
0.0181818 -0.1998506 8
0.0181818 -0.1970555 8
0.0181818 -0.1942604 8
0.0181818 -0.1914653 8
0.0181818 -0.1886702 8
0.0181818 -0.1858751 8
0.0181818 -0.1830800 8
0.0181818 -0.1802849 8
0.0181818 -0.1774897 8
0.0181818 -0.1746946 8
0.0181818 -0.1718995 8
0.0181818 -0.1691044 8
0.0181818 -0.1663093 8
0.0181818 -0.1635141 8
0.0181818 -0.1607190 8
0.0181818 -0.1579239 8
0.0181818 -0.1551288 8
0.0181818 -0.1523337 8
0.0181818 -0.1495385 8
0.0181818 -0.1467435 8
0.0181818 -0.1439484 8
0.0181818 -0.1411532 8
0.0181818 -0.1383581 8
0.0181818 -0.1355630 8
0.0181818 -0.1327679 8
0.0181818 -0.1299728 8
0.0181818 -0.1271777 8
0.0181818 -0.1243826 8
0.0181818 -0.1215875 8
0.0181818 -0.1187924 8
0.0181818 -0.1159972 8
0.0181818 -0.1132021 8
0.0181818 -0.1104070 249
0.0181818 -0.1076119 249
0.0181818 -0.1048168 249
0.0181818 -0.1020216 249
0.0181818 -0.0992266 251
0.0181818 -0.0964314 251
0.0181818 -0.0936363 251
0.0181818 -0.0908412 249
0.0181818 -0.0880461 249
0.0181818 -0.0852510 249
0.0181818 -0.0824559 249
0.0181818 -0.0796608 249
0.0181818 -0.0768656 249
0.0181818 -0.0740706 249
0.0181818 -0.0712754 251
0.0181818 -0.0684803 251
0.0181818 -0.0656852 251
0.0181818 -0.0628901 249
0.0181818 -0.0600950 249
0.0181818 -0.0572998 249
0.0181818 -0.0545048 249
0.0181818 -0.0517096 249
0.0181818 -0.0489146 249
0.0181818 -0.0461194 249
0.0181818 -0.0433243 251
0.0181818 -0.0405291 251
0.0181818 -0.0377340 251
0.0181818 -0.0349389 249
0.0181818 -0.0321438 249
0.0181818 -0.0293487 249
0.0181818 -0.0265536 249
0.0181818 -0.0237585 249
0.0181818 -0.0209634 249
0.0181818 -0.0181683 249
0.0181818 -0.0153731 251
0.0181818 -0.0125780 251
0.0181818 -0.0097829 251
0.0181818 -0.0069878 249
0.0181818 -0.0041927 249
0.0181818 -0.0013976 249
0.0181818 0.0013975 249
0.0181818 0.0041927 249
0.0181818 0.0069878 249
0.0181818 0.0097830 249
0.0181818 0.0125780 251
0.0181818 0.0153731 251
0.0181818 0.0181683 251
0.0181818 0.0209633 249
0.0181818 0.0237585 249
0.0181818 0.0265535 249
0.0181818 0.0293487 249
0.0181818 0.0321438 249
0.0181818 0.0349390 249
0.0181818 0.0377340 249
0.0181818 0.0405291 251
0.0181818 0.0433243 251
0.0181818 0.0461193 251
0.0181818 0.0489146 249
0.0181818 0.0517095 249
0.0181818 0.0545048 249
0.0181818 0.0572998 249
0.0181818 0.0600950 249
0.0181818 0.0628901 249
0.0181818 0.0656851 249
0.0181818 0.0684803 251
0.0181818 0.0712754 251
0.0181818 0.0740706 251
0.0181818 0.0768656 249
0.0181818 0.0796608 249
0.0181818 0.0824558 249
0.0181818 0.0852510 249
0.0181818 0.0880461 249
0.0181818 0.0908411 249
0.0181818 0.0936363 249
0.0181818 0.0964314 251
0.0181818 0.0992266 251
0.0181818 0.1020216 251
0.0181818 0.1048168 249
0.0181818 0.1076118 249
0.0181818 0.1104071 249
0.0181818 0.1132021 249
0.0181818 0.1159972 249
0.0181818 0.1187924 249
0.0181818 0.1215874 249
0.0181818 0.1243826 251
0.0181818 0.1271776 251
0.0181818 0.1299728 251
0.0181818 0.1327679 249
0.0181818 0.1355631 249
0.0181818 0.1383581 249
0.0181818 0.1411532 249
0.0181818 0.1439484 249
0.0181818 0.1467434 249
0.0181818 0.1495386 249
0.0181818 0.1523336 251
0.0181818 0.1551288 251
0.0181818 0.1579239 251
0.0181818 0.1607191 249
0.0181818 0.1635141 249
0.0181818 0.1663092 249
0.0181818 0.1691044 249
0.0181818 0.1718995 249
0.0181818 0.1746947 249
0.0181818 0.1774896 249
0.0181818 0.1802849 251
0.0181818 0.1830799 251
0.0181818 0.1858751 251
0.0181818 0.1886702 249
0.0181818 0.1914653 249
0.0181818 0.1942604 249
0.0181818 0.1970555 249
0.0181818 0.1998507 249
0.0181818 0.2026457 249
0.0181818 0.2054409 249
0.0181818 0.2082359 251
0.0181818 0.2110311 251
0.0181818 0.2138262 251
0.0181818 0.2166213 249
0.0181818 0.2194164 249
0.0181818 0.2222115 249
0.0181818 0.2250066 249
0.0181818 0.2278017 249
0.0181818 0.2305970 249
0.0181818 0.2333919 249
0.0181818 0.2361872 251
0.0181818 0.2389823 251
0.0181818 0.2417774 251
0.0181818 0.2445725 249
0.0181818 0.2473676 249
0.0181818 0.2501627 249
0.0181818 0.2529579 249
0.0181818 0.2557530 249
0.0181818 0.2585481 249
0.0181818 0.2613432 249
0.0181818 0.2641383 251
0.0181818 0.2669334 251
0.0181818 0.2697285 251
0.0181818 0.2725236 249
0.0181818 0.2753187 249
0.0181818 0.2781139 249
0.0181818 0.2809090 249
0.0181818 0.2837041 249
0.0181818 0.2864991 249
0.0181818 0.2892943 249
0.0181818 0.2920894 251
0.0181818 0.2948845 251
0.0181818 0.2976796 251
0.0181818 0.3004747 249
0.0181818 0.3032699 249
0.0181818 0.3060650 249
0.0181818 0.3088601 249
0.0181818 0.3116551 249
0.0181818 0.3144503 249
0.0181818 0.3172454 249
0.0181818 0.3200405 251
0.0181818 0.3228356 251
0.0181818 0.3256307 251
0.0181818 0.3284259 249
0.0181818 0.3312210 249
0.0181818 0.3340161 249
0.0181818 0.3368111 249
0.0181818 0.3396063 249
0.0181818 0.3424014 249
0.0181818 0.3451965 249
0.0181818 0.3479916 251
0.0181818 0.3507867 251
0.0181818 0.3535820 251
0.0181818 0.3563771 249
0.0181818 0.3591722 249
0.0181818 0.3619671 249
0.0181818 0.3647624 249
0.0181818 0.3675575 249
0.0181818 0.3703526 249
0.0181818 0.3731477 249
0.0181818 0.3759428 251
0.0181818 0.3787380 251
0.0181818 0.3815331 251
0.0181818 0.3843282 249
0.0181818 0.3871232 249
0.0181818 0.3899184 249
0.0181818 0.3927135 249
0.0181818 0.3955086 249
0.0181818 0.3983037 249
0.0181818 0.4010988 249
0.0181818 0.4038940 251
0.0181818 0.4066891 251
0.0181818 0.4094842 251
0.0181818 0.4122792 249
0.0181818 0.4150744 249
0.0181818 0.4178695 249
0.0181818 0.4206646 249
0.0181818 0.4234597 249
0.0181818 0.4262548 249
0.0181818 0.4290500 249
0.0181818 0.4318451 251
0.0181818 0.4346402 251
0.0181818 0.4374352 251
0.0181818 0.4402304 249
0.0181818 0.4430255 249
0.0181818 0.4458207 249
0.0181818 0.4486157 249
0.0181818 0.4514108 249
0.0181818 0.4542060 249
0.0181818 0.4570011 249
0.0181818 0.4597962 251
0.0181818 0.4625912 251
0.0181818 0.4653865 251
0.0181818 0.4681816 249
0.0181818 0.4709768 249
0.0181818 0.4737718 249
0.0181818 0.4765669 249
0.0181818 0.4793621 249
0.0181818 0.4821572 249
0.0181818 0.4849523 249
0.0181818 0.4877473 251
0.0181818 0.4905425 251
0.0181818 0.4933376 251
0.0181818 0.4961328 249
0.0181818 0.4989278 249
0.0181818 0.5017229 249
0.0181818 0.5045181 249
0.0181818 0.5073132 249
0.0181818 0.5101083 249
0.0181818 0.5129034 249
0.0181818 0.5156985 251
0.0181818 0.5184936 251
0.0181818 0.5212888 251
0.0181818 0.5240838 249
0.0181818 0.5268790 249
0.0181818 0.5296741 249
0.0181818 0.5324692 249
0.0181818 0.5352643 249
0.0181818 0.5380594 249
0.0181818 0.5408545 249
0.0181818 0.5436496 251
0.0181818 0.5464448 251
0.0181818 0.5492398 251
0.0181818 0.5520350 249
0.0181818 0.5548301 249
0.0181818 0.5576252 249
0.0182881 0.5604203 249
0.0183945 0.5632306 249
0.0185008 0.5660244 249
0.0186071 0.5688015 249
0.0187135 0.5715620 251
0.0188198 0.5743061 251
0.0189261 0.5770335 251
0.0190324 0.5797442 249
0.0191388 0.5824385 249
0.0192451 0.5851161 249
0.0193514 0.5877772 249
0.0194577 0.5904217 249
0.0195641 0.5930496 249
0.0196704 0.5956610 249
0.0197767 0.5982557 251
0.0198830 0.6008340 251
0.0199894 0.6033955 251
0.0200957 0.6059404 249
0.0202020 0.6084688 249
0.0203083 0.6109808 249
0.0204147 0.6134760 249
0.0205210 0.6159548 249
0.0206273 0.6184168 249
0.0207337 0.6208624 249
0.0208400 0.6232914 251
0.0209463 0.6257038 251
0.0210526 0.6280995 251
0.0211590 0.6304788 249
0.0212653 0.6328413 249
0.0213716 0.6351874 249
0.0214779 0.6375169 249
0.0215843 0.6398298 249
0.0216906 0.6421261 249
0.0217969 0.6444059 249
0.0219033 0.6466690 251
0.0220096 0.6489156 251
0.0221159 0.6511455 251
0.0222222 0.6533590 249
0.0223286 0.6555558 249
0.0224349 0.6577361 249
0.0225412 0.6598998 249
0.0226475 0.6620470 249
0.0227538 0.6641774 249
0.0228602 0.6662913 249
0.0229665 0.6683887 251
0.0230728 0.6704695 251
0.0231792 0.6725336 251
0.0232855 0.6745813 249
0.0233918 0.6766123 249
0.0234981 0.6786268 249
0.0236045 0.6806247 249
0.0237108 0.6826059 249
0.0238171 0.6845707 249
0.0239234 0.6865188 249
0.0240298 0.6884504 251
0.0241361 0.6903654 251
0.0242424 0.6922638 251
0.0243487 0.6941456 249
0.0244551 0.6960108 249
0.0245614 0.6978595 249
0.0246677 0.6996916 249
0.0247741 0.7015072 249
0.0248804 0.7033060 249
0.0249867 0.7050883 249
0.0250930 0.7068540 251
0.0251994 0.7086033 251
0.0253057 0.7103358 251
0.0254120 0.7120519 249
0.0255184 0.7137514 249
0.0256247 0.7154341 249
0.0257310 0.7171004 249
0.0258373 0.7187502 249
0.0259437 0.7203832 249
0.0260500 0.7219998 249
0.0261563 0.7235999 251
0.0262626 0.7251831 251
0.0263690 0.7267500 251
0.0264753 0.7283002 249
0.0265816 0.7298338 249
0.0266879 0.7313510 249
0.0267943 0.7328514 249
0.0269006 0.7343354 249
0.0270069 0.7358026 249
0.0271132 0.7372534 249
0.0272196 0.7386876 251
0.0273259 0.7401051 251
0.0274322 0.7415062 251
0.0275385 0.7428905 249
0.0276449 0.7442583 249
0.0277512 0.7456097 249
0.0278575 0.7469442 249
0.0279639 0.7482625 249
0.0280702 0.7495640 249
0.0281765 0.7508488 249
0.0282828 0.7521172 251
0.0283892 0.7533689 251
0.0284955 0.7546042 251
0.0286018 0.7558228 249
0.0287081 0.7570248 249
0.0288144 0.7582104 249
0.0289208 0.7593792 249
0.0290271 0.7605315 249
0.0291334 0.7616673 249
0.0292398 0.7627864 249
0.0293461 0.7638889 251
0.0294524 0.7649750 251
0.0295587 0.7660443 251
0.0296651 0.7670972 249
0.0297714 0.7681333 249
0.0298777 0.7691531 249
0.0299841 0.7701561 249
0.0300904 0.7711427 249
0.0301967 0.7721127 249
0.0303030 0.7730660 249
0.0304094 0.7740026 251
0.0305157 0.7749229 251
0.0306220 0.7758265 251
0.0307283 0.7767136 249
0.0308347 0.7775840 249
0.0309410 0.7784378 249
0.0310473 0.7792751 249
0.0311536 0.7800959 249
0.0312600 0.7809001 249
0.0313663 0.7816876 249
0.0314726 0.7824585 251
0.0315790 0.7832128 251
0.0316853 0.7839506 251
0.0317916 0.7846718 249
0.0318979 0.7853766 249
0.0320043 0.7860646 249
0.0321106 0.7867361 249
0.0322169 0.7873910 249
0.0323232 0.7880293 249
0.0324296 0.7886510 249
0.0325359 0.7892563 251
0.0326422 0.7898448 251
0.0327485 0.7904168 251
0.0328549 0.7909723 249
0.0329612 0.7915111 249
0.0330675 0.7920334 249
0.0331738 0.7925391 249
0.0332802 0.7930282 249
0.0333865 0.7935007 249
0.0334928 0.7939566 249
0.0335991 0.7943960 251
0.0337055 0.7948188 251
0.0338118 0.7952250 251
0.0339181 0.7956147 249
0.0340245 0.7959877 249
0.0341308 0.7963442 249
0.0342371 0.7966841 249
0.0343434 0.7970074 249
0.0344498 0.7973141 249
0.0345561 0.7976041 249
0.0346624 0.7978778 251
0.0347688 0.7981349 251
0.0348751 0.7983752 251
0.0349814 0.7985991 249
0.0350877 0.7988063 249
0.0351941 0.7989970 249
0.0353004 0.7991710 8
0.0354067 0.7993285 8
0.0355130 0.7994694 8
0.0356193 0.7995937 8
0.0357257 0.7997015 8
0.0358320 0.7997928 8
0.0359383 0.7998673 8
0.0360447 0.7999254 8
0.0361510 0.7999669 8
0.0362573 0.7999917 8
0.0363636 0.8000000 8
0.0364700 0.7999918 8
0.0365763 0.7999672 8
0.0366826 0.7999262 8
0.0367889 0.7998690 8
0.0368953 0.7997952 8
0.0370016 0.7997051 8
0.0371079 0.7995985 8
0.0372142 0.7994757 8
0.0373206 0.7993364 8
0.0374269 0.7991806 8
0.0375332 0.7990085 8
0.0376396 0.7988201 8
0.0377459 0.7986153 8
0.0378522 0.7983941 8
0.0379585 0.7981566 8
0.0380649 0.7979025 8
0.0381712 0.7976322 8
0.0382775 0.7973453 8
0.0383838 0.7970423 8
0.0384902 0.7967226 8
0.0385965 0.7963868 8
0.0387028 0.7960344 8
0.0388091 0.7956658 8
0.0389155 0.7952806 8
0.0390218 0.7948791 8
0.0391281 0.7944613 8
0.0392345 0.7940271 8
0.0393408 0.7935764 8
0.0394471 0.7931095 8
0.0395534 0.7926260 8
0.0396598 0.7921262 8
0.0397661 0.7916101 8
0.0398724 0.7910776 8
0.0399787 0.7905285 8
0.0400851 0.7899633 8
0.0401914 0.7893816 8
0.0402977 0.7887835 8
0.0404040 0.7881690 8
0.0405104 0.7875380 8
0.0406167 0.7868908 8
0.0407230 0.7862270 8
0.0408294 0.7855471 8
0.0409357 0.7848507 8
0.0410420 0.7841378 8
0.0411483 0.7834086 8
0.0412547 0.7826629 8
0.0413610 0.7819011 8
0.0414673 0.7811227 8
0.0415736 0.7803279 8
0.0416799 0.7795168 8
0.0417863 0.7786893 8
0.0418926 0.7778454 8
0.0419989 0.7769851 8
0.0421053 0.7761083 8
0.0422116 0.7752153 8
0.0423179 0.7743059 8
0.0424242 0.7733801 8
0.0425306 0.7724379 8
0.0426369 0.7714792 8
0.0427432 0.7705042 8
0.0428495 0.7695128 8
0.0429559 0.7685052 8
0.0430622 0.7674809 8
0.0431685 0.7664405 8
0.0432749 0.7653833 8
0.0433812 0.7643101 8
0.0434875 0.7632204 8
0.0435938 0.7621143 8
0.0437002 0.7609919 8
0.0438065 0.7598529 8
0.0439128 0.7586977 8
0.0440191 0.7575260 8
0.0441255 0.7563381 8
0.0442318 0.7551337 8
0.0443381 0.7539127 8
0.0444445 0.7526756 8
0.0445508 0.7514220 8
0.0446571 0.7501521 8
0.0447634 0.7488657 8
0.0448698 0.7475629 8
0.0449761 0.7462439 8
0.0450824 0.7449084 8
0.0451887 0.7435566 8
0.0452951 0.7421883 8
0.0454014 0.7408035 8
0.0455077 0.7394025 8
0.0456140 0.7379851 8
0.0457204 0.7365513 8
0.0458267 0.7351010 8
0.0459330 0.7336345 8
0.0460393 0.7321514 8
0.0461457 0.7306520 8
0.0462520 0.7291363 8
0.0463583 0.7276042 8
0.0464646 0.7260557 8
0.0465710 0.7244907 8
0.0466773 0.7229094 8
0.0467836 0.7213117 8
0.0468900 0.7196977 8
0.0469963 0.7180672 8
0.0471026 0.7164204 8
0.0472089 0.7147571 8
0.0473153 0.7130776 8
0.0474216 0.7113815 8
0.0475279 0.7096692 8
0.0476342 0.7079403 8
0.0477405 0.7061952 8
0.0478469 0.7044336 8
0.0479532 0.7026556 8
0.0480596 0.7008614 8
0.0481659 0.6990505 8
0.0482722 0.6972235 8
0.0483785 0.6953800 8
0.0484848 0.6935201 8
0.0485912 0.6916439 8
0.0486975 0.6897512 8
0.0488038 0.6878422 8
0.0489102 0.6859168 8
0.0490165 0.6839749 8
0.0491228 0.6820168 8
0.0492291 0.6800422 8
0.0493355 0.6780512 8
0.0494418 0.6760439 8
0.0495481 0.6740202 8
0.0496544 0.6719800 8
0.0497608 0.6699235 8
0.0498671 0.6678506 8
0.0499734 0.6657613 8
0.0500797 0.6636557 8
0.0501861 0.6615335 8
0.0502924 0.6593952 8
0.0503987 0.6572403 8
0.0505051 0.6550691 8
0.0506114 0.6528814 8
0.0507177 0.6506775 8
0.0508240 0.6484571 8
0.0509303 0.6462204 8
0.0510367 0.6439672 8
0.0511430 0.6416977 8
0.0512493 0.6394117 8
0.0513557 0.6371093 8
0.0514620 0.6347907 8
0.0515683 0.6324556 8
0.0516746 0.6301041 8
0.0517810 0.6277363 8
0.0518873 0.6253521 8
0.0519936 0.6229514 8
0.0521000 0.6205345 8
0.0522063 0.6181011 8
0.0523126 0.6156512 8
0.0524189 0.6131850 8
0.0525253 0.6107026 8
0.0526316 0.6082035 8
0.0527379 0.6056882 8
0.0528442 0.6031565 8
0.0529505 0.6006084 8
0.0530569 0.5980439 8
0.0531632 0.5954630 8
0.0532696 0.5928658 8
0.0533759 0.5902521 8
0.0534822 0.5876221 0
0.0535885 0.5849757 0
0.0536949 0.5823128 0
0.0538012 0.5796335 0
0.0539075 0.5769380 0
0.0540138 0.5742260 0
0.0541201 0.5714976 0
0.0542265 0.5687528 0
0.0543328 0.5659918 0
0.0544391 0.5632142 0
0.0545454 0.5604203 0
0.0545454 0.5576252 0
0.0545454 0.5548301 0
0.0545454 0.5520349 0
0.0545454 0.5492398 0
0.0545454 0.5464448 0
0.0545454 0.5436497 0
0.0545454 0.5408545 0
0.0545454 0.5380594 0
0.0545454 0.5352643 0
0.0545454 0.5324692 0
0.0545454 0.5296741 0
0.0545454 0.5268789 0
0.0545454 0.5240838 0
0.0545454 0.5212888 0
0.0545454 0.5184937 0
0.0545454 0.5156985 0
0.0545454 0.5129034 0
0.0545454 0.5101083 0
0.0545454 0.5073132 0
0.0545454 0.5045181 0
0.0545454 0.5017229 0
0.0545454 0.4989278 0
0.0545454 0.4961328 0
0.0545454 0.4933377 0
0.0545454 0.4905425 0
0.0545454 0.4877474 0
0.0545454 0.4849523 0
0.0545454 0.4821572 0
0.0545454 0.4793621 0
0.0545454 0.4765669 0
0.0545454 0.4737718 0
0.0545454 0.4709767 0
0.0545454 0.4681817 0
0.0545454 0.4653865 0
0.0545454 0.4625914 0
0.0545454 0.4597962 0
0.0545454 0.4570011 0
0.0545454 0.4542060 0
0.0545454 0.4514108 0
0.0545454 0.4486157 0
0.0545454 0.4458206 0
0.0545454 0.4430255 0
0.0545454 0.4402304 0
0.0545454 0.4374353 0
0.0545454 0.4346402 0
0.0545454 0.4318451 0
0.0545454 0.4290500 0
0.0545454 0.4262548 0
0.0545454 0.4234597 0
0.0545454 0.4206646 0
0.0545454 0.4178695 0
0.0545454 0.4150744 0
0.0545454 0.4122793 0
0.0545454 0.4094842 0
0.0545454 0.4066891 0
0.0545454 0.4038940 0
0.0545454 0.4010988 0
0.0545454 0.3983037 0
0.0545454 0.3955086 0
0.0545454 0.3927135 0
0.0545454 0.3899184 0
0.0545454 0.3871232 0
0.0545454 0.3843282 0
0.0545454 0.3815331 0
0.0545454 0.3787380 0
0.0545454 0.3759428 0
0.0545454 0.3731477 0
0.0545454 0.3703526 0
0.0545454 0.3675575 0
0.0545454 0.3647624 0
0.0545454 0.3619671 0
0.0545454 0.3591722 0
0.0545454 0.3563771 0
0.0545454 0.3535820 0
0.0545454 0.3507867 0
0.0545454 0.3479916 0
0.0545454 0.3451965 0
0.0545454 0.3424016 0
0.0545454 0.3396063 0
0.0545454 0.3368111 0
0.0545454 0.3340161 0
0.0545454 0.3312210 0
0.0545454 0.3284259 0
0.0545454 0.3256307 0
0.0545454 0.3228356 0
0.0545454 0.3200405 0
0.0545454 0.3172455 0
0.0545454 0.3144503 0
0.0545454 0.3116551 0
0.0545454 0.3088601 0
0.0545454 0.3060650 0
0.0545454 0.3032699 0
0.0545454 0.3004747 0
0.0545454 0.2976796 0
0.0545454 0.2948845 0
0.0545454 0.2920895 0
0.0545454 0.2892943 0
0.0545454 0.2864991 0
0.0545454 0.2837041 0
0.0545454 0.2809090 0
0.0545454 0.2781139 0
0.0545454 0.2753187 0
0.0545454 0.2725236 0
0.0545454 0.2697285 0
0.0545454 0.2669335 0
0.0545454 0.2641383 0
0.0545454 0.2613431 0
0.0545454 0.2585481 0
0.0545454 0.2557530 0
0.0545454 0.2529579 0
0.0545454 0.2501627 0
0.0545454 0.2473676 0
0.0545454 0.2445725 0
0.0545454 0.2417775 0
0.0545454 0.2389823 0
0.0545454 0.2361870 0
0.0545454 0.2333919 0
0.0545454 0.2305970 0
0.0545454 0.2278017 0
0.0545454 0.2250066 0
0.0545454 0.2222115 0
0.0545454 0.2194164 0
0.0545454 0.2166215 0
0.0545454 0.2138262 0
0.0545454 0.2110310 0
0.0545454 0.2082359 0
0.0545454 0.2054409 0
0.0545454 0.2026457 0
0.0545454 0.1998507 0
0.0545454 0.1970555 0
0.0545454 0.1942604 0
0.0545454 0.1914653 0
0.0545454 0.1886702 0
0.0545454 0.1858751 0
0.0545454 0.1830799 0
0.0545454 0.1802849 0
0.0545454 0.1774896 0
0.0545454 0.1746947 0
0.0545454 0.1718995 0
0.0545454 0.1691044 0
0.0545454 0.1663092 0
0.0545454 0.1635141 0
0.0545454 0.1607190 0
0.0545454 0.1579239 0
0.0545454 0.1551288 0
0.0545454 0.1523336 0
0.0545454 0.1495385 0
0.0545454 0.1467435 0
0.0545454 0.1439484 0
0.0545454 0.1411532 0
0.0545454 0.1383581 0
0.0545454 0.1355630 0
0.0545454 0.1327679 0
0.0545454 0.1299728 0
0.0545454 0.1271776 0
0.0545454 0.1243826 0
0.0545454 0.1215875 0
0.0545454 0.1187924 0
0.0545454 0.1159972 0
0.0545454 0.1132021 0
0.0545454 0.1104070 241
0.0545454 0.1076118 241
0.0545454 0.1048168 241
0.0545454 0.1020216 241
0.0545454 0.0992266 243
0.0545454 0.0964314 243
0.0545454 0.0936363 243
0.0545454 0.0908412 241
0.0545454 0.0880461 241
0.0545454 0.0852510 241
0.0545454 0.0824558 241
0.0545454 0.0796608 241
0.0545454 0.0768656 241
0.0545454 0.0740706 241
0.0545454 0.0712754 243
0.0545454 0.0684803 243
0.0545454 0.0656852 243
0.0545454 0.0628901 241
0.0545454 0.0600950 241
0.0545454 0.0572998 241
0.0545454 0.0545048 241
0.0545454 0.0517095 241
0.0545454 0.0489146 241
0.0545454 0.0461194 241
0.0545454 0.0433243 243
0.0545454 0.0405291 243
0.0545454 0.0377340 243
0.0545454 0.0349389 241
0.0545454 0.0321438 241
0.0545454 0.0293487 241
0.0545454 0.0265535 241
0.0545454 0.0237585 241
0.0545454 0.0209634 241
0.0545454 0.0181683 241
0.0545454 0.0153731 243
0.0545454 0.0125780 243
0.0545454 0.0097829 243
0.0545454 0.0069878 241
0.0545454 0.0041927 241
0.0545454 0.0013975 241
0.0545454 -0.0013976 241
0.0545454 -0.0041927 241
0.0545454 -0.0069878 241
0.0545454 -0.0097829 241
0.0545454 -0.0125780 243
0.0545454 -0.0153731 243
0.0545454 -0.0181683 243
0.0545454 -0.0209633 241
0.0545454 -0.0237585 241
0.0545454 -0.0265536 241
0.0545454 -0.0293487 241
0.0545454 -0.0321438 241
0.0545454 -0.0349389 241
0.0545454 -0.0377340 241
0.0545454 -0.0405291 243
0.0545454 -0.0433243 243
0.0545454 -0.0461193 243
0.0545454 -0.0489146 241
0.0545454 -0.0517096 241
0.0545454 -0.0545048 241
0.0545454 -0.0572998 241
0.0545454 -0.0600950 241
0.0545454 -0.0628901 241
0.0545454 -0.0656852 241
0.0545454 -0.0684803 243
0.0545454 -0.0712754 243
0.0545454 -0.0740706 243
0.0545454 -0.0768656 241
0.0545454 -0.0796608 241
0.0545454 -0.0824559 241
0.0545454 -0.0852510 241
0.0545454 -0.0880461 241
0.0545454 -0.0908412 241
0.0545454 -0.0936363 241
0.0545454 -0.0964314 243
0.0545454 -0.0992266 243
0.0545454 -0.1020216 243
0.0545454 -0.1048168 241
0.0545454 -0.1076119 241
0.0545454 -0.1104070 241
0.0545454 -0.1132021 241
0.0545454 -0.1159972 241
0.0545454 -0.1187924 241
0.0545454 -0.1215874 241
0.0545454 -0.1243826 243
0.0545454 -0.1271777 243
0.0545454 -0.1299728 243
0.0545454 -0.1327679 241
0.0545454 -0.1355630 241
0.0545454 -0.1383581 241
0.0545454 -0.1411532 241
0.0545454 -0.1439484 241
0.0545454 -0.1467434 241
0.0545454 -0.1495386 241
0.0545454 -0.1523337 243
0.0545454 -0.1551288 243
0.0545454 -0.1579239 243
0.0545454 -0.1607190 241
0.0545454 -0.1635141 241
0.0545454 -0.1663092 241
0.0545454 -0.1691044 241
0.0545454 -0.1718994 241
0.0545454 -0.1746947 241
0.0545454 -0.1774897 241
0.0545454 -0.1802849 243
0.0545454 -0.1830800 243
0.0545454 -0.1858751 243
0.0545454 -0.1886702 241
0.0545454 -0.1914653 241
0.0545454 -0.1942604 241
0.0545454 -0.1970555 241
0.0545454 -0.1998507 241
0.0545454 -0.2026457 241
0.0545454 -0.2054409 241
0.0545454 -0.2082360 243
0.0545454 -0.2110311 243
0.0545454 -0.2138262 243
0.0545454 -0.2166213 241
0.0545454 -0.2194164 241
0.0545454 -0.2222115 241
0.0545454 -0.2250067 241
0.0545454 -0.2278017 241
0.0545454 -0.2305969 241
0.0545454 -0.2333920 241
0.0545454 -0.2361872 243
0.0545454 -0.2389823 243
0.0545454 -0.2417773 243
0.0545454 -0.2445725 241
0.0545454 -0.2473676 241
0.0545454 -0.2501627 241
0.0545454 -0.2529578 241
0.0545454 -0.2557529 241
0.0545454 -0.2585481 241
0.0545454 -0.2613432 241
0.0545454 -0.2641382 243
0.0545454 -0.2669333 243
0.0545454 -0.2697285 243
0.0545454 -0.2725236 241
0.0545454 -0.2753187 241
0.0545454 -0.2781138 241
0.0545454 -0.2809089 241
0.0545454 -0.2837041 241
0.0545454 -0.2864991 241
0.0545454 -0.2892942 241
0.0545454 -0.2920893 243
0.0545454 -0.2948845 243
0.0545454 -0.2976796 243
0.0545454 -0.3004747 241
0.0545454 -0.3032699 241
0.0545454 -0.3060650 241
0.0545454 -0.3088601 241
0.0545454 -0.3116551 241
0.0545454 -0.3144503 241
0.0545454 -0.3172454 241
0.0545454 -0.3200405 243
0.0545454 -0.3228357 243
0.0545454 -0.3256308 243
0.0545454 -0.3284259 241
0.0545454 -0.3312210 241
0.0545454 -0.3340161 241
0.0545454 -0.3368112 241
0.0545454 -0.3396064 241
0.0545454 -0.3424014 241
0.0545454 -0.3451965 241
0.0545454 -0.3479917 243
0.0545454 -0.3507868 243
0.0545454 -0.3535819 243
0.0545454 -0.3563770 241
0.0545454 -0.3591722 241
0.0545454 -0.3619672 241
0.0545454 -0.3647624 241
0.0545454 -0.3675574 241
0.0545454 -0.3703526 241
0.0545454 -0.3731477 241
0.0545454 -0.3759428 243
0.0545454 -0.3787379 243
0.0545454 -0.3815331 243
0.0545454 -0.3843282 241
0.0545454 -0.3871232 241
0.0545454 -0.3899184 241
0.0545454 -0.3927135 241
0.0545454 -0.3955086 241
0.0545454 -0.3983037 241
0.0545454 -0.4010988 241
0.0545454 -0.4038939 243
0.0545454 -0.4066891 243
0.0545454 -0.4094842 243
0.0545454 -0.4122792 241
0.0545454 -0.4150744 241
0.0545454 -0.4178695 241
0.0545454 -0.4206646 241
0.0545454 -0.4234597 241
0.0545454 -0.4262548 241
0.0545454 -0.4290500 241
0.0545454 -0.4318451 243
0.0545454 -0.4346402 243
0.0545454 -0.4374352 243
0.0545454 -0.4402305 241
0.0545454 -0.4430255 241
0.0545454 -0.4458207 241
0.0545454 -0.4486158 241
0.0545454 -0.4514109 241
0.0545454 -0.4542060 241
0.0545454 -0.4570011 241
0.0545454 -0.4597962 243
0.0545454 -0.4625913 243
0.0545454 -0.4653865 243
0.0545454 -0.4681815 241
0.0545454 -0.4709767 241
0.0545454 -0.4737718 241
0.0545454 -0.4765669 241
0.0545454 -0.4793620 241
0.0545454 -0.4821571 241
0.0545454 -0.4849523 241
0.0545454 -0.4877473 243
0.0545454 -0.4905425 243
0.0545454 -0.4933375 243
0.0545454 -0.4961328 241
0.0545454 -0.4989278 241
0.0545454 -0.5017229 241
0.0545454 -0.5045180 241
0.0545454 -0.5073131 241
0.0545454 -0.5101083 241
0.0545454 -0.5129035 241
0.0545454 -0.5156986 243
0.0545454 -0.5184935 243
0.0545454 -0.5212888 243
0.0545454 -0.5240839 241
0.0545454 -0.5268791 241
0.0545454 -0.5296741 241
0.0545454 -0.5324692 241
0.0545454 -0.5352643 241
0.0545454 -0.5380595 241
0.0545454 -0.5408546 241
0.0545454 -0.5436496 243
0.0545454 -0.5464448 243
0.0545454 -0.5492399 243
0.0545454 -0.5520350 241
0.0545454 -0.5548301 241
0.0545454 -0.5576252 241
0.0546518 -0.5604203 241
0.0547581 -0.5632306 241
0.0548644 -0.5660244 241
0.0549708 -0.5688015 241
0.0550771 -0.5715620 243
0.0551834 -0.5743060 243
0.0552898 -0.5770334 243
0.0553961 -0.5797442 241
0.0555024 -0.5824384 241
0.0556087 -0.5851161 241
0.0557150 -0.5877772 241
0.0558214 -0.5904217 241
0.0559277 -0.5930496 241
0.0560340 -0.5956609 241
0.0561403 -0.5982557 243
0.0562467 -0.6008338 243
0.0563530 -0.6033955 243
0.0564593 -0.6059405 241
0.0565657 -0.6084689 241
0.0566720 -0.6109807 241
0.0567783 -0.6134760 241
0.0568846 -0.6159548 241
0.0569910 -0.6184168 241
0.0570973 -0.6208624 241
0.0572036 -0.6232914 243
0.0573099 -0.6257037 243
0.0574163 -0.6280995 243
0.0575226 -0.6304787 241
0.0576289 -0.6328413 241
0.0577352 -0.6351874 241
0.0578416 -0.6375169 241
0.0579479 -0.6398298 241
0.0580542 -0.6421261 241
0.0581606 -0.6444058 241
0.0582669 -0.6466690 243
0.0583732 -0.6489156 243
0.0584795 -0.6511456 243
0.0585859 -0.6533591 241
0.0586922 -0.6555558 241
0.0587985 -0.6577361 241
0.0589048 -0.6598998 241
0.0590111 -0.6620469 241
0.0591175 -0.6641774 241
0.0592238 -0.6662914 241
0.0593302 -0.6683887 243
0.0594365 -0.6704695 243
0.0595428 -0.6725336 243
0.0596491 -0.6745813 241
0.0597555 -0.6766123 241
0.0598618 -0.6786268 241
0.0599681 -0.6806247 241
0.0600744 -0.6826059 241
0.0601807 -0.6845707 241
0.0602871 -0.6865188 241
0.0603934 -0.6884503 243
0.0604997 -0.6903654 243
0.0606060 -0.6922638 243
0.0607124 -0.6941456 241
0.0608187 -0.6960108 241
0.0609250 -0.6978595 241
0.0610314 -0.6996916 241
0.0611377 -0.7015071 241
0.0612440 -0.7033060 241
0.0613504 -0.7050883 241
0.0614567 -0.7068540 243
0.0615630 -0.7086033 243
0.0616693 -0.7103359 243
0.0617757 -0.7120519 241
0.0618820 -0.7137513 241
0.0619883 -0.7154342 241
0.0620946 -0.7171004 241
0.0622009 -0.7187502 241
0.0623073 -0.7203833 241
0.0624136 -0.7219998 241
0.0625200 -0.7235998 243
0.0626263 -0.7251832 243
0.0627326 -0.7267500 243
0.0628389 -0.7283002 241
0.0629452 -0.7298338 241
0.0630516 -0.7313509 241
0.0631579 -0.7328514 241
0.0632642 -0.7343353 241
0.0633705 -0.7358026 241
0.0634769 -0.7372534 241
0.0635832 -0.7386875 243
0.0636895 -0.7401051 243
0.0637958 -0.7415061 243
0.0639022 -0.7428905 241
0.0640085 -0.7442583 241
0.0641148 -0.7456096 241
0.0642212 -0.7469443 241
0.0643275 -0.7482624 241
0.0644338 -0.7495639 241
0.0645401 -0.7508489 241
0.0646465 -0.7521173 243
0.0647528 -0.7533690 243
0.0648591 -0.7546042 243
0.0649654 -0.7558228 241
0.0650717 -0.7570249 241
0.0651781 -0.7582104 241
0.0652844 -0.7593792 241
0.0653908 -0.7605315 241
0.0654971 -0.7616673 241
0.0656034 -0.7627864 241
0.0657097 -0.7638890 243
0.0658161 -0.7649750 243
0.0659224 -0.7660443 243
0.0660287 -0.7670972 241
0.0661350 -0.7681334 241
0.0662414 -0.7691531 241
0.0663477 -0.7701561 241
0.0664540 -0.7711427 241
0.0665603 -0.7721126 241
0.0666667 -0.7730660 241
0.0667730 -0.7740027 243
0.0668793 -0.7749229 243
0.0669857 -0.7758265 243
0.0670920 -0.7767136 241
0.0671983 -0.7775840 241
0.0673046 -0.7784378 241
0.0674110 -0.7792751 241
0.0675173 -0.7800958 241
0.0676236 -0.7808999 241
0.0677299 -0.7816875 241
0.0678363 -0.7824585 243
0.0679426 -0.7832128 243
0.0680489 -0.7839506 243
0.0681552 -0.7846719 241
0.0682615 -0.7853765 241
0.0683679 -0.7860646 241
0.0684742 -0.7867361 241
0.0685806 -0.7873910 241
0.0686869 -0.7880293 241
0.0687932 -0.7886510 241
0.0688995 -0.7892563 243
0.0690058 -0.7898448 243
0.0691122 -0.7904168 243
0.0692185 -0.7909722 241
0.0693248 -0.7915111 241
0.0694311 -0.7920334 241
0.0695375 -0.7925391 241
0.0696438 -0.7930282 241
0.0697501 -0.7935007 241
0.0698564 -0.7939566 241
0.0699628 -0.7943960 243
0.0700691 -0.7948188 243
0.0701754 -0.7952250 243
0.0702818 -0.7956147 241
0.0703881 -0.7959877 241
0.0704944 -0.7963442 241
0.0706008 -0.7966840 241
0.0707071 -0.7970073 241
0.0708134 -0.7973141 241
0.0709197 -0.7976043 241
0.0710261 -0.7978778 243
0.0711324 -0.7981347 243
0.0712387 -0.7983752 243
0.0713450 -0.7985990 241
0.0714514 -0.7988063 241
0.0715577 -0.7989969 241
0.0716640 -0.7991710 0
0.0717704 -0.7993285 0
0.0718767 -0.7994694 0
0.0719830 -0.7995938 0
0.0720893 -0.7997016 0
0.0721956 -0.7997928 0
0.0723020 -0.7998673 0
0.0724083 -0.7999254 0
0.0725146 -0.7999669 0
0.0726209 -0.7999917 0
0.0727273 -0.8000000 0
0.0728336 -0.7999918 0
0.0729399 -0.7999672 0
0.0730463 -0.7999262 0
0.0731526 -0.7998689 0
0.0732589 -0.7997952 0
0.0733652 -0.7997051 0
0.0734716 -0.7995986 0
0.0735779 -0.7994757 0
0.0736842 -0.7993364 0
0.0737905 -0.7991807 0
0.0738969 -0.7990086 0
0.0740032 -0.7988202 0
0.0741095 -0.7986153 0
0.0742158 -0.7983941 0
0.0743221 -0.7981565 0
0.0744285 -0.7979025 0
0.0745348 -0.7976322 0
0.0746412 -0.7973454 0
0.0747475 -0.7970423 0
0.0748538 -0.7967227 0
0.0749601 -0.7963868 0
0.0750664 -0.7960345 0
0.0751728 -0.7956657 0
0.0752791 -0.7952806 0
0.0753854 -0.7948792 0
0.0754917 -0.7944614 0
0.0755981 -0.7940271 0
0.0757044 -0.7935765 0
0.0758107 -0.7931095 0
0.0759171 -0.7926261 0
0.0760234 -0.7921263 0
0.0761297 -0.7916101 0
0.0762360 -0.7910776 0
0.0763424 -0.7905285 0
0.0764487 -0.7899632 0
0.0765550 -0.7893815 0
0.0766613 -0.7887834 0
0.0767677 -0.7881689 0
0.0768740 -0.7875380 0
0.0769803 -0.7868907 0
0.0770866 -0.7862271 0
0.0771929 -0.7855470 0
0.0772993 -0.7848506 0
0.0774056 -0.7841378 0
0.0775120 -0.7834086 0
0.0776183 -0.7826630 0
0.0777246 -0.7819011 0
0.0778310 -0.7811227 0
0.0779373 -0.7803279 0
0.0780436 -0.7795168 0
0.0781499 -0.7786893 0
0.0782563 -0.7778454 0
0.0783626 -0.7769851 0
0.0784689 -0.7761084 0
0.0785752 -0.7752153 0
0.0786815 -0.7743059 0
0.0787879 -0.7733800 0
0.0788942 -0.7724378 0
0.0790005 -0.7714792 0
0.0791069 -0.7705042 0
0.0792132 -0.7695128 0
0.0793195 -0.7685050 0
0.0794259 -0.7674809 0
0.0795322 -0.7664403 0
0.0796385 -0.7653834 0
0.0797448 -0.7643101 0
0.0798512 -0.7632204 0
0.0799575 -0.7621143 0
0.0800638 -0.7609918 0
0.0801701 -0.7598529 0
0.0802764 -0.7586977 0
0.0803828 -0.7575261 0
0.0804891 -0.7563381 0
0.0805954 -0.7551336 0
0.0807018 -0.7539128 0
0.0808081 -0.7526757 0
0.0809144 -0.7514220 0
0.0810208 -0.7501521 0
0.0811271 -0.7488658 0
0.0812334 -0.7475631 0
0.0813397 -0.7462439 0
0.0814460 -0.7449084 0
0.0815524 -0.7435565 0
0.0816587 -0.7421883 0
0.0817650 -0.7408035 0
0.0818713 -0.7394025 0
0.0819777 -0.7379851 0
0.0820840 -0.7365512 0
0.0821903 -0.7351010 0
0.0822967 -0.7336345 0
0.0824030 -0.7321514 0
0.0825093 -0.7306521 0
0.0826156 -0.7291363 0
0.0827220 -0.7276042 0
0.0828283 -0.7260556 0
0.0829346 -0.7244908 0
0.0830409 -0.7229094 0
0.0831473 -0.7213117 0
0.0832536 -0.7196977 0
0.0833599 -0.7180672 0
0.0834662 -0.7164204 0
0.0835726 -0.7147571 0
0.0836789 -0.7130775 0
0.0837852 -0.7113815 0
0.0838916 -0.7096691 0
0.0839979 -0.7079403 0
0.0841042 -0.7061952 0
0.0842105 -0.7044336 0
0.0843168 -0.7026557 0
0.0844232 -0.7008614 0
0.0845295 -0.6990506 0
0.0846358 -0.6972235 0
0.0847421 -0.6953800 0
0.0848485 -0.6935202 0
0.0849548 -0.6916439 0
0.0850611 -0.6897513 0
0.0851675 -0.6878422 0
0.0852738 -0.6859168 0
0.0853801 -0.6839749 0
0.0854864 -0.6820168 0
0.0855928 -0.6800422 0
0.0856991 -0.6780512 0
0.0858054 -0.6760439 0
0.0859117 -0.6740202 0
0.0860181 -0.6719800 0
0.0861244 -0.6699235 0
0.0862308 -0.6678506 0
0.0863371 -0.6657613 0
0.0864434 -0.6636556 0
0.0865497 -0.6615335 0
0.0866560 -0.6593951 0
0.0867624 -0.6572403 0
0.0868687 -0.6550691 0
0.0869750 -0.6528815 0
0.0870814 -0.6506775 0
0.0871877 -0.6484571 0
0.0872940 -0.6462203 0
0.0874003 -0.6439672 0
0.0875067 -0.6416976 0
0.0876130 -0.6394117 0
0.0877193 -0.6371094 0
0.0878256 -0.6347907 0
0.0879319 -0.6324556 0
0.0880383 -0.6301042 0
0.0881446 -0.6277363 0
0.0882509 -0.6253520 0
0.0883573 -0.6229514 0
0.0884636 -0.6205344 0
0.0885699 -0.6181010 0
0.0886762 -0.6156512 0
0.0887826 -0.6131850 0
0.0888889 -0.6107025 0
0.0889952 -0.6082035 0
0.0891016 -0.6056882 0
0.0892079 -0.6031564 0
0.0893142 -0.6006083 0
0.0894205 -0.5980439 0
0.0895268 -0.5954630 0
0.0896332 -0.5928657 0
0.0897395 -0.5902520 0
0.0898458 -0.5876220 8
0.0899522 -0.5849756 8
0.0900585 -0.5823128 8
0.0901648 -0.5796336 8
0.0902711 -0.5769380 8
0.0903775 -0.5742260 8
0.0904838 -0.5714976 8
0.0905901 -0.5687529 8
0.0906964 -0.5659918 8
0.0908027 -0.5632142 8
0.0909091 -0.5604203 8
0.0909091 -0.5576252 8
0.0909091 -0.5548301 8
0.0909091 -0.5520350 8
0.0909091 -0.5492399 8
0.0909091 -0.5464448 8
0.0909091 -0.5436497 8
0.0909091 -0.5408546 8
0.0909091 -0.5380595 8
0.0909091 -0.5352643 8
0.0909091 -0.5324692 8
0.0909091 -0.5296741 8
0.0909091 -0.5268790 8
0.0909091 -0.5240839 8
0.0909091 -0.5212888 8
0.0909091 -0.5184937 8
0.0909091 -0.5156986 8
0.0909091 -0.5129035 8
0.0909091 -0.5101083 8
0.0909091 -0.5073131 8
0.0909091 -0.5045180 8
0.0909091 -0.5017229 8
0.0909091 -0.4989278 8
0.0909091 -0.4961328 8
0.0909091 -0.4933376 8
0.0909091 -0.4905425 8
0.0909091 -0.4877473 8
0.0909091 -0.4849523 8
0.0909091 -0.4821571 8
0.0909091 -0.4793620 8
0.0909091 -0.4765669 8
0.0909091 -0.4737718 8
0.0909091 -0.4709767 8
0.0909091 -0.4681816 8
0.0909091 -0.4653865 8
0.0909091 -0.4625913 8
0.0909091 -0.4597962 8
0.0909091 -0.4570011 8
0.0909091 -0.4542060 8
0.0909091 -0.4514109 8
0.0909091 -0.4486158 8
0.0909091 -0.4458207 8
0.0909091 -0.4430255 8
0.0909091 -0.4402305 8
0.0909091 -0.4374353 8
0.0909091 -0.4346402 8
0.0909091 -0.4318451 8
0.0909091 -0.4290500 8
0.0909091 -0.4262548 8
0.0909091 -0.4234597 8
0.0909091 -0.4206646 8
0.0909091 -0.4178695 8
0.0909091 -0.4150744 8
0.0909091 -0.4122793 8
0.0909091 -0.4094842 8
0.0909091 -0.4066891 8
0.0909091 -0.4038939 8
0.0909091 -0.4010988 8
0.0909091 -0.3983037 8
0.0909091 -0.3955086 8
0.0909091 -0.3927135 8
0.0909091 -0.3899184 8
0.0909091 -0.3871232 8
0.0909091 -0.3843282 8
0.0909091 -0.3815331 8
0.0909091 -0.3787379 8
0.0909091 -0.3759428 8
0.0909091 -0.3731477 8
0.0909091 -0.3703526 8
0.0909091 -0.3675574 8
0.0909091 -0.3647624 8
0.0909091 -0.3619672 8
0.0909091 -0.3591722 8
0.0909091 -0.3563770 8
0.0909091 -0.3535819 8
0.0909091 -0.3507868 8
0.0909091 -0.3479917 8
0.0909091 -0.3451965 8
0.0909091 -0.3424015 8
0.0909091 -0.3396064 8
0.0909091 -0.3368112 8
0.0909091 -0.3340161 8
0.0909091 -0.3312210 8
0.0909091 -0.3284259 8
0.0909091 -0.3256308 8
0.0909091 -0.3228357 8
0.0909091 -0.3200405 8
0.0909091 -0.3172455 8
0.0909091 -0.3144503 8
0.0909091 -0.3116551 8
0.0909091 -0.3088601 8
0.0909091 -0.3060650 8
0.0909091 -0.3032699 8
0.0909091 -0.3004747 8
0.0909091 -0.2976796 8
0.0909091 -0.2948845 8
0.0909091 -0.2920894 8
0.0909091 -0.2892942 8
0.0909091 -0.2864991 8
0.0909091 -0.2837041 8
0.0909091 -0.2809089 8
0.0909091 -0.2781138 8
0.0909091 -0.2753187 8
0.0909091 -0.2725236 8
0.0909091 -0.2697285 8
0.0909091 -0.2669334 8
0.0909091 -0.2641382 8
0.0909091 -0.2613431 8
0.0909091 -0.2585481 8
0.0909091 -0.2557529 8
0.0909091 -0.2529578 8
0.0909091 -0.2501627 8
0.0909091 -0.2473676 8
0.0909091 -0.2445725 8
0.0909091 -0.2417774 8
0.0909091 -0.2389823 8
0.0909091 -0.2361871 8
0.0909091 -0.2333920 8
0.0909091 -0.2305969 8
0.0909091 -0.2278017 8
0.0909091 -0.2250066 8
0.0909091 -0.2222115 8
0.0909091 -0.2194164 8
0.0909091 -0.2166213 8
0.0909091 -0.2138262 8
0.0909091 -0.2110311 8
0.0909091 -0.2082360 8
0.0909091 -0.2054409 8
0.0909091 -0.2026457 8
0.0909091 -0.1998506 8
0.0909091 -0.1970555 8
0.0909091 -0.1942604 8
0.0909091 -0.1914653 8
0.0909091 -0.1886702 8
0.0909091 -0.1858751 8
0.0909091 -0.1830800 8
0.0909091 -0.1802849 8
0.0909091 -0.1774897 8
0.0909091 -0.1746946 8
0.0909091 -0.1718995 8
0.0909091 -0.1691044 8
0.0909091 -0.1663093 8
0.0909091 -0.1635141 8
0.0909091 -0.1607190 8
0.0909091 -0.1579239 8
0.0909091 -0.1551288 8
0.0909091 -0.1523337 8
0.0909091 -0.1495385 8
0.0909091 -0.1467435 8
0.0909091 -0.1439484 8
0.0909091 -0.1411532 8
0.0909091 -0.1383581 8
0.0909091 -0.1355630 8
0.0909091 -0.1327679 8
0.0909091 -0.1299728 8
0.0909091 -0.1271777 8
0.0909091 -0.1243826 8
0.0909091 -0.1215875 8
0.0909091 -0.1187924 8
0.0909091 -0.1159972 8
0.0909091 -0.1132021 8
0.0909091 -0.1104070 249
0.0909091 -0.1076119 249
0.0909091 -0.1048168 249
0.0909091 -0.1020216 249
0.0909091 -0.0992266 251
0.0909091 -0.0964314 251
0.0909091 -0.0936363 251
0.0909091 -0.0908412 249
0.0909091 -0.0880461 249
0.0909091 -0.0852510 249
0.0909091 -0.0824559 249
0.0909091 -0.0796608 249
0.0909091 -0.0768656 249
0.0909091 -0.0740706 249
0.0909091 -0.0712754 251
0.0909091 -0.0684803 251
0.0909091 -0.0656852 251
0.0909091 -0.0628901 249
0.0909091 -0.0600950 249
0.0909091 -0.0572998 249
0.0909091 -0.0545048 249
0.0909091 -0.0517096 249
0.0909091 -0.0489146 249
0.0909091 -0.0461194 249
0.0909091 -0.0433243 251
0.0909091 -0.0405291 251
0.0909091 -0.0377340 251
0.0909091 -0.0349389 249
0.0909091 -0.0321438 249
0.0909091 -0.0293487 249
0.0909091 -0.0265536 249
0.0909091 -0.0237585 249
0.0909091 -0.0209634 249
0.0909091 -0.0181683 249
0.0909091 -0.0153731 251
0.0909091 -0.0125780 251
0.0909091 -0.0097829 251
0.0909091 -0.0069878 249
0.0909091 -0.0041927 249
0.0909091 -0.0013976 249
0.0909091 0.0013975 249
0.0909091 0.0041927 249
0.0909091 0.0069878 249
0.0909091 0.0097830 249
0.0909091 0.0125780 251
0.0909091 0.0153731 251
0.0909091 0.0181683 251
0.0909091 0.0209633 249
0.0909091 0.0237585 249
0.0909091 0.0265535 249
0.0909091 0.0293487 249
0.0909091 0.0321438 249
0.0909091 0.0349390 249
0.0909091 0.0377340 249
0.0909091 0.0405291 251
0.0909091 0.0433243 251
0.0909091 0.0461193 251
0.0909091 0.0489146 249
0.0909091 0.0517095 249
0.0909091 0.0545048 249
0.0909091 0.0572998 249
0.0909091 0.0600950 249
0.0909091 0.0628901 249
0.0909091 0.0656851 249
0.0909091 0.0684803 251
0.0909091 0.0712754 251
0.0909091 0.0740706 251
0.0909091 0.0768656 249
0.0909091 0.0796608 249
0.0909091 0.0824558 249
0.0909091 0.0852510 249
0.0909091 0.0880461 249
0.0909091 0.0908411 249
0.0909091 0.0936363 249
0.0909091 0.0964314 251
0.0909091 0.0992266 251
0.0909091 0.1020216 251
0.0909091 0.1048168 249
0.0909091 0.1076118 249
0.0909091 0.1104071 249
0.0909091 0.1132021 249
0.0909091 0.1159972 249
0.0909091 0.1187924 249
0.0909091 0.1215874 249
0.0909091 0.1243826 251
0.0909091 0.1271776 251
0.0909091 0.1299728 251
0.0909091 0.1327679 249
0.0909091 0.1355631 249
0.0909091 0.1383581 249
0.0909091 0.1411532 249
0.0909091 0.1439484 249
0.0909091 0.1467434 249
0.0909091 0.1495386 249
0.0909091 0.1523336 251
0.0909091 0.1551288 251
0.0909091 0.1579239 251
0.0909091 0.1607191 249
0.0909091 0.1635141 249
0.0909091 0.1663092 249
0.0909091 0.1691044 249
0.0909091 0.1718995 249
0.0909091 0.1746947 249
0.0909091 0.1774896 249
0.0909091 0.1802849 251
0.0909091 0.1830799 251
0.0909091 0.1858751 251
0.0909091 0.1886702 249
0.0909091 0.1914653 249
0.0909091 0.1942604 249
0.0909091 0.1970555 249
0.0909091 0.1998507 249
0.0909091 0.2026457 249
0.0909091 0.2054409 249
0.0909091 0.2082359 251
0.0909091 0.2110311 251
0.0909091 0.2138262 251
0.0909091 0.2166213 249
0.0909091 0.2194164 249
0.0909091 0.2222115 249
0.0909091 0.2250066 249
0.0909091 0.2278017 249
0.0909091 0.2305970 249
0.0909091 0.2333919 249
0.0909091 0.2361872 251
0.0909091 0.2389823 251
0.0909091 0.2417774 251
0.0909091 0.2445725 249
0.0909091 0.2473676 249
0.0909091 0.2501627 249
0.0909091 0.2529579 249
0.0909091 0.2557530 249
0.0909091 0.2585481 249
0.0909091 0.2613432 249
0.0909091 0.2641383 251
0.0909091 0.2669334 251
0.0909091 0.2697285 251
0.0909091 0.2725236 249
0.0909091 0.2753187 249
0.0909091 0.2781139 249
0.0909091 0.2809090 249
0.0909091 0.2837041 249
0.0909091 0.2864991 249
0.0909091 0.2892943 249
0.0909091 0.2920894 251
0.0909091 0.2948845 251
0.0909091 0.2976796 251
0.0909091 0.3004747 249
0.0909091 0.3032699 249
0.0909091 0.3060650 249
0.0909091 0.3088601 249
0.0909091 0.3116551 249
0.0909091 0.3144503 249
0.0909091 0.3172454 249
0.0909091 0.3200405 251
0.0909091 0.3228356 251
0.0909091 0.3256307 251
0.0909091 0.3284259 249
0.0909091 0.3312210 249
0.0909091 0.3340161 249
0.0909091 0.3368111 249
0.0909091 0.3396063 249
0.0909091 0.3424014 249
0.0909091 0.3451965 249
0.0909091 0.3479916 251
0.0909091 0.3507867 251
0.0909091 0.3535820 251
0.0909091 0.3563771 249
0.0909091 0.3591722 249
0.0909091 0.3619671 249
0.0909091 0.3647624 249
0.0909091 0.3675575 249
0.0909091 0.3703526 249
0.0909091 0.3731477 249
0.0909091 0.3759428 251
0.0909091 0.3787380 251
0.0909091 0.3815331 251
0.0909091 0.3843282 249
0.0909091 0.3871232 249
0.0909091 0.3899184 249
0.0909091 0.3927135 249
0.0909091 0.3955086 249
0.0909091 0.3983037 249
0.0909091 0.4010988 249
0.0909091 0.4038940 251
0.0909091 0.4066891 251
0.0909091 0.4094842 251
0.0909091 0.4122792 249
0.0909091 0.4150744 249
0.0909091 0.4178695 249
0.0909091 0.4206646 249
0.0909091 0.4234597 249
0.0909091 0.4262548 249
0.0909091 0.4290500 249
0.0909091 0.4318451 251
0.0909091 0.4346402 251
0.0909091 0.4374352 251
0.0909091 0.4402304 249
0.0909091 0.4430255 249
0.0909091 0.4458207 249
0.0909091 0.4486157 249
0.0909091 0.4514108 249
0.0909091 0.4542060 249
0.0909091 0.4570011 249
0.0909091 0.4597962 251
0.0909091 0.4625912 251
0.0909091 0.4653865 251
0.0909091 0.4681816 249
0.0909091 0.4709768 249
0.0909091 0.4737718 249
0.0909091 0.4765669 249
0.0909091 0.4793621 249
0.0909091 0.4821572 249
0.0909091 0.4849523 249
0.0909091 0.4877473 251
0.0909091 0.4905425 251
0.0909091 0.4933376 251
0.0909091 0.4961328 249
0.0909091 0.4989278 249
0.0909091 0.5017229 249
0.0909091 0.5045181 249
0.0909091 0.5073132 249
0.0909091 0.5101083 249
0.0909091 0.5129034 249
0.0909091 0.5156985 251
0.0909091 0.5184936 251
0.0909091 0.5212888 251
0.0909091 0.5240838 249
0.0909091 0.5268790 249
0.0909091 0.5296741 249
0.0909091 0.5324692 249
0.0909091 0.5352643 249
0.0909091 0.5380594 249
0.0909091 0.5408545 249
0.0909091 0.5436496 251
0.0909091 0.5464448 251
0.0909091 0.5492398 251
0.0909091 0.5520350 249
0.0909091 0.5548301 249
0.0909091 0.5576252 249
0.0910154 0.5604203 249
0.0911217 0.5632306 249
0.0912281 0.5660244 249
0.0913344 0.5688015 249
0.0914407 0.5715620 251
0.0915471 0.5743061 251
0.0916534 0.5770335 251
0.0917597 0.5797442 249
0.0918660 0.5824385 249
0.0919724 0.5851161 249
0.0920787 0.5877772 249
0.0921850 0.5904217 249
0.0922913 0.5930496 249
0.0923976 0.5956610 249
0.0925040 0.5982557 251
0.0926103 0.6008340 251
0.0927166 0.6033955 251
0.0928230 0.6059404 249
0.0929293 0.6084688 249
0.0930356 0.6109808 249
0.0931420 0.6134760 249
0.0932483 0.6159548 249
0.0933546 0.6184168 249
0.0934609 0.6208624 249
0.0935672 0.6232914 251
0.0936736 0.6257038 251
0.0937799 0.6280995 251
0.0938862 0.6304788 249
0.0939925 0.6328413 249
0.0940989 0.6351874 249
0.0942052 0.6375169 249
0.0943115 0.6398298 249
0.0944179 0.6421261 249
0.0945242 0.6444059 249
0.0946305 0.6466690 251
0.0947368 0.6489156 251
0.0948432 0.6511455 251
0.0949495 0.6533590 249
0.0950558 0.6555558 249
0.0951621 0.6577361 249
0.0952685 0.6598998 249
0.0953748 0.6620470 249
0.0954811 0.6641774 249
0.0955875 0.6662913 249
0.0956938 0.6683887 251
0.0958001 0.6704695 251
0.0959065 0.6725336 251
0.0960128 0.6745813 249
0.0961191 0.6766123 249
0.0962254 0.6786268 249
0.0963318 0.6806247 249
0.0964381 0.6826059 249
0.0965444 0.6845707 249
0.0966507 0.6865188 249
0.0967571 0.6884504 251
0.0968634 0.6903654 251
0.0969697 0.6922638 251
0.0970760 0.6941456 249
0.0971823 0.6960108 249
0.0972887 0.6978595 249
0.0973950 0.6996916 249
0.0975014 0.7015072 249
0.0976077 0.7033060 249
0.0977140 0.7050883 249
0.0978203 0.7068540 251
0.0979266 0.7086033 251
0.0980330 0.7103358 251
0.0981393 0.7120519 249
0.0982456 0.7137514 249
0.0983520 0.7154341 249
0.0984583 0.7171004 249
0.0985646 0.7187502 249
0.0986709 0.7203832 249
0.0987772 0.7219998 249
0.0988836 0.7235999 251
0.0989899 0.7251831 251
0.0990962 0.7267500 251
0.0992026 0.7283002 249
0.0993089 0.7298338 249
0.0994152 0.7313510 249
0.0995215 0.7328514 249
0.0996279 0.7343354 249
0.0997342 0.7358026 249
0.0998405 0.7372534 249
0.0999468 0.7386876 251
0.1000531 0.7401051 251
0.1001595 0.7415062 251
0.1002658 0.7428905 249
0.1003722 0.7442583 249
0.1004785 0.7456097 249
0.1005848 0.7469442 249
0.1006911 0.7482625 249
0.1007974 0.7495640 249
0.1009038 0.7508488 249
0.1010101 0.7521172 251
0.1011164 0.7533689 251
0.1012228 0.7546042 251
0.1013291 0.7558228 249
0.1014354 0.7570248 249
0.1015417 0.7582104 249
0.1016480 0.7593792 249
0.1017544 0.7605315 249
0.1018607 0.7616673 249
0.1019670 0.7627864 249
0.1020734 0.7638889 251
0.1021797 0.7649750 251
0.1022860 0.7660443 251
0.1023923 0.7670972 249
0.1024987 0.7681333 249
0.1026050 0.7691531 249
0.1027113 0.7701561 249
0.1028176 0.7711427 249
0.1029239 0.7721127 249
0.1030303 0.7730660 249
0.1031366 0.7740026 251
0.1032429 0.7749229 251
0.1033493 0.7758265 251
0.1034556 0.7767136 249
0.1035619 0.7775840 249
0.1036683 0.7784378 249
0.1037746 0.7792751 249
0.1038809 0.7800959 249
0.1039872 0.7809001 249
0.1040936 0.7816876 249
0.1041999 0.7824585 251
0.1043062 0.7832128 251
0.1044126 0.7839506 251
0.1045189 0.7846718 249
0.1046252 0.7853766 249
0.1047315 0.7860646 249
0.1048379 0.7867361 249
0.1049442 0.7873910 249
0.1050505 0.7880293 249
0.1051569 0.7886510 249
0.1052632 0.7892563 251
0.1053695 0.7898448 251
0.1054758 0.7904168 251
0.1055822 0.7909723 249
0.1056885 0.7915111 249
0.1057948 0.7920334 249
0.1059011 0.7925391 249
0.1060074 0.7930282 249
0.1061138 0.7935007 249
0.1062201 0.7939566 249
0.1063264 0.7943960 251
0.1064328 0.7948188 251
0.1065391 0.7952250 251
0.1066454 0.7956147 249
0.1067518 0.7959877 249
0.1068581 0.7963442 249
0.1069644 0.7966841 249
0.1070707 0.7970074 249
0.1071770 0.7973141 249
0.1072834 0.7976041 249
0.1073897 0.7978778 251
0.1074960 0.7981349 251
0.1076023 0.7983752 251
0.1077087 0.7985991 249
0.1078150 0.7988063 249
0.1079213 0.7989970 249
0.1080277 0.7991710 8
0.1081340 0.7993285 8
0.1082403 0.7994694 8
0.1083466 0.7995937 8
0.1084530 0.7997015 8
0.1085593 0.7997928 8
0.1086656 0.7998673 8
0.1087719 0.7999254 8
0.1088783 0.7999669 8
0.1089846 0.7999917 8
0.1090909 0.8000000 8
0.1091972 0.7999918 8
0.1093035 0.7999672 8
0.1094099 0.7999262 8
0.1095162 0.7998690 8
0.1096226 0.7997952 8
0.1097289 0.7997051 8
0.1098352 0.7995985 8
0.1099415 0.7994757 8
0.1100478 0.7993364 8
0.1101542 0.7991806 8
0.1102605 0.7990085 8
0.1103668 0.7988201 8
0.1104732 0.7986153 8
0.1105795 0.7983941 8
0.1106858 0.7981566 8
0.1107921 0.7979025 8
0.1108985 0.7976322 8
0.1110048 0.7973453 8
0.1111111 0.7970423 8
0.1112174 0.7967226 8
0.1113238 0.7963868 8
0.1114301 0.7960344 8
0.1115364 0.7956658 8
0.1116427 0.7952806 8
0.1117491 0.7948791 8
0.1118554 0.7944613 8
0.1119617 0.7940271 8
0.1120680 0.7935764 8
0.1121743 0.7931095 8
0.1122807 0.7926260 8
0.1123870 0.7921262 8
0.1124934 0.7916101 8
0.1125997 0.7910776 8
0.1127060 0.7905285 8
0.1128123 0.7899633 8
0.1129186 0.7893816 8
0.1130250 0.7887835 8
0.1131313 0.7881690 8
0.1132376 0.7875380 8
0.1133440 0.7868908 8
0.1134503 0.7862270 8
0.1135566 0.7855471 8
0.1136629 0.7848507 8
0.1137692 0.7841378 8
0.1138756 0.7834086 8
0.1139819 0.7826629 8
0.1140883 0.7819011 8
0.1141946 0.7811227 8
0.1143009 0.7803279 8
0.1144072 0.7795168 8
0.1145136 0.7786893 8
0.1146199 0.7778454 8
0.1147262 0.7769851 8
0.1148326 0.7761083 8
0.1149389 0.7752153 8
0.1150452 0.7743059 8
0.1151515 0.7733801 8
0.1152578 0.7724379 8
0.1153642 0.7714792 8
0.1154705 0.7705042 8
0.1155768 0.7695128 8
0.1156832 0.7685052 8
0.1157895 0.7674809 8
0.1158958 0.7664405 8
0.1160021 0.7653833 8
0.1161085 0.7643101 8
0.1162148 0.7632204 8
0.1163211 0.7621143 8
0.1164274 0.7609919 8
0.1165338 0.7598529 8
0.1166401 0.7586977 8
0.1167464 0.7575260 8
0.1168527 0.7563381 8
0.1169591 0.7551337 8
0.1170654 0.7539127 8
0.1171717 0.7526756 8
0.1172781 0.7514220 8
0.1173844 0.7501521 8
0.1174907 0.7488657 8
0.1175970 0.7475629 8
0.1177034 0.7462439 8
0.1178097 0.7449084 8
0.1179160 0.7435566 8
0.1180223 0.7421883 8
0.1181286 0.7408035 8
0.1182350 0.7394025 8
0.1183413 0.7379851 8
0.1184476 0.7365513 8
0.1185540 0.7351010 8
0.1186603 0.7336345 8
0.1187666 0.7321514 8
0.1188730 0.7306520 8
0.1189793 0.7291363 8
0.1190856 0.7276042 8
0.1191919 0.7260557 8
0.1192982 0.7244907 8
0.1194046 0.7229094 8
0.1195109 0.7213117 8
0.1196172 0.7196977 8
0.1197235 0.7180672 8
0.1198299 0.7164204 8
0.1199362 0.7147571 8
0.1200425 0.7130776 8
0.1201489 0.7113815 8
0.1202552 0.7096692 8
0.1203615 0.7079403 8
0.1204678 0.7061952 8
0.1205742 0.7044336 8
0.1206805 0.7026556 8
0.1207868 0.7008614 8
0.1208931 0.6990505 8
0.1209995 0.6972235 8
0.1211058 0.6953800 8
0.1212121 0.6935201 8
0.1213184 0.6916439 8
0.1214247 0.6897512 8
0.1215311 0.6878422 8
0.1216374 0.6859168 8
0.1217438 0.6839749 8
0.1218501 0.6820168 8
0.1219564 0.6800422 8
0.1220627 0.6780512 8
0.1221690 0.6760439 8
0.1222754 0.6740202 8
0.1223817 0.6719800 8
0.1224880 0.6699235 8
0.1225944 0.6678506 8
0.1227007 0.6657613 8
0.1228070 0.6636557 8
0.1229134 0.6615335 8
0.1230197 0.6593952 8
0.1231260 0.6572403 8
0.1232323 0.6550691 8
0.1233387 0.6528814 8
0.1234450 0.6506775 8
0.1235513 0.6484571 8
0.1236576 0.6462204 8
0.1237640 0.6439672 8
0.1238703 0.6416977 8
0.1239766 0.6394117 8
0.1240830 0.6371093 8
0.1241893 0.6347907 8
0.1242956 0.6324556 8
0.1244019 0.6301041 8
0.1245082 0.6277363 8
0.1246146 0.6253521 8
0.1247209 0.6229514 8
0.1248272 0.6205345 8
0.1249336 0.6181011 8
0.1250399 0.6156512 8
0.1251462 0.6131850 8
0.1252525 0.6107026 8
0.1253589 0.6082035 8
0.1254652 0.6056882 8
0.1255715 0.6031565 8
0.1256778 0.6006084 8
0.1257842 0.5980439 8
0.1258905 0.5954630 8
0.1259968 0.5928658 8
0.1261031 0.5902521 8
0.1262095 0.5876221 0
0.1263158 0.5849757 0
0.1264221 0.5823128 0
0.1265284 0.5796335 0
0.1266348 0.5769380 0
0.1267411 0.5742260 0
0.1268474 0.5714976 0
0.1269538 0.5687528 0
0.1270601 0.5659918 0
0.1271664 0.5632142 0
0.1272727 0.5604203 0
0.1272727 0.5576252 0
0.1272727 0.5548301 0
0.1272727 0.5520349 0
0.1272727 0.5492398 0
0.1272727 0.5464448 0
0.1272727 0.5436497 0
0.1272727 0.5408545 0
0.1272727 0.5380594 0
0.1272727 0.5352643 0
0.1272727 0.5324692 0
0.1272727 0.5296741 0
0.1272727 0.5268789 0
0.1272727 0.5240838 0
0.1272727 0.5212888 0
0.1272727 0.5184937 0
0.1272727 0.5156985 0
0.1272727 0.5129034 0
0.1272727 0.5101083 0
0.1272727 0.5073132 0
0.1272727 0.5045181 0
0.1272727 0.5017229 0
0.1272727 0.4989278 0
0.1272727 0.4961328 0
0.1272727 0.4933377 0
0.1272727 0.4905425 0
0.1272727 0.4877474 0
0.1272727 0.4849523 0
0.1272727 0.4821572 0
0.1272727 0.4793621 0
0.1272727 0.4765669 0
0.1272727 0.4737718 0
0.1272727 0.4709767 0
0.1272727 0.4681817 0
0.1272727 0.4653865 0
0.1272727 0.4625914 0
0.1272727 0.4597962 0
0.1272727 0.4570011 0
0.1272727 0.4542060 0
0.1272727 0.4514108 0
0.1272727 0.4486157 0
0.1272727 0.4458206 0
0.1272727 0.4430255 0
0.1272727 0.4402304 0
0.1272727 0.4374353 0
0.1272727 0.4346402 0
0.1272727 0.4318451 0
0.1272727 0.4290500 0
0.1272727 0.4262548 0
0.1272727 0.4234597 0
0.1272727 0.4206646 0
0.1272727 0.4178695 0
0.1272727 0.4150744 0
0.1272727 0.4122793 0
0.1272727 0.4094842 0
0.1272727 0.4066891 0
0.1272727 0.4038940 0
0.1272727 0.4010988 0
0.1272727 0.3983037 0
0.1272727 0.3955086 0
0.1272727 0.3927135 0
0.1272727 0.3899184 0
0.1272727 0.3871232 0
0.1272727 0.3843282 0
0.1272727 0.3815331 0
0.1272727 0.3787380 0
0.1272727 0.3759428 0
0.1272727 0.3731477 0
0.1272727 0.3703526 0
0.1272727 0.3675575 0
0.1272727 0.3647624 0
0.1272727 0.3619671 0
0.1272727 0.3591722 0
0.1272727 0.3563771 0
0.1272727 0.3535820 0
0.1272727 0.3507867 0
0.1272727 0.3479916 0
0.1272727 0.3451965 0
0.1272727 0.3424016 0
0.1272727 0.3396063 0
0.1272727 0.3368111 0
0.1272727 0.3340161 0
0.1272727 0.3312210 0
0.1272727 0.3284259 0
0.1272727 0.3256307 0
0.1272727 0.3228356 0
0.1272727 0.3200405 0
0.1272727 0.3172455 0
0.1272727 0.3144503 0
0.1272727 0.3116551 0
0.1272727 0.3088601 0
0.1272727 0.3060650 0
0.1272727 0.3032699 0
0.1272727 0.3004747 0
0.1272727 0.2976796 0
0.1272727 0.2948845 0
0.1272727 0.2920895 0
0.1272727 0.2892943 0
0.1272727 0.2864991 0
0.1272727 0.2837041 0
0.1272727 0.2809090 0
0.1272727 0.2781139 0
0.1272727 0.2753187 0
0.1272727 0.2725236 0
0.1272727 0.2697285 0
0.1272727 0.2669335 0
0.1272727 0.2641383 0
0.1272727 0.2613431 0
0.1272727 0.2585481 0
0.1272727 0.2557530 0
0.1272727 0.2529579 0
0.1272727 0.2501627 0
0.1272727 0.2473676 0
0.1272727 0.2445725 0
0.1272727 0.2417775 0
0.1272727 0.2389823 0
0.1272727 0.2361870 0
0.1272727 0.2333919 0
0.1272727 0.2305970 0
0.1272727 0.2278017 0
0.1272727 0.2250066 0
0.1272727 0.2222115 0
0.1272727 0.2194164 0
0.1272727 0.2166215 0
0.1272727 0.2138262 0
0.1272727 0.2110310 0
0.1272727 0.2082359 0
0.1272727 0.2054409 0
0.1272727 0.2026457 0
0.1272727 0.1998507 0
0.1272727 0.1970555 0
0.1272727 0.1942604 0
0.1272727 0.1914653 0
0.1272727 0.1886702 0
0.1272727 0.1858751 0
0.1272727 0.1830799 0
0.1272727 0.1802849 0
0.1272727 0.1774896 0
0.1272727 0.1746947 0
0.1272727 0.1718995 0
0.1272727 0.1691044 0
0.1272727 0.1663092 0
0.1272727 0.1635141 0
0.1272727 0.1607190 0
0.1272727 0.1579239 0
0.1272727 0.1551288 0
0.1272727 0.1523336 0
0.1272727 0.1495385 0
0.1272727 0.1467435 0
0.1272727 0.1439484 0
0.1272727 0.1411532 0
0.1272727 0.1383581 0
0.1272727 0.1355630 0
0.1272727 0.1327679 0
0.1272727 0.1299728 0
0.1272727 0.1271776 0
0.1272727 0.1243826 0
0.1272727 0.1215875 0
0.1272727 0.1187924 0
0.1272727 0.1159972 0
0.1272727 0.1132021 0
0.1272727 0.1104070 241
0.1272727 0.1076118 241
0.1272727 0.1048168 241
0.1272727 0.1020216 241
0.1272727 0.0992266 243
0.1272727 0.0964314 243
0.1272727 0.0936363 243
0.1272727 0.0908412 241
0.1272727 0.0880461 241
0.1272727 0.0852510 241
0.1272727 0.0824558 241
0.1272727 0.0796608 241
0.1272727 0.0768656 241
0.1272727 0.0740706 241
0.1272727 0.0712754 243
0.1272727 0.0684803 243
0.1272727 0.0656852 243
0.1272727 0.0628901 241
0.1272727 0.0600950 241
0.1272727 0.0572998 241
0.1272727 0.0545048 241
0.1272727 0.0517095 241
0.1272727 0.0489146 241
0.1272727 0.0461194 241
0.1272727 0.0433243 243
0.1272727 0.0405291 243
0.1272727 0.0377340 243
0.1272727 0.0349389 241
0.1272727 0.0321438 241
0.1272727 0.0293487 241
0.1272727 0.0265535 241
0.1272727 0.0237585 241
0.1272727 0.0209634 241
0.1272727 0.0181683 241
0.1272727 0.0153731 243
0.1272727 0.0125780 243
0.1272727 0.0097829 243
0.1272727 0.0069878 241
0.1272727 0.0041927 241
0.1272727 0.0013975 241
0.1272727 -0.0013976 241
0.1272727 -0.0041927 241
0.1272727 -0.0069878 241
0.1272727 -0.0097829 241
0.1272727 -0.0125780 243
0.1272727 -0.0153731 243
0.1272727 -0.0181683 243
0.1272727 -0.0209633 241
0.1272727 -0.0237585 241
0.1272727 -0.0265536 241
0.1272727 -0.0293487 241
0.1272727 -0.0321438 241
0.1272727 -0.0349389 241
0.1272727 -0.0377340 241
0.1272727 -0.0405291 243
0.1272727 -0.0433243 243
0.1272727 -0.0461193 243
0.1272727 -0.0489146 241
0.1272727 -0.0517096 241
0.1272727 -0.0545048 241
0.1272727 -0.0572998 241
0.1272727 -0.0600950 241
0.1272727 -0.0628901 241
0.1272727 -0.0656852 241
0.1272727 -0.0684803 243
0.1272727 -0.0712754 243
0.1272727 -0.0740706 243
0.1272727 -0.0768656 241
0.1272727 -0.0796608 241
0.1272727 -0.0824559 241
0.1272727 -0.0852510 241
0.1272727 -0.0880461 241
0.1272727 -0.0908412 241
0.1272727 -0.0936363 241
0.1272727 -0.0964314 243
0.1272727 -0.0992266 243
0.1272727 -0.1020216 243
0.1272727 -0.1048168 241
0.1272727 -0.1076119 241
0.1272727 -0.1104070 241
0.1272727 -0.1132021 241
0.1272727 -0.1159972 241
0.1272727 -0.1187924 241
0.1272727 -0.1215874 241
0.1272727 -0.1243826 243
0.1272727 -0.1271777 243
0.1272727 -0.1299728 243
0.1272727 -0.1327679 241
0.1272727 -0.1355630 241
0.1272727 -0.1383581 241
0.1272727 -0.1411532 241
0.1272727 -0.1439484 241
0.1272727 -0.1467434 241
0.1272727 -0.1495386 241
0.1272727 -0.1523337 243
0.1272727 -0.1551288 243
0.1272727 -0.1579239 243
0.1272727 -0.1607190 241
0.1272727 -0.1635141 241
0.1272727 -0.1663092 241
0.1272727 -0.1691044 241
0.1272727 -0.1718994 241
0.1272727 -0.1746947 241
0.1272727 -0.1774897 241
0.1272727 -0.1802849 243
0.1272727 -0.1830800 243
0.1272727 -0.1858751 243
0.1272727 -0.1886702 241
0.1272727 -0.1914653 241
0.1272727 -0.1942604 241
0.1272727 -0.1970555 241
0.1272727 -0.1998507 241
0.1272727 -0.2026457 241
0.1272727 -0.2054409 241
0.1272727 -0.2082360 243
0.1272727 -0.2110311 243
0.1272727 -0.2138262 243
0.1272727 -0.2166213 241
0.1272727 -0.2194164 241
0.1272727 -0.2222115 241
0.1272727 -0.2250067 241
0.1272727 -0.2278017 241
0.1272727 -0.2305969 241
0.1272727 -0.2333920 241
0.1272727 -0.2361872 243
0.1272727 -0.2389823 243
0.1272727 -0.2417773 243
0.1272727 -0.2445725 241
0.1272727 -0.2473676 241
0.1272727 -0.2501627 241
0.1272727 -0.2529578 241
0.1272727 -0.2557529 241
0.1272727 -0.2585481 241
0.1272727 -0.2613432 241
0.1272727 -0.2641382 243
0.1272727 -0.2669333 243
0.1272727 -0.2697285 243
0.1272727 -0.2725236 241
0.1272727 -0.2753187 241
0.1272727 -0.2781138 241
0.1272727 -0.2809089 241
0.1272727 -0.2837041 241
0.1272727 -0.2864991 241
0.1272727 -0.2892942 241
0.1272727 -0.2920893 243
0.1272727 -0.2948845 243
0.1272727 -0.2976796 243
0.1272727 -0.3004747 241
0.1272727 -0.3032699 241
0.1272727 -0.3060650 241
0.1272727 -0.3088601 241
0.1272727 -0.3116551 241
0.1272727 -0.3144503 241
0.1272727 -0.3172454 241
0.1272727 -0.3200405 243
0.1272727 -0.3228357 243
0.1272727 -0.3256308 243
0.1272727 -0.3284259 241
0.1272727 -0.3312210 241
0.1272727 -0.3340161 241
0.1272727 -0.3368112 241
0.1272727 -0.3396064 241
0.1272727 -0.3424014 241
0.1272727 -0.3451965 241
0.1272727 -0.3479917 243
0.1272727 -0.3507868 243
0.1272727 -0.3535819 243
0.1272727 -0.3563770 241
0.1272727 -0.3591722 241
0.1272727 -0.3619672 241
0.1272727 -0.3647624 241
0.1272727 -0.3675574 241
0.1272727 -0.3703526 241
0.1272727 -0.3731477 241
0.1272727 -0.3759428 243
0.1272727 -0.3787379 243
0.1272727 -0.3815331 243
0.1272727 -0.3843282 241
0.1272727 -0.3871232 241
0.1272727 -0.3899184 241
0.1272727 -0.3927135 241
0.1272727 -0.3955086 241
0.1272727 -0.3983037 241
0.1272727 -0.4010988 241
0.1272727 -0.4038939 243
0.1272727 -0.4066891 243
0.1272727 -0.4094842 243
0.1272727 -0.4122792 241
0.1272727 -0.4150744 241
0.1272727 -0.4178695 241
0.1272727 -0.4206646 241
0.1272727 -0.4234597 241
0.1272727 -0.4262548 241
0.1272727 -0.4290500 241
0.1272727 -0.4318451 243
0.1272727 -0.4346402 243
0.1272727 -0.4374352 243
0.1272727 -0.4402305 241
0.1272727 -0.4430255 241
0.1272727 -0.4458207 241
0.1272727 -0.4486158 241
0.1272727 -0.4514109 241
0.1272727 -0.4542060 241
0.1272727 -0.4570011 241
0.1272727 -0.4597962 243
0.1272727 -0.4625913 243
0.1272727 -0.4653865 243
0.1272727 -0.4681815 241
0.1272727 -0.4709767 241
0.1272727 -0.4737718 241
0.1272727 -0.4765669 241
0.1272727 -0.4793620 241
0.1272727 -0.4821571 241
0.1272727 -0.4849523 241
0.1272727 -0.4877473 243
0.1272727 -0.4905425 243
0.1272727 -0.4933375 243
0.1272727 -0.4961328 241
0.1272727 -0.4989278 241
0.1272727 -0.5017229 241
0.1272727 -0.5045180 241
0.1272727 -0.5073131 241
0.1272727 -0.5101083 241
0.1272727 -0.5129035 241
0.1272727 -0.5156986 243
0.1272727 -0.5184935 243
0.1272727 -0.5212888 243
0.1272727 -0.5240839 241
0.1272727 -0.5268791 241
0.1272727 -0.5296741 241
0.1272727 -0.5324692 241
0.1272727 -0.5352643 241
0.1272727 -0.5380595 241
0.1272727 -0.5408546 241
0.1272727 -0.5436496 243
0.1272727 -0.5464448 243
0.1272727 -0.5492399 243
0.1272727 -0.5520350 241
0.1272727 -0.5548301 241
0.1272727 -0.5576252 241
0.1273790 -0.5604203 241
0.1274854 -0.5632306 241
0.1275917 -0.5660244 241
0.1276980 -0.5688015 241
0.1278044 -0.5715620 243
0.1279107 -0.5743060 243
0.1280170 -0.5770334 243
0.1281233 -0.5797442 241
0.1282297 -0.5824384 241
0.1283360 -0.5851161 241
0.1284423 -0.5877772 241
0.1285486 -0.5904217 241
0.1286550 -0.5930496 241
0.1287613 -0.5956609 241
0.1288676 -0.5982557 243
0.1289739 -0.6008338 243
0.1290803 -0.6033955 243
0.1291866 -0.6059405 241
0.1292929 -0.6084689 241
0.1293993 -0.6109807 241
0.1295056 -0.6134760 241
0.1296119 -0.6159548 241
0.1297182 -0.6184168 241
0.1298246 -0.6208624 241
0.1299309 -0.6232914 243
0.1300372 -0.6257037 243
0.1301435 -0.6280995 243
0.1302498 -0.6304787 241
0.1303562 -0.6328413 241
0.1304625 -0.6351874 241
0.1305688 -0.6375169 241
0.1306752 -0.6398298 241
0.1307815 -0.6421261 241
0.1308878 -0.6444058 241
0.1309942 -0.6466690 243
0.1311005 -0.6489156 243
0.1312068 -0.6511456 243
0.1313131 -0.6533591 241
0.1314194 -0.6555558 241
0.1315258 -0.6577361 241
0.1316321 -0.6598998 241
0.1317384 -0.6620469 241
0.1318447 -0.6641774 241
0.1319511 -0.6662914 241
0.1320574 -0.6683887 243
0.1321638 -0.6704695 243
0.1322701 -0.6725336 243
0.1323764 -0.6745813 241
0.1324828 -0.6766123 241
0.1325891 -0.6786268 241
0.1326954 -0.6806247 241
0.1328017 -0.6826059 241
0.1329080 -0.6845707 241
0.1330144 -0.6865188 241
0.1331207 -0.6884503 243
0.1332270 -0.6903654 243
0.1333333 -0.6922638 243
0.1334397 -0.6941456 241
0.1335460 -0.6960108 241
0.1336523 -0.6978595 241
0.1337586 -0.6996916 241
0.1338650 -0.7015071 241
0.1339713 -0.7033060 241
0.1340776 -0.7050883 241
0.1341840 -0.7068540 243
0.1342903 -0.7086033 243
0.1343966 -0.7103359 243
0.1345029 -0.7120519 241
0.1346093 -0.7137513 241
0.1347156 -0.7154342 241
0.1348219 -0.7171004 241
0.1349282 -0.7187502 241
0.1350346 -0.7203833 241
0.1351409 -0.7219998 241
0.1352472 -0.7235998 243
0.1353536 -0.7251832 243
0.1354599 -0.7267500 243
0.1355662 -0.7283002 241
0.1356725 -0.7298338 241
0.1357788 -0.7313509 241
0.1358852 -0.7328514 241
0.1359915 -0.7343353 241
0.1360978 -0.7358026 241
0.1362042 -0.7372534 241
0.1363105 -0.7386875 243
0.1364168 -0.7401051 243
0.1365231 -0.7415061 243
0.1366294 -0.7428905 241
0.1367358 -0.7442583 241
0.1368421 -0.7456096 241
0.1369484 -0.7469443 241
0.1370548 -0.7482624 241
0.1371611 -0.7495639 241
0.1372674 -0.7508489 241
0.1373737 -0.7521173 243
0.1374801 -0.7533690 243
0.1375864 -0.7546042 243
0.1376927 -0.7558228 241
0.1377990 -0.7570249 241
0.1379054 -0.7582104 241
0.1380117 -0.7593792 241
0.1381180 -0.7605315 241
0.1382243 -0.7616673 241
0.1383307 -0.7627864 241
0.1384370 -0.7638890 243
0.1385433 -0.7649750 243
0.1386496 -0.7660443 243
0.1387560 -0.7670972 241
0.1388623 -0.7681334 241
0.1389686 -0.7691531 241
0.1390750 -0.7701561 241
0.1391813 -0.7711427 241
0.1392876 -0.7721126 241
0.1393939 -0.7730660 241
0.1395002 -0.7740027 243
0.1396066 -0.7749229 243
0.1397129 -0.7758265 243
0.1398192 -0.7767136 241
0.1399256 -0.7775840 241
0.1400319 -0.7784378 241
0.1401382 -0.7792751 241
0.1402445 -0.7800958 241
0.1403509 -0.7808999 241
0.1404572 -0.7816875 241
0.1405635 -0.7824585 243
0.1406698 -0.7832128 243
0.1407762 -0.7839506 243
0.1408825 -0.7846719 241
0.1409888 -0.7853765 241
0.1410952 -0.7860646 241
0.1412015 -0.7867361 241
0.1413078 -0.7873910 241
0.1414142 -0.7880293 241
0.1415205 -0.7886510 241
0.1416268 -0.7892563 243
0.1417331 -0.7898448 243
0.1418395 -0.7904168 243
0.1419458 -0.7909722 241
0.1420521 -0.7915111 241
0.1421584 -0.7920334 241
0.1422648 -0.7925391 241
0.1423711 -0.7930282 241
0.1424774 -0.7935007 241
0.1425837 -0.7939566 241
0.1426901 -0.7943960 243
0.1427964 -0.7948188 243
0.1429027 -0.7952250 243
0.1430091 -0.7956147 241
0.1431154 -0.7959877 241
0.1432217 -0.7963442 241
0.1433280 -0.7966840 241
0.1434344 -0.7970073 241
0.1435407 -0.7973141 241
0.1436470 -0.7976043 241
0.1437533 -0.7978778 243
0.1438596 -0.7981347 243
0.1439660 -0.7983752 243
0.1440723 -0.7985990 241
0.1441786 -0.7988063 241
0.1442850 -0.7989969 241
0.1443913 -0.7991710 0
0.1444976 -0.7993285 0
0.1446040 -0.7994694 0
0.1447103 -0.7995938 0
0.1448166 -0.7997016 0
0.1449229 -0.7997928 0
0.1450292 -0.7998673 0
0.1451356 -0.7999254 0
0.1452419 -0.7999669 0
0.1453482 -0.7999917 0
0.1454545 -0.8000000 0
0.1455609 -0.7999918 0
0.1456672 -0.7999672 0
0.1457735 -0.7999262 0
0.1458798 -0.7998689 0
0.1459862 -0.7997952 0
0.1460925 -0.7997051 0
0.1461988 -0.7995986 0
0.1463052 -0.7994757 0
0.1464115 -0.7993364 0
0.1465178 -0.7991807 0
0.1466241 -0.7990086 0
0.1467305 -0.7988202 0
0.1468368 -0.7986153 0
0.1469431 -0.7983941 0
0.1470494 -0.7981565 0
0.1471558 -0.7979025 0
0.1472621 -0.7976322 0
0.1473684 -0.7973454 0
0.1474748 -0.7970423 0
0.1475811 -0.7967227 0
0.1476874 -0.7963868 0
0.1477937 -0.7960345 0
0.1479000 -0.7956657 0
0.1480064 -0.7952806 0
0.1481127 -0.7948792 0
0.1482190 -0.7944614 0
0.1483254 -0.7940271 0
0.1484317 -0.7935765 0
0.1485380 -0.7931095 0
0.1486443 -0.7926261 0
0.1487506 -0.7921263 0
0.1488570 -0.7916101 0
0.1489633 -0.7910776 0
0.1490696 -0.7905285 0
0.1491760 -0.7899632 0
0.1492823 -0.7893815 0
0.1493886 -0.7887834 0
0.1494949 -0.7881689 0
0.1496013 -0.7875380 0
0.1497076 -0.7868907 0
0.1498139 -0.7862271 0
0.1499202 -0.7855470 0
0.1500266 -0.7848506 0
0.1501329 -0.7841378 0
0.1502392 -0.7834086 0
0.1503456 -0.7826630 0
0.1504519 -0.7819011 0
0.1505582 -0.7811227 0
0.1506646 -0.7803279 0
0.1507709 -0.7795168 0
0.1508772 -0.7786893 0
0.1509835 -0.7778454 0
0.1510899 -0.7769851 0
0.1511962 -0.7761084 0
0.1513025 -0.7752153 0
0.1514088 -0.7743059 0
0.1515152 -0.7733800 0
0.1516215 -0.7724378 0
0.1517278 -0.7714792 0
0.1518341 -0.7705042 0
0.1519405 -0.7695128 0
0.1520468 -0.7685050 0
0.1521531 -0.7674809 0
0.1522594 -0.7664403 0
0.1523658 -0.7653834 0
0.1524721 -0.7643101 0
0.1525784 -0.7632204 0
0.1526848 -0.7621143 0
0.1527911 -0.7609918 0
0.1528974 -0.7598529 0
0.1530037 -0.7586977 0
0.1531100 -0.7575261 0
0.1532164 -0.7563381 0
0.1533227 -0.7551336 0
0.1534290 -0.7539128 0
0.1535354 -0.7526757 0
0.1536417 -0.7514220 0
0.1537480 -0.7501521 0
0.1538543 -0.7488658 0
0.1539607 -0.7475631 0
0.1540670 -0.7462439 0
0.1541733 -0.7449084 0
0.1542796 -0.7435565 0
0.1543860 -0.7421883 0
0.1544923 -0.7408035 0
0.1545986 -0.7394025 0
0.1547049 -0.7379851 0
0.1548113 -0.7365512 0
0.1549176 -0.7351010 0
0.1550239 -0.7336345 0
0.1551303 -0.7321514 0
0.1552366 -0.7306521 0
0.1553429 -0.7291363 0
0.1554492 -0.7276042 0
0.1555556 -0.7260556 0
0.1556619 -0.7244908 0
0.1557682 -0.7229094 0
0.1558745 -0.7213117 0
0.1559808 -0.7196977 0
0.1560872 -0.7180672 0
0.1561935 -0.7164204 0
0.1562998 -0.7147571 0
0.1564062 -0.7130775 0
0.1565125 -0.7113815 0
0.1566188 -0.7096691 0
0.1567252 -0.7079403 0
0.1568315 -0.7061952 0
0.1569378 -0.7044336 0
0.1570441 -0.7026557 0
0.1571504 -0.7008614 0
0.1572568 -0.6990506 0
0.1573631 -0.6972235 0
0.1574694 -0.6953800 0
0.1575757 -0.6935202 0
0.1576821 -0.6916439 0
0.1577884 -0.6897513 0
0.1578947 -0.6878422 0
0.1580011 -0.6859168 0
0.1581074 -0.6839749 0
0.1582137 -0.6820168 0
0.1583200 -0.6800422 0
0.1584264 -0.6780512 0
0.1585327 -0.6760439 0
0.1586390 -0.6740202 0
0.1587453 -0.6719800 0
0.1588517 -0.6699235 0
0.1589580 -0.6678506 0
0.1590643 -0.6657613 0
0.1591707 -0.6636556 0
0.1592770 -0.6615335 0
0.1593833 -0.6593951 0
0.1594896 -0.6572403 0
0.1595960 -0.6550691 0
0.1597023 -0.6528815 0
0.1598087 -0.6506775 0
0.1599150 -0.6484571 0
0.1600213 -0.6462203 0
0.1601276 -0.6439672 0
0.1602339 -0.6416976 0
0.1603403 -0.6394117 0
0.1604466 -0.6371094 0
0.1605529 -0.6347907 0
0.1606592 -0.6324556 0
0.1607656 -0.6301042 0
0.1608719 -0.6277363 0
0.1609782 -0.6253520 0
0.1610845 -0.6229514 0
0.1611909 -0.6205344 0
0.1612972 -0.6181010 0
0.1614035 -0.6156512 0
0.1615098 -0.6131850 0
0.1616162 -0.6107025 0
0.1617225 -0.6082035 0
0.1618288 -0.6056882 0
0.1619352 -0.6031564 0
0.1620415 -0.6006083 0
0.1621478 -0.5980439 0
0.1622541 -0.5954630 0
0.1623604 -0.5928657 0
0.1624668 -0.5902520 0
0.1625731 -0.5876220 8
0.1626794 -0.5849756 8
0.1627858 -0.5823128 8
0.1628921 -0.5796336 8
0.1629984 -0.5769380 8
0.1631047 -0.5742260 8
0.1632111 -0.5714976 8
0.1633174 -0.5687529 8
0.1634237 -0.5659918 8
0.1635300 -0.5632142 8
0.1636364 -0.5604203 8
0.1636364 -0.5576252 8
0.1636364 -0.5548301 8
0.1636364 -0.5520350 8
0.1636364 -0.5492399 8
0.1636364 -0.5464448 8
0.1636364 -0.5436497 8
0.1636364 -0.5408546 8
0.1636364 -0.5380595 8
0.1636364 -0.5352643 8
0.1636364 -0.5324692 8
0.1636364 -0.5296741 8
0.1636364 -0.5268790 8
0.1636364 -0.5240839 8
0.1636364 -0.5212888 8
0.1636364 -0.5184937 8
0.1636364 -0.5156986 8
0.1636364 -0.5129035 8
0.1636364 -0.5101083 8
0.1636364 -0.5073131 8
0.1636364 -0.5045180 8
0.1636364 -0.5017229 8
0.1636364 -0.4989278 8
0.1636364 -0.4961328 8
0.1636364 -0.4933376 8
0.1636364 -0.4905425 8
0.1636364 -0.4877473 8
0.1636364 -0.4849523 8
0.1636364 -0.4821571 8
0.1636364 -0.4793620 8
0.1636364 -0.4765669 8
0.1636364 -0.4737718 8
0.1636364 -0.4709767 8
0.1636364 -0.4681816 8
0.1636364 -0.4653865 8
0.1636364 -0.4625913 8
0.1636364 -0.4597962 8
0.1636364 -0.4570011 8
0.1636364 -0.4542060 8
0.1636364 -0.4514109 8
0.1636364 -0.4486158 8
0.1636364 -0.4458207 8
0.1636364 -0.4430255 8
0.1636364 -0.4402305 8
0.1636364 -0.4374353 8
0.1636364 -0.4346402 8
0.1636364 -0.4318451 8
0.1636364 -0.4290500 8
0.1636364 -0.4262548 8
0.1636364 -0.4234597 8
0.1636364 -0.4206646 8
0.1636364 -0.4178695 8
0.1636364 -0.4150744 8
0.1636364 -0.4122793 8
0.1636364 -0.4094842 8
0.1636364 -0.4066891 8
0.1636364 -0.4038939 8
0.1636364 -0.4010988 8
0.1636364 -0.3983037 8
0.1636364 -0.3955086 8
0.1636364 -0.3927135 8
0.1636364 -0.3899184 8
0.1636364 -0.3871232 8
0.1636364 -0.3843282 8
0.1636364 -0.3815331 8
0.1636364 -0.3787379 8
0.1636364 -0.3759428 8
0.1636364 -0.3731477 8
0.1636364 -0.3703526 8
0.1636364 -0.3675574 8
0.1636364 -0.3647624 8
0.1636364 -0.3619672 8
0.1636364 -0.3591722 8
0.1636364 -0.3563770 8
0.1636364 -0.3535819 8
0.1636364 -0.3507868 8
0.1636364 -0.3479917 8
0.1636364 -0.3451965 8
0.1636364 -0.3424015 8
0.1636364 -0.3396064 8
0.1636364 -0.3368112 8
0.1636364 -0.3340161 8
0.1636364 -0.3312210 8
0.1636364 -0.3284259 8
0.1636364 -0.3256308 8
0.1636364 -0.3228357 8
0.1636364 -0.3200405 8
0.1636364 -0.3172455 8
0.1636364 -0.3144503 8
0.1636364 -0.3116551 8
0.1636364 -0.3088601 8
0.1636364 -0.3060650 8
0.1636364 -0.3032699 8
0.1636364 -0.3004747 8
0.1636364 -0.2976796 8
0.1636364 -0.2948845 8
0.1636364 -0.2920894 8
0.1636364 -0.2892942 8
0.1636364 -0.2864991 8
0.1636364 -0.2837041 8
0.1636364 -0.2809089 8
0.1636364 -0.2781138 8
0.1636364 -0.2753187 8
0.1636364 -0.2725236 8
0.1636364 -0.2697285 8
0.1636364 -0.2669334 8
0.1636364 -0.2641382 8
0.1636364 -0.2613431 8
0.1636364 -0.2585481 8
0.1636364 -0.2557529 8
0.1636364 -0.2529578 8
0.1636364 -0.2501627 8
0.1636364 -0.2473676 8
0.1636364 -0.2445725 8
0.1636364 -0.2417774 8
0.1636364 -0.2389823 8
0.1636364 -0.2361871 8
0.1636364 -0.2333920 8
0.1636364 -0.2305969 8
0.1636364 -0.2278017 8
0.1636364 -0.2250066 8
0.1636364 -0.2222115 8
0.1636364 -0.2194164 8
0.1636364 -0.2166213 8
0.1636364 -0.2138262 8
0.1636364 -0.2110311 8
0.1636364 -0.2082360 8
0.1636364 -0.2054409 8
0.1636364 -0.2026457 8
0.1636364 -0.1998506 8
0.1636364 -0.1970555 8
0.1636364 -0.1942604 8
0.1636364 -0.1914653 8
0.1636364 -0.1886702 8
0.1636364 -0.1858751 8
0.1636364 -0.1830800 8
0.1636364 -0.1802849 8
0.1636364 -0.1774897 8
0.1636364 -0.1746946 8
0.1636364 -0.1718995 8
0.1636364 -0.1691044 8
0.1636364 -0.1663093 8
0.1636364 -0.1635141 8
0.1636364 -0.1607190 8
0.1636364 -0.1579239 8
0.1636364 -0.1551288 8
0.1636364 -0.1523337 8
0.1636364 -0.1495385 8
0.1636364 -0.1467435 8
0.1636364 -0.1439484 8
0.1636364 -0.1411532 8
0.1636364 -0.1383581 8
0.1636364 -0.1355630 8
0.1636364 -0.1327679 8
0.1636364 -0.1299728 8
0.1636364 -0.1271777 8
0.1636364 -0.1243826 8
0.1636364 -0.1215875 8
0.1636364 -0.1187924 8
0.1636364 -0.1159972 8
0.1636364 -0.1132021 8
0.1636364 -0.1104070 249
0.1636364 -0.1076119 249
0.1636364 -0.1048168 249
0.1636364 -0.1020216 249
0.1636364 -0.0992266 251
0.1636364 -0.0964314 251
0.1636364 -0.0936363 251
0.1636364 -0.0908412 249
0.1636364 -0.0880461 249
0.1636364 -0.0852510 249
0.1636364 -0.0824559 249
0.1636364 -0.0796608 249
0.1636364 -0.0768656 249
0.1636364 -0.0740706 249
0.1636364 -0.0712754 251
0.1636364 -0.0684803 251
0.1636364 -0.0656852 251
0.1636364 -0.0628901 249
0.1636364 -0.0600950 249
0.1636364 -0.0572998 249
0.1636364 -0.0545048 249
0.1636364 -0.0517096 249
0.1636364 -0.0489146 249
0.1636364 -0.0461194 249
0.1636364 -0.0433243 251
0.1636364 -0.0405291 251
0.1636364 -0.0377340 251
0.1636364 -0.0349389 249
0.1636364 -0.0321438 249
0.1636364 -0.0293487 249
0.1636364 -0.0265536 249
0.1636364 -0.0237585 249
0.1636364 -0.0209634 249
0.1636364 -0.0181683 249
0.1636364 -0.0153731 251
0.1636364 -0.0125780 251
0.1636364 -0.0097829 251
0.1636364 -0.0069878 249
0.1636364 -0.0041927 249
0.1636364 -0.0013976 249
0.1636364 0.0013975 249
0.1636364 0.0041927 249
0.1636364 0.0069878 249
0.1636364 0.0097830 249
0.1636364 0.0125780 251
0.1636364 0.0153731 251
0.1636364 0.0181683 251
0.1636364 0.0209633 249
0.1636364 0.0237585 249
0.1636364 0.0265535 249
0.1636364 0.0293487 249
0.1636364 0.0321438 249
0.1636364 0.0349390 249
0.1636364 0.0377340 249
0.1636364 0.0405291 251
0.1636364 0.0433243 251
0.1636364 0.0461193 251
0.1636364 0.0489146 249
0.1636364 0.0517095 249
0.1636364 0.0545048 249
0.1636364 0.0572998 249
0.1636364 0.0600950 249
0.1636364 0.0628901 249
0.1636364 0.0656851 249
0.1636364 0.0684803 251
0.1636364 0.0712754 251
0.1636364 0.0740706 251
0.1636364 0.0768656 249
0.1636364 0.0796608 249
0.1636364 0.0824558 249
0.1636364 0.0852510 249
0.1636364 0.0880461 249
0.1636364 0.0908411 249
0.1636364 0.0936363 249
0.1636364 0.0964314 251
0.1636364 0.0992266 251
0.1636364 0.1020216 251
0.1636364 0.1048168 249
0.1636364 0.1076118 249
0.1636364 0.1104071 249
0.1636364 0.1132021 249
0.1636364 0.1159972 249
0.1636364 0.1187924 249
0.1636364 0.1215874 249
0.1636364 0.1243826 251
0.1636364 0.1271776 251
0.1636364 0.1299728 251
0.1636364 0.1327679 249
0.1636364 0.1355631 249
0.1636364 0.1383581 249
0.1636364 0.1411532 249
0.1636364 0.1439484 249
0.1636364 0.1467434 249
0.1636364 0.1495386 249
0.1636364 0.1523336 251
0.1636364 0.1551288 251
0.1636364 0.1579239 251
0.1636364 0.1607191 249
0.1636364 0.1635141 249
0.1636364 0.1663092 249
0.1636364 0.1691044 249
0.1636364 0.1718995 249
0.1636364 0.1746947 249
0.1636364 0.1774896 249
0.1636364 0.1802849 251
0.1636364 0.1830799 251
0.1636364 0.1858751 251
0.1636364 0.1886702 249
0.1636364 0.1914653 249
0.1636364 0.1942604 249
0.1636364 0.1970555 249
0.1636364 0.1998507 249
0.1636364 0.2026457 249
0.1636364 0.2054409 249
0.1636364 0.2082359 251
0.1636364 0.2110311 251
0.1636364 0.2138262 251
0.1636364 0.2166213 249
0.1636364 0.2194164 249
0.1636364 0.2222115 249
0.1636364 0.2250066 249
0.1636364 0.2278017 249
0.1636364 0.2305970 249
0.1636364 0.2333919 249
0.1636364 0.2361872 251
0.1636364 0.2389823 251
0.1636364 0.2417774 251
0.1636364 0.2445725 249
0.1636364 0.2473676 249
0.1636364 0.2501627 249
0.1636364 0.2529579 249
0.1636364 0.2557530 249
0.1636364 0.2585481 249
0.1636364 0.2613432 249
0.1636364 0.2641383 251
0.1636364 0.2669334 251
0.1636364 0.2697285 251
0.1636364 0.2725236 249
0.1636364 0.2753187 249
0.1636364 0.2781139 249
0.1636364 0.2809090 249
0.1636364 0.2837041 249
0.1636364 0.2864991 249
0.1636364 0.2892943 249
0.1636364 0.2920894 251
0.1636364 0.2948845 251
0.1636364 0.2976796 251
0.1636364 0.3004747 249
0.1636364 0.3032699 249
0.1636364 0.3060650 249
0.1636364 0.3088601 249
0.1636364 0.3116551 249
0.1636364 0.3144503 249
0.1636364 0.3172454 249
0.1636364 0.3200405 251
0.1636364 0.3228356 251
0.1636364 0.3256307 251
0.1636364 0.3284259 249
0.1636364 0.3312210 249
0.1636364 0.3340161 249
0.1636364 0.3368111 249
0.1636364 0.3396063 249
0.1636364 0.3424014 249
0.1636364 0.3451965 249
0.1636364 0.3479916 251
0.1636364 0.3507867 251
0.1636364 0.3535820 251
0.1636364 0.3563771 249
0.1636364 0.3591722 249
0.1636364 0.3619671 249
0.1636364 0.3647624 249
0.1636364 0.3675575 249
0.1636364 0.3703526 249
0.1636364 0.3731477 249
0.1636364 0.3759428 251
0.1636364 0.3787380 251
0.1636364 0.3815331 251
0.1636364 0.3843282 249
0.1636364 0.3871232 249
0.1636364 0.3899184 249
0.1636364 0.3927135 249
0.1636364 0.3955086 249
0.1636364 0.3983037 249
0.1636364 0.4010988 249
0.1636364 0.4038940 251
0.1636364 0.4066891 251
0.1636364 0.4094842 251
0.1636364 0.4122792 249
0.1636364 0.4150744 249
0.1636364 0.4178695 249
0.1636364 0.4206646 249
0.1636364 0.4234597 249
0.1636364 0.4262548 249
0.1636364 0.4290500 249
0.1636364 0.4318451 251
0.1636364 0.4346402 251
0.1636364 0.4374352 251
0.1636364 0.4402304 249
0.1636364 0.4430255 249
0.1636364 0.4458207 249
0.1636364 0.4486157 249
0.1636364 0.4514108 249
0.1636364 0.4542060 249
0.1636364 0.4570011 249
0.1636364 0.4597962 251
0.1636364 0.4625912 251
0.1636364 0.4653865 251
0.1636364 0.4681816 249
0.1636364 0.4709768 249
0.1636364 0.4737718 249
0.1636364 0.4765669 249
0.1636364 0.4793621 249
0.1636364 0.4821572 249
0.1636364 0.4849523 249
0.1636364 0.4877473 251
0.1636364 0.4905425 251
0.1636364 0.4933376 251
0.1636364 0.4961328 249
0.1636364 0.4989278 249
0.1636364 0.5017229 249
0.1636364 0.5045181 249
0.1636364 0.5073132 249
0.1636364 0.5101083 249
0.1636364 0.5129034 249
0.1636364 0.5156985 251
0.1636364 0.5184936 251
0.1636364 0.5212888 251
0.1636364 0.5240838 249
0.1636364 0.5268790 249
0.1636364 0.5296741 249
0.1636364 0.5324692 249
0.1636364 0.5352643 249
0.1636364 0.5380594 249
0.1636364 0.5408545 249
0.1636364 0.5436496 251
0.1636364 0.5464448 251
0.1636364 0.5492398 251
0.1636364 0.5520350 249
0.1636364 0.5548301 249
0.1636364 0.5576252 249
0.1637427 0.5604203 249
0.1638490 0.5632306 249
0.1639554 0.5660244 249
0.1640617 0.5688015 249
0.1641680 0.5715620 251
0.1642743 0.5743061 251
0.1643807 0.5770335 251
0.1644870 0.5797442 249
0.1645933 0.5824385 249
0.1646996 0.5851161 249
0.1648060 0.5877772 249
0.1649123 0.5904217 249
0.1650186 0.5930496 249
0.1651249 0.5956610 249
0.1652312 0.5982557 251
0.1653376 0.6008340 251
0.1654439 0.6033955 251
0.1655502 0.6059404 249
0.1656566 0.6084688 249
0.1657629 0.6109808 249
0.1658692 0.6134760 249
0.1659756 0.6159548 249
0.1660819 0.6184168 249
0.1661882 0.6208624 249
0.1662945 0.6232914 251
0.1664008 0.6257038 251
0.1665072 0.6280995 251
0.1666135 0.6304788 249
0.1667198 0.6328413 249
0.1668261 0.6351874 249
0.1669325 0.6375169 249
0.1670388 0.6398298 249
0.1671451 0.6421261 249
0.1672514 0.6444059 249
0.1673578 0.6466690 251
0.1674641 0.6489156 251
0.1675704 0.6511455 251
0.1676768 0.6533590 249
0.1677831 0.6555558 249
0.1678894 0.6577361 249
0.1679957 0.6598998 249
0.1681021 0.6620470 249
0.1682084 0.6641774 249
0.1683147 0.6662913 249
0.1684211 0.6683887 251
0.1685274 0.6704695 251
0.1686337 0.6725336 251
0.1687400 0.6745813 249
0.1688464 0.6766123 249
0.1689527 0.6786268 249
0.1690591 0.6806247 249
0.1691654 0.6826059 249
0.1692717 0.6845707 249
0.1693780 0.6865188 249
0.1694843 0.6884504 251
0.1695907 0.6903654 251
0.1696970 0.6922638 251
0.1698033 0.6941456 249
0.1699096 0.6960108 249
0.1700160 0.6978595 249
0.1701223 0.6996916 249
0.1702286 0.7015072 249
0.1703349 0.7033060 249
0.1704413 0.7050883 249
0.1705476 0.7068540 251
0.1706539 0.7086033 251
0.1707603 0.7103358 251
0.1708666 0.7120519 249
0.1709729 0.7137514 249
0.1710792 0.7154341 249
0.1711856 0.7171004 249
0.1712919 0.7187502 249
0.1713982 0.7203832 249
0.1715045 0.7219998 249
0.1716108 0.7235999 251
0.1717172 0.7251831 251
0.1718235 0.7267500 251
0.1719298 0.7283002 249
0.1720362 0.7298338 249
0.1721425 0.7313510 249
0.1722488 0.7328514 249
0.1723552 0.7343354 249
0.1724614 0.7358026 249
0.1725678 0.7372534 249
0.1726741 0.7386876 251
0.1727804 0.7401051 251
0.1728868 0.7415062 251
0.1729931 0.7428905 249
0.1730994 0.7442583 249
0.1732057 0.7456097 249
0.1733121 0.7469442 249
0.1734184 0.7482625 249
0.1735247 0.7495640 249
0.1736310 0.7508488 249
0.1737374 0.7521172 251
0.1738437 0.7533689 251
0.1739500 0.7546042 251
0.1740563 0.7558228 249
0.1741627 0.7570248 249
0.1742690 0.7582104 249
0.1743753 0.7593792 249
0.1744817 0.7605315 249
0.1745880 0.7616673 249
0.1746943 0.7627864 249
0.1748006 0.7638889 251
0.1749070 0.7649750 251
0.1750133 0.7660443 251
0.1751196 0.7670972 249
0.1752259 0.7681333 249
0.1753323 0.7691531 249
0.1754386 0.7701561 249
0.1755449 0.7711427 249
0.1756512 0.7721127 249
0.1757576 0.7730660 249
0.1758639 0.7740026 251
0.1759702 0.7749229 251
0.1760766 0.7758265 251
0.1761829 0.7767136 249
0.1762892 0.7775840 249
0.1763955 0.7784378 249
0.1765019 0.7792751 249
0.1766082 0.7800959 249
0.1767145 0.7809001 249
0.1768208 0.7816876 249
0.1769272 0.7824585 251
0.1770335 0.7832128 251
0.1771398 0.7839506 251
0.1772462 0.7846718 249
0.1773525 0.7853766 249
0.1774588 0.7860646 249
0.1775652 0.7867361 249
0.1776714 0.7873910 249
0.1777778 0.7880293 249
0.1778841 0.7886510 249
0.1779905 0.7892563 251
0.1780968 0.7898448 251
0.1782031 0.7904168 251
0.1783094 0.7909723 249
0.1784158 0.7915111 249
0.1785221 0.7920334 249
0.1786284 0.7925391 249
0.1787347 0.7930282 249
0.1788410 0.7935007 249
0.1789474 0.7939566 249
0.1790537 0.7943960 251
0.1791600 0.7948188 251
0.1792663 0.7952250 251
0.1793727 0.7956147 249
0.1794790 0.7959877 249
0.1795854 0.7963442 249
0.1796917 0.7966841 249
0.1797980 0.7970074 249
0.1799043 0.7973141 249
0.1800106 0.7976041 249
0.1801170 0.7978778 251
0.1802233 0.7981349 251
0.1803296 0.7983752 251
0.1804359 0.7985991 249
0.1805423 0.7988063 249
0.1806486 0.7989970 249
0.1807549 0.7991710 8
0.1808612 0.7993285 8
0.1809676 0.7994694 8
0.1810739 0.7995937 8
0.1811803 0.7997015 8
0.1812866 0.7997928 8
0.1813929 0.7998673 8
0.1814992 0.7999254 8
0.1816055 0.7999669 8
0.1817119 0.7999917 8
0.1818182 0.8000000 8
0.1819245 0.7999918 8
0.1820308 0.7999672 8
0.1821372 0.7999262 8
0.1822435 0.7998690 8
0.1823498 0.7997952 8
0.1824561 0.7997051 8
0.1825625 0.7995985 8
0.1826688 0.7994757 8
0.1827751 0.7993364 8
0.1828815 0.7991806 8
0.1829878 0.7990085 8
0.1830941 0.7988201 8
0.1832004 0.7986153 8
0.1833068 0.7983941 8
0.1834131 0.7981566 8
0.1835194 0.7979025 8
0.1836257 0.7976322 8
0.1837320 0.7973453 8
0.1838384 0.7970423 8
0.1839447 0.7967226 8
0.1840510 0.7963868 8
0.1841574 0.7960344 8
0.1842637 0.7956658 8
0.1843700 0.7952806 8
0.1844764 0.7948791 8
0.1845826 0.7944613 8
0.1846890 0.7940271 8
0.1847953 0.7935764 8
0.1849016 0.7931095 8
0.1850080 0.7926260 8
0.1851143 0.7921262 8
0.1852206 0.7916101 8
0.1853269 0.7910776 8
0.1854333 0.7905285 8
0.1855396 0.7899633 8
0.1856459 0.7893816 8
0.1857522 0.7887835 8
0.1858586 0.7881690 8
0.1859649 0.7875380 8
0.1860712 0.7868908 8
0.1861775 0.7862270 8
0.1862839 0.7855471 8
0.1863902 0.7848507 8
0.1864965 0.7841378 8
0.1866029 0.7834086 8
0.1867092 0.7826629 8
0.1868155 0.7819011 8
0.1869219 0.7811227 8
0.1870282 0.7803279 8
0.1871345 0.7795168 8
0.1872409 0.7786893 8
0.1873472 0.7778454 8
0.1874535 0.7769851 8
0.1875599 0.7761083 8
0.1876661 0.7752153 8
0.1877725 0.7743059 8
0.1878788 0.7733801 8
0.1879851 0.7724379 8
0.1880915 0.7714792 8
0.1881978 0.7705042 8
0.1883041 0.7695128 8
0.1884104 0.7685052 8
0.1885168 0.7674809 8
0.1886231 0.7664405 8
0.1887294 0.7653833 8
0.1888357 0.7643101 8
0.1889421 0.7632204 8
0.1890484 0.7621143 8
0.1891547 0.7609919 8
0.1892610 0.7598529 8
0.1893674 0.7586977 8
0.1894737 0.7575260 8
0.1895800 0.7563381 8
0.1896864 0.7551337 8
0.1897926 0.7539127 8
0.1898990 0.7526756 8
0.1900053 0.7514220 8
0.1901117 0.7501521 8
0.1902180 0.7488657 8
0.1903243 0.7475629 8
0.1904306 0.7462439 8
0.1905370 0.7449084 8
0.1906433 0.7435566 8
0.1907496 0.7421883 8
0.1908559 0.7408035 8
0.1909622 0.7394025 8
0.1910686 0.7379851 8
0.1911749 0.7365513 8
0.1912812 0.7351010 8
0.1913875 0.7336345 8
0.1914939 0.7321514 8
0.1916002 0.7306520 8
0.1917066 0.7291363 8
0.1918129 0.7276042 8
0.1919192 0.7260557 8
0.1920255 0.7244907 8
0.1921318 0.7229094 8
0.1922382 0.7213117 8
0.1923445 0.7196977 8
0.1924508 0.7180672 8
0.1925571 0.7164204 8
0.1926635 0.7147571 8
0.1927698 0.7130776 8
0.1928761 0.7113815 8
0.1929825 0.7096692 8
0.1930888 0.7079403 8
0.1931951 0.7061952 8
0.1933015 0.7044336 8
0.1934078 0.7026556 8
0.1935141 0.7008614 8
0.1936204 0.6990505 8
0.1937267 0.6972235 8
0.1938331 0.6953800 8
0.1939394 0.6935201 8
0.1940457 0.6916439 8
0.1941520 0.6897512 8
0.1942584 0.6878422 8
0.1943647 0.6859168 8
0.1944710 0.6839749 8
0.1945773 0.6820168 8
0.1946837 0.6800422 8
0.1947900 0.6780512 8
0.1948963 0.6760439 8
0.1950027 0.6740202 8
0.1951090 0.6719800 8
0.1952153 0.6699235 8
0.1953217 0.6678506 8
0.1954280 0.6657613 8
0.1955343 0.6636557 8
0.1956406 0.6615335 8
0.1957470 0.6593952 8
0.1958533 0.6572403 8
0.1959596 0.6550691 8
0.1960659 0.6528814 8
0.1961723 0.6506775 8
0.1962786 0.6484571 8
0.1963849 0.6462204 8
0.1964913 0.6439672 8
0.1965976 0.6416977 8
0.1967039 0.6394117 8
0.1968102 0.6371093 8
0.1969166 0.6347907 8
0.1970229 0.6324556 8
0.1971292 0.6301041 8
0.1972355 0.6277363 8
0.1973418 0.6253521 8
0.1974482 0.6229514 8
0.1975545 0.6205345 8
0.1976608 0.6181011 8
0.1977672 0.6156512 8
0.1978735 0.6131850 8
0.1979798 0.6107026 8
0.1980862 0.6082035 8
0.1981924 0.6056882 8
0.1982988 0.6031565 8
0.1984051 0.6006084 8
0.1985114 0.5980439 8
0.1986178 0.5954630 8
0.1987241 0.5928658 8
0.1988304 0.5902521 8
0.1989367 0.5876221 0
0.1990431 0.5849757 0
0.1991494 0.5823128 0
0.1992557 0.5796335 0
0.1993621 0.5769380 0
0.1994684 0.5742260 0
0.1995747 0.5714976 0
0.1996811 0.5687528 0
0.1997873 0.5659918 0
0.1998937 0.5632142 0
0.2000000 0.5604203 0
0.2000000 0.5576252 0
0.2000000 0.5548301 0
0.2000000 0.5520349 0
0.2000000 0.5492398 0
0.2000000 0.5464448 0
0.2000000 0.5436497 0
0.2000000 0.5408545 0
0.2000000 0.5380594 0
0.2000000 0.5352643 0
0.2000000 0.5324692 0
0.2000000 0.5296741 0
0.2000000 0.5268789 0
0.2000000 0.5240838 0
0.2000000 0.5212888 0
0.2000000 0.5184937 0
0.2000000 0.5156985 0
0.2000000 0.5129034 0
0.2000000 0.5101083 0
0.2000000 0.5073132 0
0.2000000 0.5045181 0
0.2000000 0.5017229 0
0.2000000 0.4989278 0
0.2000000 0.4961328 0
0.2000000 0.4933377 0
0.2000000 0.4905425 0
0.2000000 0.4877474 0
0.2000000 0.4849523 0
0.2000000 0.4821572 0
0.2000000 0.4793621 0
0.2000000 0.4765669 0
0.2000000 0.4737718 0
0.2000000 0.4709767 0
0.2000000 0.4681817 0
0.2000000 0.4653865 0
0.2000000 0.4625914 0
0.2000000 0.4597962 0
0.2000000 0.4570011 0
0.2000000 0.4542060 0
0.2000000 0.4514108 0
0.2000000 0.4486157 0
0.2000000 0.4458206 0
0.2000000 0.4430255 0
0.2000000 0.4402304 0
0.2000000 0.4374353 0
0.2000000 0.4346402 0
0.2000000 0.4318451 0
0.2000000 0.4290500 0
0.2000000 0.4262548 0
0.2000000 0.4234597 0
0.2000000 0.4206646 0
0.2000000 0.4178695 0
0.2000000 0.4150744 0
0.2000000 0.4122793 0
0.2000000 0.4094842 0
0.2000000 0.4066891 0
0.2000000 0.4038940 0
0.2000000 0.4010988 0
0.2000000 0.3983037 0
0.2000000 0.3955086 0
0.2000000 0.3927135 0
0.2000000 0.3899184 0
0.2000000 0.3871232 0
0.2000000 0.3843282 0
0.2000000 0.3815331 0
0.2000000 0.3787380 0
0.2000000 0.3759428 0
0.2000000 0.3731477 0
0.2000000 0.3703526 0
0.2000000 0.3675575 0
0.2000000 0.3647624 0
0.2000000 0.3619671 0
0.2000000 0.3591722 0
0.2000000 0.3563771 0
0.2000000 0.3535820 0
0.2000000 0.3507867 0
0.2000000 0.3479916 0
0.2000000 0.3451965 0
0.2000000 0.3424016 0
0.2000000 0.3396063 0
0.2000000 0.3368111 0
0.2000000 0.3340161 0
0.2000000 0.3312210 0
0.2000000 0.3284259 0
0.2000000 0.3256307 0
0.2000000 0.3228356 0
0.2000000 0.3200405 0
0.2000000 0.3172455 0
0.2000000 0.3144503 0
0.2000000 0.3116551 0
0.2000000 0.3088601 0
0.2000000 0.3060650 0
0.2000000 0.3032699 0
0.2000000 0.3004747 0
0.2000000 0.2976796 0
0.2000000 0.2948845 0
0.2000000 0.2920895 0
0.2000000 0.2892943 0
0.2000000 0.2864991 0
0.2000000 0.2837041 0
0.2000000 0.2809090 0
0.2000000 0.2781139 0
0.2000000 0.2753187 0
0.2000000 0.2725236 0
0.2000000 0.2697285 0
0.2000000 0.2669335 0
0.2000000 0.2641383 0
0.2000000 0.2613431 0
0.2000000 0.2585481 0
0.2000000 0.2557530 0
0.2000000 0.2529579 0
0.2000000 0.2501627 0
0.2000000 0.2473676 0
0.2000000 0.2445725 0
0.2000000 0.2417775 0
0.2000000 0.2389823 0
0.2000000 0.2361870 0
0.2000000 0.2333919 0
0.2000000 0.2305970 0
0.2000000 0.2278017 0
0.2000000 0.2250066 0
0.2000000 0.2222115 0
0.2000000 0.2194164 0
0.2000000 0.2166215 0
0.2000000 0.2138262 0
0.2000000 0.2110310 0
0.2000000 0.2082359 0
0.2000000 0.2054409 0
0.2000000 0.2026457 0
0.2000000 0.1998507 0
0.2000000 0.1970555 0
0.2000000 0.1942604 0
0.2000000 0.1914653 0
0.2000000 0.1886702 0
0.2000000 0.1858751 0
0.2000000 0.1830799 0
0.2000000 0.1802849 0
0.2000000 0.1774896 0
0.2000000 0.1746947 0
0.2000000 0.1718995 0
0.2000000 0.1691044 0
0.2000000 0.1663092 0
0.2000000 0.1635141 0
0.2000000 0.1607190 0
0.2000000 0.1579239 0
0.2000000 0.1551288 0
0.2000000 0.1523336 0
0.2000000 0.1495385 0
0.2000000 0.1467435 0
0.2000000 0.1439484 0
0.2000000 0.1411532 0
0.2000000 0.1383581 0
0.2000000 0.1355630 0
0.2000000 0.1327679 0
0.2000000 0.1299728 0
0.2000000 0.1271776 0
0.2000000 0.1243826 0
0.2000000 0.1215875 0
0.2000000 0.1187924 0
0.2000000 0.1159972 0
0.2000000 0.1132021 0
0.2000000 0.1104070 241
0.2000000 0.1076118 241
0.2000000 0.1048168 241
0.2000000 0.1020216 241
0.2000000 0.0992266 243
0.2000000 0.0964314 243
0.2000000 0.0936363 243
0.2000000 0.0908412 241
0.2000000 0.0880461 241
0.2000000 0.0852510 241
0.2000000 0.0824558 241
0.2000000 0.0796608 241
0.2000000 0.0768656 241
0.2000000 0.0740706 241
0.2000000 0.0712754 243
0.2000000 0.0684803 243
0.2000000 0.0656852 243
0.2000000 0.0628901 241
0.2000000 0.0600950 241
0.2000000 0.0572998 241
0.2000000 0.0545048 241
0.2000000 0.0517095 241
0.2000000 0.0489146 241
0.2000000 0.0461194 241
0.2000000 0.0433243 243
0.2000000 0.0405291 243
0.2000000 0.0377340 243
0.2000000 0.0349389 241
0.2000000 0.0321438 241
0.2000000 0.0293487 241
0.2000000 0.0265535 241
0.2000000 0.0237585 241
0.2000000 0.0209634 241
0.2000000 0.0181683 241
0.2000000 0.0153731 243
0.2000000 0.0125780 243
0.2000000 0.0097829 243
0.2000000 0.0069878 241
0.2000000 0.0041927 241
0.2000000 0.0013975 241
0.2000000 -0.0013976 241
0.2000000 -0.0041927 241
0.2000000 -0.0069878 241
0.2000000 -0.0097829 241
0.2000000 -0.0125780 243
0.2000000 -0.0153731 243
0.2000000 -0.0181683 243
0.2000000 -0.0209633 241
0.2000000 -0.0237585 241
0.2000000 -0.0265536 241
0.2000000 -0.0293487 241
0.2000000 -0.0321438 241
0.2000000 -0.0349389 241
0.2000000 -0.0377340 241
0.2000000 -0.0405291 243
0.2000000 -0.0433243 243
0.2000000 -0.0461193 243
0.2000000 -0.0489146 241
0.2000000 -0.0517096 241
0.2000000 -0.0545048 241
0.2000000 -0.0572998 241
0.2000000 -0.0600950 241
0.2000000 -0.0628901 241
0.2000000 -0.0656852 241
0.2000000 -0.0684803 243
0.2000000 -0.0712754 243
0.2000000 -0.0740706 243
0.2000000 -0.0768656 241
0.2000000 -0.0796608 241
0.2000000 -0.0824559 241
0.2000000 -0.0852510 241
0.2000000 -0.0880461 241
0.2000000 -0.0908412 241
0.2000000 -0.0936363 241
0.2000000 -0.0964314 243
0.2000000 -0.0992266 243
0.2000000 -0.1020216 243
0.2000000 -0.1048168 241
0.2000000 -0.1076119 241
0.2000000 -0.1104070 241
0.2000000 -0.1132021 241
0.2000000 -0.1159972 241
0.2000000 -0.1187924 241
0.2000000 -0.1215874 241
0.2000000 -0.1243826 243
0.2000000 -0.1271777 243
0.2000000 -0.1299728 243
0.2000000 -0.1327679 241
0.2000000 -0.1355630 241
0.2000000 -0.1383581 241
0.2000000 -0.1411532 241
0.2000000 -0.1439484 241
0.2000000 -0.1467434 241
0.2000000 -0.1495386 241
0.2000000 -0.1523337 243
0.2000000 -0.1551288 243
0.2000000 -0.1579239 243
0.2000000 -0.1607190 241
0.2000000 -0.1635141 241
0.2000000 -0.1663092 241
0.2000000 -0.1691044 241
0.2000000 -0.1718994 241
0.2000000 -0.1746947 241
0.2000000 -0.1774897 241
0.2000000 -0.1802849 243
0.2000000 -0.1830800 243
0.2000000 -0.1858751 243
0.2000000 -0.1886702 241
0.2000000 -0.1914653 241
0.2000000 -0.1942604 241
0.2000000 -0.1970555 241
0.2000000 -0.1998507 241
0.2000000 -0.2026457 241
0.2000000 -0.2054409 241
0.2000000 -0.2082360 243
0.2000000 -0.2110311 243
0.2000000 -0.2138262 243
0.2000000 -0.2166213 241
0.2000000 -0.2194164 241
0.2000000 -0.2222115 241
0.2000000 -0.2250067 241
0.2000000 -0.2278017 241
0.2000000 -0.2305969 241
0.2000000 -0.2333920 241
0.2000000 -0.2361872 243
0.2000000 -0.2389823 243
0.2000000 -0.2417773 243
0.2000000 -0.2445725 241
0.2000000 -0.2473676 241
0.2000000 -0.2501627 241
0.2000000 -0.2529578 241
0.2000000 -0.2557529 241
0.2000000 -0.2585481 241
0.2000000 -0.2613432 241
0.2000000 -0.2641382 243
0.2000000 -0.2669333 243
0.2000000 -0.2697285 243
0.2000000 -0.2725236 241
0.2000000 -0.2753187 241
0.2000000 -0.2781138 241
0.2000000 -0.2809089 241
0.2000000 -0.2837041 241
0.2000000 -0.2864991 241
0.2000000 -0.2892942 241
0.2000000 -0.2920893 243
0.2000000 -0.2948845 243
0.2000000 -0.2976796 243
0.2000000 -0.3004747 241
0.2000000 -0.3032699 241
0.2000000 -0.3060650 241
0.2000000 -0.3088601 241
0.2000000 -0.3116551 241
0.2000000 -0.3144503 241
0.2000000 -0.3172454 241
0.2000000 -0.3200405 243
0.2000000 -0.3228357 243
0.2000000 -0.3256308 243
0.2000000 -0.3284259 241
0.2000000 -0.3312210 241
0.2000000 -0.3340161 241
0.2000000 -0.3368112 241
0.2000000 -0.3396064 241
0.2000000 -0.3424014 241
0.2000000 -0.3451965 241
0.2000000 -0.3479917 243
0.2000000 -0.3507868 243
0.2000000 -0.3535819 243
0.2000000 -0.3563770 241
0.2000000 -0.3591722 241
0.2000000 -0.3619672 241
0.2000000 -0.3647624 241
0.2000000 -0.3675574 241
0.2000000 -0.3703526 241
0.2000000 -0.3731477 241
0.2000000 -0.3759428 243
0.2000000 -0.3787379 243
0.2000000 -0.3815331 243
0.2000000 -0.3843282 241
0.2000000 -0.3871232 241
0.2000000 -0.3899184 241
0.2000000 -0.3927135 241
0.2000000 -0.3955086 241
0.2000000 -0.3983037 241
0.2000000 -0.4010988 241
0.2000000 -0.4038939 243
0.2000000 -0.4066891 243
0.2000000 -0.4094842 243
0.2000000 -0.4122792 241
0.2000000 -0.4150744 241
0.2000000 -0.4178695 241
0.2000000 -0.4206646 241
0.2000000 -0.4234597 241
0.2000000 -0.4262548 241
0.2000000 -0.4290500 241
0.2000000 -0.4318451 243
0.2000000 -0.4346402 243
0.2000000 -0.4374352 243
0.2000000 -0.4402305 241
0.2000000 -0.4430255 241
0.2000000 -0.4458207 241
0.2000000 -0.4486158 241
0.2000000 -0.4514109 241
0.2000000 -0.4542060 241
0.2000000 -0.4570011 241
0.2000000 -0.4597962 243
0.2000000 -0.4625913 243
0.2000000 -0.4653865 243
0.2000000 -0.4681815 241
0.2000000 -0.4709767 241
0.2000000 -0.4737718 241
0.2000000 -0.4765669 241
0.2000000 -0.4793620 241
0.2000000 -0.4821571 241
0.2000000 -0.4849523 241
0.2000000 -0.4877473 243
0.2000000 -0.4905425 243
0.2000000 -0.4933375 243
0.2000000 -0.4961328 241
0.2000000 -0.4989278 241
0.2000000 -0.5017229 241
0.2000000 -0.5045180 241
0.2000000 -0.5073131 241
0.2000000 -0.5101083 241
0.2000000 -0.5129035 241
0.2000000 -0.5156986 243
0.2000000 -0.5184935 243
0.2000000 -0.5212888 243
0.2000000 -0.5240839 241
0.2000000 -0.5268791 241
0.2000000 -0.5296741 241
0.2000000 -0.5324692 241
0.2000000 -0.5352643 241
0.2000000 -0.5380595 241
0.2000000 -0.5408546 241
0.2000000 -0.5436496 243
0.2000000 -0.5464448 243
0.2000000 -0.5492399 243
0.2000000 -0.5520350 241
0.2000000 -0.5548301 241
0.2000000 -0.5576252 241
0.2000000 -0.5604203 241
0.2000000 -0.5632306 241
0.2000000 -0.5660244 241
0.2000000 -0.5688015 241
0.2000000 -0.5715620 243
0.2000000 -0.5743060 243
0.2000000 -0.5770334 243
0.2000000 -0.5797442 241
0.2000000 -0.5824384 241
0.2000000 -0.5851161 241
0.2000000 -0.5877772 241
0.2000000 -0.5904217 241
0.2000000 -0.5930496 241
0.2000000 -0.5956609 241
0.2000000 -0.5982557 243
0.2000000 -0.6008338 243
0.2000000 -0.6033955 243
0.2000000 -0.6059405 241
0.2000000 -0.6084689 241
0.2000000 -0.6109807 241
0.2000000 -0.6134760 241
0.2000000 -0.6159548 241
0.2000000 -0.6184168 241
0.2000000 -0.6208624 241
0.2000000 -0.6232914 243
0.2000000 -0.6257037 243
0.2000000 -0.6280995 243
0.2000000 -0.6304787 241
0.2000000 -0.6328413 241
0.2000000 -0.6351874 241
0.2000000 -0.6375169 241
0.2000000 -0.6398298 241
0.2000000 -0.6421261 241
0.2000000 -0.6444058 241
0.2000000 -0.6466690 243
0.2000000 -0.6489156 243
0.2000000 -0.6511456 243
0.2000000 -0.6533591 241
0.2000000 -0.6555558 241
0.2000000 -0.6577361 241
0.2000000 -0.6598998 241
0.2000000 -0.6620469 241
0.2000000 -0.6641774 241
0.2000000 -0.6662914 241
0.2000000 -0.6683887 243
0.2000000 -0.6704695 243
0.2000000 -0.6725336 243
0.2000000 -0.6745813 241
0.2000000 -0.6766123 241
0.2000000 -0.6786268 241
0.2000000 -0.6806247 241
0.2000000 -0.6826059 241
0.2000000 -0.6845707 241
0.2000000 -0.6865188 241
0.2000000 -0.6884503 243
0.2000000 -0.6903654 243
0.2000000 -0.6922638 243
0.2000000 -0.6941456 241
0.2000000 -0.6960108 241
0.2000000 -0.6978595 241
0.2000000 -0.6996916 241
0.2000000 -0.7015071 241
0.2000000 -0.7033060 241
0.2000000 -0.7050883 241
0.2000000 -0.7068540 243
0.2000000 -0.7086033 243
0.2000000 -0.7103359 243
0.2000000 -0.7120519 241
0.2000000 -0.7137513 241
0.2000000 -0.7154342 241
0.2000000 -0.7171004 241
0.2000000 -0.7187502 241
0.2000000 -0.7203833 241
0.2000000 -0.7219998 241
0.2000000 -0.7235998 243
0.2000000 -0.7251832 243
0.2000000 -0.7267500 243
0.2000000 -0.7283002 241
0.2000000 -0.7298338 241
0.2000000 -0.7313509 241
0.2000000 -0.7328514 241
0.2000000 -0.7343353 241
0.2000000 -0.7358026 241
0.2000000 -0.7372534 241
0.2000000 -0.7386875 243
0.2000000 -0.7401051 243
0.2000000 -0.7415061 243
0.2000000 -0.7428905 241
0.2000000 -0.7442583 241
0.2000000 -0.7456096 241
0.2000000 -0.7469443 241
0.2000000 -0.7482624 241
0.2000000 -0.7495639 241
0.2000000 -0.7508489 241
0.2000000 -0.7521173 243
0.2000000 -0.7533690 243
0.2000000 -0.7546042 243
0.2000000 -0.7558228 241
0.2000000 -0.7570249 241
0.2000000 -0.7582104 241
0.2000000 -0.7593792 241
0.2000000 -0.7605315 241
0.2000000 -0.7616673 241
0.2000000 -0.7627864 241
0.2000000 -0.7638890 243
0.2000000 -0.7649750 243
0.2000000 -0.7660443 243
0.2000000 -0.7670972 241
0.2000000 -0.7681334 241
0.2000000 -0.7691531 241
0.2000000 -0.7701561 241
0.2000000 -0.7711427 241
0.2000000 -0.7721126 241
0.2000000 -0.7730660 241
0.2000000 -0.7740027 243
0.2000000 -0.7749229 243
0.2000000 -0.7758265 243
0.2000000 -0.7767136 241
0.2000000 -0.7775840 241
0.2000000 -0.7784378 241
0.2000000 -0.7792751 241
0.2000000 -0.7800958 241
0.2000000 -0.7808999 241
0.2000000 -0.7816875 241
0.2000000 -0.7824585 243
0.2000000 -0.7832128 243
0.2000000 -0.7839506 243
0.2000000 -0.7846719 241
0.2000000 -0.7853765 241
0.2000000 -0.7860646 241
0.2000000 -0.7867361 241
0.2000000 -0.7873910 241
0.2000000 -0.7880293 241
0.2000000 -0.7886510 241
0.2000000 -0.7892563 243
0.2000000 -0.7898448 243
0.2000000 -0.7904168 243
0.2000000 -0.7909722 241
0.2000000 -0.7915111 241
0.2000000 -0.7920334 241
0.2000000 -0.7925391 241
0.2000000 -0.7930282 241
0.2000000 -0.7935007 241
0.2000000 -0.7939566 241
0.2000000 -0.7943960 243
0.2000000 -0.7948188 243
0.2000000 -0.7952250 243
0.2000000 -0.7956147 241
0.2000000 -0.7959877 241
0.2000000 -0.7963442 241
0.2000000 -0.7966840 241
0.2000000 -0.7970073 241
0.2000000 -0.7973141 241
0.2000000 -0.7976043 241
0.2000000 -0.7978778 243
0.2000000 -0.7981347 243
0.2000000 -0.7983752 243
0.2000000 -0.7985990 241
0.2000000 -0.7988063 241
0.2000000 -0.7989969 241
0.2000000 -0.7991710 0
0.2000000 -0.7993285 0
0.2000000 -0.7994694 0
0.2000000 -0.7995938 0
0.2000000 -0.7997016 0
0.2000000 -0.7997928 0
0.2000000 -0.7998673 0
0.2000000 -0.7999254 0
0.2000000 -0.7999669 0
0.2000000 -0.7999917 0
0.2000000 -0.7999917 0
0.1999993 -0.7999888 0
0.1999971 -0.7999801 0
0.1999935 -0.7999656 0
0.1999884 -0.7999452 0
0.1999819 -0.7999191 0
0.1999739 -0.7998871 0
0.1999644 -0.7998493 0
0.1999535 -0.7998057 0
0.1999411 -0.7997563 0
0.1999273 -0.7997011 0
0.1999121 -0.7996401 0
0.1998954 -0.7995732 0
0.1998772 -0.7995006 0
0.1998576 -0.7994221 0
0.1998365 -0.7993378 0
0.1998140 -0.7992477 0
0.1997900 -0.7991518 0
0.1997646 -0.7990501 0
0.1997377 -0.7989426 0
0.1997094 -0.7988293 0
0.1996796 -0.7987102 0
0.1996484 -0.7985852 0
0.1996157 -0.7984545 0
0.1995815 -0.7983178 0
0.1995459 -0.7981755 0
0.1995089 -0.7980272 0
0.1994704 -0.7978732 0
0.1994304 -0.7977133 0
0.1993890 -0.7975478 0
0.1993461 -0.7973762 0
0.1993018 -0.7971990 0
0.1992560 -0.7970158 0
0.1992088 -0.7968270 0
0.1991602 -0.7966322 0
0.1991100 -0.7964318 0
0.1990584 -0.7962255 0
0.1990054 -0.7960133 0
0.1989509 -0.7957953 0
0.1988950 -0.7955716 0
0.1988376 -0.7953420 0
0.1987787 -0.7951066 0
0.1987184 -0.7948654 0
0.1986566 -0.7946183 0
0.1985935 -0.7943655 0
0.1985288 -0.7941069 0
0.1984627 -0.7938424 0
0.1983951 -0.7935721 0
0.1983261 -0.7932961 0
0.1982556 -0.7930142 0
0.1981837 -0.7927265 0
0.1981103 -0.7924330 0
0.1980355 -0.7921336 0
0.1979592 -0.7918286 0
0.1978815 -0.7915176 0
0.1978023 -0.7912008 0
0.1977216 -0.7908782 0
0.1976395 -0.7905499 0
0.1975559 -0.7902157 0
0.1974709 -0.7898756 0
0.1973845 -0.7895299 0
0.1972966 -0.7891782 0
0.1972073 -0.7888207 0
0.1971164 -0.7884575 0
0.1970242 -0.7880884 0
0.1969304 -0.7877135 0
0.1968352 -0.7873328 0
0.1967386 -0.7869464 0
0.1966406 -0.7865540 0
0.1965410 -0.7861559 0
0.1964401 -0.7857519 0
0.1963376 -0.7853422 0
0.1962337 -0.7849266 0
0.1961284 -0.7845052 0
0.1960215 -0.7840780 0
0.1959133 -0.7836450 0
0.1958036 -0.7832062 0
0.1956924 -0.7827616 0
0.1955798 -0.7823111 0
0.1954658 -0.7818548 0
0.1953502 -0.7813928 0
0.1952333 -0.7809249 0
0.1951149 -0.7804512 0
0.1949949 -0.7799718 0
0.1948736 -0.7794864 0
0.1947509 -0.7789953 0
0.1946266 -0.7784984 0
0.1945009 -0.7779956 0
0.1943738 -0.7774870 0
0.1942452 -0.7769727 0
0.1941151 -0.7764525 0
0.1939836 -0.7759265 0
0.1938507 -0.7753947 0
0.1937163 -0.7748570 0
0.1935804 -0.7743136 0
0.1934431 -0.7737643 0
0.1933043 -0.7732093 0
0.1931641 -0.7726484 0
0.1930224 -0.7720817 0
0.1928793 -0.7715092 0
0.1927347 -0.7709309 0
0.1925886 -0.7703468 0
0.1924412 -0.7697569 0
0.1922923 -0.7691611 0
0.1921419 -0.7685596 0
0.1919900 -0.7679521 0
0.1918367 -0.7673389 0
0.1916820 -0.7667199 0
0.1915258 -0.7660952 0
0.1913681 -0.7654646 0
0.1912090 -0.7648281 0
0.1910484 -0.7641859 0
0.1908864 -0.7635378 0
0.1907230 -0.7628840 0
0.1905580 -0.7622243 0
0.1903917 -0.7615588 0
0.1902239 -0.7608875 0
0.1900546 -0.7602103 0
0.1898839 -0.7595274 0
0.1897116 -0.7588387 0
0.1895380 -0.7581441 0
0.1893629 -0.7574438 0
0.1891863 -0.7567376 0
0.1890083 -0.7560256 0
0.1888289 -0.7553078 0
0.1886480 -0.7545843 0
0.1884656 -0.7538548 0
0.1882818 -0.7531195 0
0.1880965 -0.7523785 0
0.1879099 -0.7516317 0
0.1877217 -0.7508789 0
0.1875321 -0.7501205 0
0.1873410 -0.7493562 0
0.1871484 -0.7485861 0
0.1869545 -0.7478101 0
0.1867590 -0.7470284 0
0.1865622 -0.7462408 0
0.1863638 -0.7454475 0
0.1861640 -0.7446483 0
0.1859628 -0.7438433 0
0.1857600 -0.7430326 0
0.1855559 -0.7422159 0
0.1853503 -0.7413935 0
0.1851432 -0.7405652 0
0.1849347 -0.7397313 0
0.1847248 -0.7388914 0
0.1845133 -0.7380457 0
0.1843005 -0.7371942 0
0.1840862 -0.7363369 0
0.1838703 -0.7354738 0
0.1836531 -0.7346049 0
0.1834344 -0.7337301 0
0.1832144 -0.7328496 0
0.1829927 -0.7319633 0
0.1827697 -0.7310711 0
0.1825452 -0.7301731 0
0.1823192 -0.7292694 0
0.1820918 -0.7283597 0
0.1818629 -0.7274444 0
0.1816327 -0.7265231 0
0.1814009 -0.7255960 0
0.1811677 -0.7246632 0
0.1809330 -0.7237245 0
0.1806969 -0.7227801 0
0.1804593 -0.7218298 0
0.1802203 -0.7208737 0
0.1799798 -0.7199118 0
0.1797379 -0.7189440 0
0.1794945 -0.7179706 0
0.1792497 -0.7169911 0
0.1790033 -0.7160060 0
0.1787556 -0.7150151 0
0.1785064 -0.7140182 0
0.1782558 -0.7130156 0
0.1780036 -0.7120072 0
0.1777500 -0.7109930 0
0.1774951 -0.7099730 0
0.1772386 -0.7089471 0
0.1769807 -0.7079155 0
0.1767213 -0.7068780 0
0.1764605 -0.7058347 0
0.1761983 -0.7047856 0
0.1759345 -0.7037307 0
0.1756693 -0.7026700 0
0.1754027 -0.7016034 0
0.1751346 -0.7005311 0
0.1748651 -0.6994529 0
0.1745940 -0.6983690 0
0.1743216 -0.6972792 0
0.1740477 -0.6961836 0
0.1737723 -0.6950822 0
0.1734956 -0.6939750 0
0.1732173 -0.6928620 0
0.1729376 -0.6917431 0
0.1726564 -0.6906185 0
0.1723738 -0.6894880 0
0.1720897 -0.6883518 0
0.1718042 -0.6872096 0
0.1715172 -0.6860617 0
0.1712288 -0.6849080 0
0.1709389 -0.6837485 0
0.1706475 -0.6825831 0
0.1703548 -0.6814120 0
0.1700605 -0.6802350 0
0.1697648 -0.6790523 0
0.1694677 -0.6778637 0
0.1691691 -0.6766693 0
0.1688690 -0.6754690 0
0.1685675 -0.6742630 0
0.1682646 -0.6730512 0
0.1679602 -0.6718336 0
0.1676543 -0.6706101 0
0.1673470 -0.6693808 0
0.1670382 -0.6681457 0
0.1667279 -0.6669048 0
0.1664163 -0.6656581 0
0.1661031 -0.6644056 0
0.1657885 -0.6631473 0
0.1654725 -0.6618831 0
0.1651550 -0.6606132 0
0.1648360 -0.6593374 0
0.1645157 -0.6580559 0
0.1641938 -0.6567684 0
0.1638705 -0.6554752 0
0.1635457 -0.6541762 0
0.1632195 -0.6528714 0
0.1628919 -0.6515607 0
0.1625628 -0.6502442 0
0.1622322 -0.6489220 0
0.1619002 -0.6475939 0
0.1615667 -0.6462601 0
0.1612318 -0.6449203 0
0.1608954 -0.6435748 0
0.1605576 -0.6422235 0
0.1602183 -0.6408664 0
0.1598775 -0.6395034 0
0.1595353 -0.6381346 0
0.1591917 -0.6367601 0
0.1588465 -0.6353797 0
0.1585000 -0.6339934 0
0.1581520 -0.6326014 0
0.1578025 -0.6312036 0
0.1574516 -0.6298000 0
0.1570993 -0.6283906 0
0.1567454 -0.6269752 0
0.1563902 -0.6255542 0
0.1560335 -0.6241273 0
0.1556752 -0.6226946 0
0.1553157 -0.6212562 0
0.1549546 -0.6198117 0
0.1545920 -0.6183616 0
0.1542280 -0.6169058 0
0.1538626 -0.6154439 0
0.1534957 -0.6139764 0
0.1531273 -0.6125030 0
0.1527575 -0.6110238 0
0.1523863 -0.6095389 0
0.1520136 -0.6080480 0
0.1516394 -0.6065513 0
0.1512638 -0.6050490 0
0.1508868 -0.6035406 0
0.1505082 -0.6020266 0
0.1501282 -0.6005067 0
0.1497468 -0.5989810 0
0.1493639 -0.5974495 0
0.1489796 -0.5959122 0
0.1485938 -0.5943691 0
0.1482066 -0.5928201 0
0.1478179 -0.5912653 0
0.1474277 -0.5897048 0
0.1470361 -0.5881384 0
0.1466431 -0.5865663 0
0.1462486 -0.5849882 0
0.1458526 -0.5834044 0
0.1454552 -0.5818148 0
0.1450564 -0.5802194 0
0.1446560 -0.5786182 0
0.1442542 -0.5770110 0
0.1438510 -0.5753981 0
0.1434464 -0.5737795 0
0.1430402 -0.5721550 0
0.1426326 -0.5705247 0
0.1422236 -0.5688885 0
0.1418131 -0.5672466 0
0.1414012 -0.5655988 0
0.1409878 -0.5639453 0
0.1405730 -0.5622860 0
0.1401566 -0.5606207 0
0.1397389 -0.5589498 0
0.1393197 -0.5572729 0
0.1388990 -0.5555903 0
0.1384769 -0.5539019 0
0.1380533 -0.5522076 0
0.1376283 -0.5505075 0
0.1372018 -0.5488017 0
0.1367739 -0.5470901 0
0.1363446 -0.5453725 0
0.1359137 -0.5436492 0
0.1354814 -0.5419201 0
0.1350477 -0.5401852 0
0.1346125 -0.5384444 0
0.1341759 -0.5366979 0
0.1337378 -0.5349455 0
0.1332982 -0.5331874 0
0.1328572 -0.5314234 0
0.1324147 -0.5296535 0
0.1319708 -0.5278779 0
0.1315255 -0.5260966 0
0.1310787 -0.5243093 0
0.1306304 -0.5225163 0
0.1301807 -0.5207174 0
0.1297295 -0.5189127 0
0.1292769 -0.5171022 0
0.1288228 -0.5152858 0
0.1283673 -0.5134638 0
0.1279103 -0.5116359 0
0.1274519 -0.5098021 0
0.1269920 -0.5079626 0
0.1265306 -0.5061172 0
0.1260678 -0.5042660 0
0.1256035 -0.5024091 0
0.1251379 -0.5005463 0
0.1246707 -0.4986776 0
0.1242021 -0.4968032 0
0.1237320 -0.4949230 0
0.1232605 -0.4930370 0
0.1227876 -0.4911451 0
0.1223131 -0.4892474 0
0.1218372 -0.4873439 0
0.1213599 -0.4854346 0
0.1208811 -0.4835195 0
0.1204009 -0.4815986 0
0.1199192 -0.4796719 0
0.1194360 -0.4777393 0
0.1189515 -0.4758010 0
0.1184654 -0.4738568 0
0.1179779 -0.4719068 0
0.1174890 -0.4699511 0
0.1169986 -0.4679894 0
0.1165067 -0.4660220 0
0.1160134 -0.4640488 0
0.1155186 -0.4620697 0
0.1150224 -0.4600849 0
0.1145247 -0.4580942 0
0.1140256 -0.4560977 0
0.1135250 -0.4540955 0
0.1130230 -0.4520874 0
0.1125196 -0.4500735 0
0.1120146 -0.4480537 0
0.1115082 -0.4460281 0
0.1110003 -0.4439968 0
0.1104911 -0.4419597 0
0.1099803 -0.4399167 0
0.1094681 -0.4378679 0
0.1089544 -0.4358133 0
0.1084394 -0.4337529 0
0.1079228 -0.4316867 0
0.1074048 -0.4296146 0
0.1068853 -0.4275368 0
0.1063644 -0.4254531 0
0.1058420 -0.4233637 0
0.1053182 -0.4212684 0
0.1047929 -0.4191673 0
0.1042662 -0.4170604 0
0.1037380 -0.4149476 0
0.1032084 -0.4128291 0
0.1026773 -0.4107048 0
0.1021447 -0.4085746 0
0.1016107 -0.4064386 0
0.1010752 -0.4042968 0
0.1005384 -0.4021493 0
0.1000000 -0.3999959 0
0.0994616 -0.3978424 0
0.0989247 -0.3956949 0
0.0983893 -0.3935531 0
0.0978553 -0.3914171 0
0.0973227 -0.3892870 0
0.0967916 -0.3871626 0
0.0962620 -0.3850441 0
0.0957338 -0.3829313 0
0.0952071 -0.3808245 0
0.0946818 -0.3787234 0
0.0941580 -0.3766280 0
0.0936356 -0.3745386 0
0.0931147 -0.3724549 0
0.0925953 -0.3703771 0
0.0920772 -0.3683050 0
0.0915606 -0.3662388 0
0.0910455 -0.3641785 0
0.0905319 -0.3621238 0
0.0900197 -0.3600750 0
0.0895089 -0.3580320 0
0.0889996 -0.3559949 0
0.0884918 -0.3539636 0
0.0879854 -0.3519380 0
0.0874805 -0.3499183 0
0.0869770 -0.3479044 0
0.0864750 -0.3458962 0
0.0859744 -0.3438940 0
0.0854753 -0.3418975 0
0.0849776 -0.3399068 0
0.0844814 -0.3379220 0
0.0839866 -0.3359430 0
0.0834933 -0.3339697 0
0.0830014 -0.3320023 0
0.0825110 -0.3300407 0
0.0820221 -0.3280849 0
0.0815346 -0.3261349 0
0.0810485 -0.3241908 0
0.0805639 -0.3222524 0
0.0800808 -0.3203199 0
0.0795991 -0.3183931 0
0.0791189 -0.3164721 0
0.0786401 -0.3145571 0
0.0781627 -0.3126478 0
0.0776869 -0.3107443 0
0.0772125 -0.3088467 0
0.0767395 -0.3069548 0
0.0762680 -0.3050687 0
0.0757979 -0.3031885 0
0.0753293 -0.3013141 0
0.0748622 -0.2994455 0
0.0743964 -0.2975827 0
0.0739322 -0.2957256 0
0.0734694 -0.2938745 0
0.0730080 -0.2920291 0
0.0725482 -0.2901896 0
0.0720897 -0.2883559 0
0.0716327 -0.2865279 0
0.0711772 -0.2847058 0
0.0707231 -0.2828895 0
0.0702705 -0.2810791 0
0.0698193 -0.2792743 0
0.0693696 -0.2774755 0
0.0689213 -0.2756824 0
0.0684745 -0.2738951 0
0.0680292 -0.2721138 0
0.0675852 -0.2703382 0
0.0671428 -0.2685683 0
0.0667018 -0.2668043 0
0.0662622 -0.2650462 0
0.0658241 -0.2632939 0
0.0653875 -0.2615473 0
0.0649523 -0.2598065 0
0.0645186 -0.2580716 0
0.0640863 -0.2563425 0
0.0636555 -0.2546192 0
0.0632261 -0.2529017 0
0.0627981 -0.2511900 0
0.0623717 -0.2494841 0
0.0619466 -0.2477840 0
0.0615231 -0.2460898 0
0.0611010 -0.2444014 0
0.0606803 -0.2427188 0
0.0602611 -0.2410420 0
0.0598434 -0.2393709 0
0.0594270 -0.2377058 0
0.0590122 -0.2360464 0
0.0585988 -0.2343928 0
0.0581869 -0.2327451 0
0.0577764 -0.2311031 0
0.0573673 -0.2294670 0
0.0569598 -0.2278367 0
0.0565536 -0.2262122 0
0.0561490 -0.2245935 0
0.0557457 -0.2229807 0
0.0553440 -0.2213736 0
0.0549436 -0.2197723 0
0.0545448 -0.2181770 0
0.0541474 -0.2165873 0
0.0537514 -0.2150035 0
0.0533569 -0.2134255 0
0.0529639 -0.2118533 0
0.0525723 -0.2102869 0
0.0521822 -0.2087263 0
0.0517934 -0.2071716 0
0.0514062 -0.2056227 0
0.0510204 -0.2040795 0
0.0506361 -0.2025422 0
0.0502532 -0.2010107 0
0.0498718 -0.1994850 0
0.0494918 -0.1979651 0
0.0491133 -0.1964511 0
0.0487362 -0.1949428 0
0.0483606 -0.1934403 0
0.0479864 -0.1919438 0
0.0476137 -0.1904529 0
0.0472425 -0.1889679 0
0.0468727 -0.1874887 0
0.0465043 -0.1860153 0
0.0461374 -0.1845478 0
0.0457720 -0.1830860 0
0.0454080 -0.1816300 0
0.0450455 -0.1801800 0
0.0446844 -0.1787356 0
0.0443247 -0.1772971 0
0.0439666 -0.1758643 0
0.0436098 -0.1744375 0
0.0432546 -0.1730164 0
0.0429007 -0.1716012 0
0.0425484 -0.1701917 0
0.0421975 -0.1687881 0
0.0418480 -0.1673902 0
0.0415000 -0.1659983 0
0.0411534 -0.1646120 0
0.0408083 -0.1632317 0
0.0404647 -0.1618571 0
0.0401225 -0.1604883 0
0.0397817 -0.1591253 0
0.0394424 -0.1577682 0
0.0391046 -0.1564169 0
0.0387682 -0.1550714 0
0.0384333 -0.1537316 0
0.0380999 -0.1523978 0
0.0377678 -0.1510697 0
0.0374372 -0.1497475 0
0.0371081 -0.1484309 0
0.0367805 -0.1471204 0
0.0364542 -0.1458155 0
0.0361295 -0.1445165 0
0.0358062 -0.1432233 0
0.0354843 -0.1419359 0
0.0351639 -0.1406543 0
0.0348450 -0.1393785 0
0.0345275 -0.1381086 0
0.0342115 -0.1368445 0
0.0338969 -0.1355861 0
0.0335837 -0.1343336 0
0.0332721 -0.1330869 0
0.0329618 -0.1318460 0
0.0326531 -0.1306109 0
0.0323457 -0.1293816 0
0.0320399 -0.1281582 0
0.0317355 -0.1269405 0
0.0314325 -0.1257287 0
0.0311310 -0.1245227 0
0.0308309 -0.1233224 0
0.0305323 -0.1221280 0
0.0302352 -0.1209395 0
0.0299395 -0.1197567 0
0.0296452 -0.1185797 0
0.0293525 -0.1174086 0
0.0290611 -0.1162432 0
0.0287712 -0.1150837 0
0.0284828 -0.1139300 0
0.0281958 -0.1127821 0
0.0279103 -0.1116400 0
0.0276262 -0.1105037 0
0.0273436 -0.1093732 0
0.0270624 -0.1082486 0
0.0267827 -0.1071298 0
0.0265045 -0.1060168 0
0.0262277 -0.1049095 0
0.0259523 -0.1038081 0
0.0256784 -0.1027125 0
0.0254059 -0.1016227 0
0.0251350 -0.1005388 0
0.0248654 -0.0994606 0
0.0245973 -0.0983883 0
0.0243307 -0.0973217 0
0.0240655 -0.0962610 0
0.0238018 -0.0952061 0
0.0235395 -0.0941570 0
0.0232787 -0.0931138 0
0.0230193 -0.0920762 0
0.0227614 -0.0910446 0
0.0225049 -0.0900187 0
0.0222499 -0.0889987 0
0.0219963 -0.0879845 0
0.0217443 -0.0869761 0
0.0214936 -0.0859735 0
0.0212444 -0.0849767 0
0.0209967 -0.0839857 0
0.0207503 -0.0830005 0
0.0205055 -0.0820212 0
0.0202621 -0.0810477 0
0.0200202 -0.0800800 0
0.0197797 -0.0791181 0
0.0195407 -0.0781620 0
0.0193031 -0.0772117 0
0.0190670 -0.0762671 0
0.0188323 -0.0753285 0
0.0185991 -0.0743957 0
0.0183674 -0.0734686 0
0.0181370 -0.0725474 0
0.0179082 -0.0716320 0
0.0176808 -0.0707224 0
0.0174548 -0.0698186 0
0.0172303 -0.0689206 0
0.0170073 -0.0680285 0
0.0167857 -0.0671421 0
0.0165655 -0.0662616 0
0.0163469 -0.0653868 0
0.0161296 -0.0645179 0
0.0159139 -0.0636548 0
0.0156995 -0.0627975 0
0.0154867 -0.0619460 0
0.0152752 -0.0611004 0
0.0150653 -0.0602605 0
0.0148568 -0.0594264 0
0.0146497 -0.0585982 0
0.0144441 -0.0577758 0
0.0142399 -0.0569592 0
0.0140373 -0.0561484 0
0.0138360 -0.0553434 0
0.0136362 -0.0545442 0
0.0134379 -0.0537509 0
0.0132410 -0.0529634 0
0.0130455 -0.0521816 0
0.0128515 -0.0514057 0
0.0126590 -0.0506355 0
0.0124680 -0.0498713 0
0.0122783 -0.0491127 0
0.0120901 -0.0483600 0
0.0119034 -0.0476133 0
0.0117182 -0.0468722 0
0.0115343 -0.0461370 0
0.0113520 -0.0454075 0
0.0111711 -0.0446839 0
0.0109916 -0.0439661 0
0.0108137 -0.0432541 0
0.0106371 -0.0425479 0
0.0104620 -0.0418476 0
0.0102884 -0.0411530 0
0.0101162 -0.0404643 0
0.0099455 -0.0397813 0
0.0097762 -0.0391042 0
0.0096083 -0.0384330 0
0.0094419 -0.0377674 0
0.0092770 -0.0371078 0
0.0091136 -0.0364538 0
0.0089516 -0.0358058 0
0.0087910 -0.0351635 0
0.0086319 -0.0345271 0
0.0084742 -0.0338966 0
0.0083180 -0.0332717 0
0.0081633 -0.0326527 0
0.0080100 -0.0320395 0
0.0078581 -0.0314322 0
0.0077077 -0.0308306 0
0.0075588 -0.0302349 0
0.0074113 -0.0296450 0
0.0072653 -0.0290608 0
0.0071207 -0.0284825 0
0.0069776 -0.0279100 0
0.0068359 -0.0273433 0
0.0066957 -0.0267824 0
0.0065569 -0.0262274 0
0.0064196 -0.0256781 0
0.0062837 -0.0251347 0
0.0061493 -0.0245970 0
0.0060164 -0.0240653 0
0.0058849 -0.0235392 0
0.0057548 -0.0230191 0
0.0056262 -0.0225047 0
0.0054991 -0.0219961 0
0.0053734 -0.0214934 0
0.0052492 -0.0209965 0
0.0051264 -0.0205053 0
0.0050051 -0.0200200 0
0.0048852 -0.0195405 0
0.0047667 -0.0190668 0
0.0046498 -0.0185989 0
0.0045343 -0.0181369 0
0.0044202 -0.0176806 0
0.0043076 -0.0172302 0
0.0041964 -0.0167855 0
0.0040867 -0.0163467 0
0.0039785 -0.0159137 0
0.0038717 -0.0154865 0
0.0037663 -0.0150651 0
0.0036624 -0.0146495 0
0.0035600 -0.0142398 0
0.0034590 -0.0138358 0
0.0033595 -0.0134377 0
0.0032614 -0.0130454 0
0.0031648 -0.0126589 0
0.0030696 -0.0122782 0
0.0029759 -0.0119033 0
0.0028836 -0.0115342 0
0.0027928 -0.0111710 0
0.0027034 -0.0108135 0
0.0026155 -0.0104619 0
0.0025290 -0.0101160 0
0.0024441 -0.0097761 0
0.0023605 -0.0094419 0
0.0022784 -0.0091135 0
0.0021977 -0.0087909 0
0.0021185 -0.0084741 0
0.0020408 -0.0081632 0
0.0019645 -0.0078580 0
0.0018897 -0.0075587 0
0.0018163 -0.0072652 0
0.0017444 -0.0069775 0
0.0016739 -0.0066956 0
0.0016049 -0.0064195 0
0.0015374 -0.0061493 0
0.0014712 -0.0058848 0
0.0014065 -0.0056261 0
0.0013433 -0.0053734 0
0.0012816 -0.0051264 0
0.0012213 -0.0048851 0
0.0011625 -0.0046498 0
0.0011051 -0.0044202 0
0.0010491 -0.0041964 0
0.0009946 -0.0039784 0
0.0009416 -0.0037663 0
0.0008900 -0.0035599 0
0.0008399 -0.0033594 0
0.0007912 -0.0031647 0
0.0007440 -0.0029758 0
0.0006982 -0.0027927 0
0.0006539 -0.0026155 0
0.0006110 -0.0024440 0
0.0005696 -0.0022784 0
0.0005296 -0.0021185 0
0.0004911 -0.0019645 0
0.0004541 -0.0018163 0
0.0004185 -0.0016739 0
0.0003843 -0.0015373 0
0.0003517 -0.0014066 0
0.0003204 -0.0012816 0
0.0002906 -0.0011624 0
0.0002623 -0.0010491 0
0.0002354 -0.0009416 0
0.0002100 -0.0008398 0
0.0001860 -0.0007440 0
0.0001635 -0.0006539 0
0.0001424 -0.0005696 0
0.0001228 -0.0004911 0
0.0001046 -0.0004185 0
0.0000879 -0.0003516 0
0.0000727 -0.0002906 0
0.0000588 -0.0002354 0
0.0000465 -0.0001860 0
0.0000356 -0.0001424 0
0.0000261 -0.0001046 0
0.0000182 -0.0000726 0
0.0000116 -0.0000465 0
0.0000065 -0.0000261 0
0.0000029 -0.0000116 0
0.0000007 -0.0000029 0
